Dates,tau1,tau2,beta0,beta1,beta2,beta3
2016-01-05,0.6041052844856678,11.44345909752463,9.746592301976861,-2.081393056209296,3.822660728950869,-1.3751570192328992
2016-01-06,0.6257640084721483,13.56318590279103,9.940734636859126,-2.2173789993543007,3.597162448009014,-1.8012506589316883
2016-01-04,0.5385681844353454,1.4703264259991313,9.199666257516064,-1.4132306354939925,3.399361234952616,1.4910994698270703
2016-01-11,0.32898233308339836,1.9585248124357486,9.760507299848452,-1.6613560357257886,4.246234205774746,1.361640692052784
2016-01-12,0.3684141818734253,2.151468225618557,9.967450611578416,-1.7170873075178692,4.207382287241085,0.9976683654267626
2016-01-13,0.2173330837232728,13.936906324237718,10.842884137673478,-3.0925341501266166,2.4621213520808265,-2.4671586558555596
2016-01-14,0.1779605160029055,12.747687990157129,10.961145413148191,-3.5141020503761236,1.6695693706267762,-2.266221755796364
2016-01-15,0.2948381617596839,1.7540880422526042,10.389915002370653,-2.539633103040221,2.720824813039566,1.0976771398289884
2016-01-18,0.4483834746018758,0.448383481883875,10.56912663193675,-2.2865354983590436,14.31307329584973,-11.079631255016714
2016-01-21,1.5526597296651947,0.40520263307337934,10.804423436612407,-2.843986034870147,2.333120271309813,4.564184288570937
2016-01-22,0.5807882362952114,27.90549733497599,10.477019929133299,-2.543735227053622,3.1624105641251985,-0.04616618808104564
2016-01-19,0.33424410132694016,13.630132632691224,10.697398414815352,-2.810082430255435,2.6361777828684585,-0.8225994661091036
2016-01-20,0.8398078762694756,0.3553261261314047,10.861719202311173,-2.7697500403124904,1.202110041342206,3.550873634287289
2016-01-25,0.2599917513632206,10.507946145966768,11.220630108030289,-3.4747037728287666,0.14391776990427396,-2.334946337180346
2016-01-26,28.647458238310623,1.1779320728590812,0.8539312188437507,7.437336197203296,17.43025531117247,6.636949948727727
2016-01-27,0.5810344973074213,0.581034472560997,10.184335221531612,-2.1351523441219404,-1.0889431843219683,4.322452048723491
2016-01-28,0.3707532118407968,10.96534359591773,10.43386219009131,-2.7874646756091632,2.0429159067618192,-1.2122851848974618
2016-01-29,0.37107015003076477,10.643176953035379,10.558428058003672,-2.799109386298819,1.849706240684156,-1.3883537204471588
2016-02-01,1.3032137911612973,0.38294168080813484,10.193790343111312,-2.3575395577939466,2.0732458191444825,3.761048779441881
2016-02-03,0.5913257526164627,12.570206195453968,10.795248528539673,-2.6772793258721155,1.7098774592941108,-1.7388714388265747
2016-02-02,0.7287529712824337,0.7287529751509241,10.3081097759374,-2.0592298035004504,41.47635778404519,-38.51890319336266
2016-02-04,0.27176050314184746,12.351148083006965,10.609996155968132,-2.745865920063261,0.703033886613097,-1.6802741173671463
2016-02-05,0.3518251333037512,1.739552550274809,10.007151061034666,-1.9501412830371114,1.4310542816963738,1.140142030204712
2016-02-09,0.7118945947691224,0.7118945940098286,10.283583976971892,-1.9555667661841252,-7.845064130907177,10.487682288802095
2016-02-08,0.29790988557227693,12.97721091938152,10.882635619441688,-2.855202384658157,-5.622675618196434e-07,-2.2705055644964878
2016-02-11,0.2927527367150484,1.653329359191627,10.098365895479038,-2.1391774400255583,0.7033401035609586,1.5203737995462374
2016-02-10,0.23037534389244238,12.085643834178835,10.760823958246462,-2.969038575085879,4.030893592453257e-07,-2.027652940504223
2016-02-12,0.22925782442561457,13.815665975020677,10.715382741536121,-2.77611861133637,-2.9723387174098393e-07,-1.7505844367436068
2016-02-17,0.12296098477354954,14.214324900327245,10.442151413055877,-2.947862981956312,-5.662544483393046e-07,-1.31903915212051
2016-02-16,0.26342582341555815,2.108868376081067,9.982185382985787,-2.225998249082936,1.491714542184369,1.2142639724220425
2016-02-15,0.2993891113789361,11.925599480974647,10.90789932471515,-2.890152043668917,3.7611335915255874e-07,-2.8128856228629164
2016-02-18,0.20140117804439667,11.095961484710843,10.535770145690465,-2.7442909380319342,7.232922398206026e-07,-2.213469484505215
2016-02-20,0.5819822752720654,0.5819822776503383,9.870430438171606,-1.835122927579948,-10.256081787258447,13.009924079943026
2016-02-19,0.2695813283236802,1.8182614667077064,9.837135638546837,-2.080893316326704,1.7790798632822802,0.8276040910072184
2016-02-22,0.2972636481368224,11.635883932731542,10.479313560555235,-2.45886153921456,8.564588381309327e-08,-2.1681470175257447
2016-02-24,0.06906340446405951,13.1579641419451,10.19003232476291,-3.525545959694987,1.3186925008809796e-06,-1.2955780662455272
2016-02-26,0.34124591148089856,0.3412459046579416,9.53373875008575,-0.7803806159243047,-1.900023477900434,3.7842543123080503
2016-02-25,0.1341618892598957,13.02830369311021,9.945760448319671,-2.6608753648225285,2.1835712482591836,-1.170466502972992
2016-02-29,0.6094181885262734,0.6094181893475767,9.512377008576633,-0.7278249424434525,-60.88179061990073,62.587711195599724
2016-03-01,280.7905427938872,1.2240592276760245,62.74249386797081,-53.750882516885945,-50.960944976491206,1.837679947858229
2016-03-02,0.2336719803091114,29.87710121960913,9.45564467540655,-1.1481642724926246,1.3752188650043835,-0.849639306524953
2016-03-04,0.6948795468394954,0.6948795461292807,9.13650567300056,-0.181840834233022,36.48853697195152,-35.58290862678737
2016-03-03,1643.0736885942356,853.8336016486571,-187.03585689629196,196.3302146200479,-1318.0148830020462,790.4210778850261
2016-03-07,537341.4702014511,349187.6128045475,72238.26817677611,-72228.93432471667,-297433.46344231174,139662.70981697226
2016-03-09,35.609340653926054,59.893845157834896,3.494120671195157,5.898019940375418,-8.88053821485705,21.248972505113606
2016-03-16,758717.3044919932,267651.5673351713,-104932.96209738663,104942.44043408762,-494792.27972677373,209368.1861185913
2016-03-11,124660.91401130123,123901.17471633152,-5994.931007761605,6004.298965552,-69650.95267084539,73735.92235846183
2016-03-14,498311.3638017437,176508.68913498113,-62866.19241106375,62875.64999960851,-284449.53019597277,121092.1013456907
2016-03-15,214.96654126305427,371.4134121411978,-81.56629993644347,91.06410538107542,48.11563766651295,75.82879244360444
2016-03-10,1366730.317994106,430690.51687590126,-81455.60321654784,81464.99458396711,-798449.4290236774,269224.10502731823
2016-03-21,8.176713743659828,8.362511109260922,8.153568165710055,1.3897840373264247,-86.85986520135413,87.5196464580051
2016-03-18,8.803897248877487,27.346309760857885,0.29762073318133975,9.104707767595617,0.30420244828248855,21.79434454465567
2016-03-22,3.4093920328026677,22.8788981245032,9.454565014690662,0.15391670038364713,-1.0455792798610928,-1.3980384436744604
2016-03-23,2.844533994085567,42.49357306065706,9.76280651325514,0.0497189894563312,-1.474010325953686,-2.3034192644243334
2016-03-24,1288248.7105235048,556723.9982082921,-186659.39447512123,186668.94275298066,-779286.4214361514,397597.902184405
2016-03-17,5.5039295233397745,27.99165674532625,16.68113147353558,-7.195856416675418,-4.920138292118059,-19.799694765685075
2016-03-25,8.095326231538149,25.669332242582392,-6.153641920540313,15.91136626745666,0.9563030280570524,38.83611932214452
2016-03-28,7.636086995045815,24.269726780294988,-0.4062836676502799,10.110037442824417,0.30654985541789703,24.31056143557236
2016-04-01,5.9308919335934736,20.984376088636402,-0.3814767763003376,10.347132253868676,0.29513147497310876,24.840734635916718
2016-03-29,0.2506662921498552,0.29695603014928795,9.154702733009927,0.32700195431528145,0.13686112941789808,1.5586059955381217
2016-03-30,5.301536219867483,19.841699675602534,2.204643024535426,7.660716922568067,0.15280374357051033,18.38404432424273
2016-03-31,885737.4315600892,589334.7792348173,3059.5385784545997,-3049.9016194363194,-655323.2241951169,396491.42665993073
2016-04-05,3.567527464666842,3.666989523755986,8.972455154403299,1.1503212895692014,-33.57340948716844,32.620769035577894
2016-04-04,6.918250899746354,7.416396031819884,8.35341142764889,1.6132986060677061,-28.026495867048652,27.93632076689152
2016-04-07,594718.2665795565,425884.2062259313,-226355.18896343012,226364.8613487227,-375872.550640914,413120.57937025826
2016-04-08,5.638380486521722,5.734832997551425,8.843607687725836,1.0924967455528192,-64.60805065488677,64.05088470870427
2016-04-06,6.524461662699588,2070806.154838434,7.130636605195331,2.796039236755376,0.010619011414873201,210012.78217973642
2016-04-14,192.49084157228145,3.310372072721723,17.504347428514873,-7.451840582729702,-17.28455742627291,-2.3091543928316214
2016-04-11,2.5570662281285115,7.157680611680702,9.068480000795981,0.8478832113522423,-0.7483343584916666,0.1456867543382656
2016-04-12,883201.507579446,432449.5280006055,-90941.4579013961,90951.04383227986,-508531.8060845765,273077.13244535227
2016-04-13,6.456570097316167,22.11271480525994,-0.4820750084527835,10.387220399684928,0.2988009676790211,25.28669189125939
2016-04-15,246931.1261525149,304325.0043579034,-69383.3313281326,69392.98486497792,-44898.424769934136,126073.64565166991
2016-04-18,1.0332145842259395,7.263130904277707,9.243955391541796,0.927269607319936,-0.38007776863104986,-0.31576333683318947
2016-04-19,1.3987500212668085,7.745600163177068,9.100592282355505,0.9497189349383708,-0.4643875991350136,-0.02633368027068758
2016-04-20,0.5547804903983541,6.844644960231269,9.167019035407808,0.9383535723661263,-5.94268670027173e-08,-0.45650533755803
2016-04-21,606753.3016815787,353942.39386074216,-33833.17256485192,33842.74437913786,-419003.88434893603,247880.28290277044
2016-04-26,704059.4478040928,380964.61201478646,-90599.48837203096,90609.15802172443,-374721.6361955392,233269.6505097505
2016-04-22,0.6232397689866975,0.6261379948267269,9.107242446004214,1.3373049074850538,-75.64870709106546,75.16431502459372
2016-04-25,4.4748747724559985,17.81502583210615,2.4584177475587285,7.569659797865582,0.20761846804059086,18.52065669691641
2016-04-27,123.69493826935653,2.8290386069445903,14.09537599990935,-3.9186971519303295,-12.110530829872589,-2.760721574864991
2016-04-29,3.4594886479344793,81.13767780339572,9.193882103171376,0.7648491477962676,-1.8108309585878546,-2.513732286111534
2016-05-04,0.36231001408915686,1.0981272735317327,8.760683613408606,1.2756300551579987,0.7630268728231312,1.0048646282125129
2016-04-28,599103.4810327915,355386.2261085548,-151324.810830258,151334.37283580878,-9605.280152107582,74718.8793005567
2016-05-05,816692.26064619,546273.9948383848,-348907.92481861677,348917.4063765175,-578759.0942779036,585207.6074915662
2016-05-06,7.6134507056710525,7.94435382844847,8.30233573263019,1.386896929762223,-30.214248662255166,29.864859042117715
2016-05-10,9.47273284245413,9.923867900662714,7.600771832220341,2.103874517172966,-48.664241936128235,49.53696997493812
2016-05-12,1540309.4331175946,935930.1372546569,-534963.3375779096,534972.6437160721,-865935.792065333,795294.7364217623
2016-05-13,20.410255901511263,11.892205795684943,5.63661911370289,3.9393171336841313,10.681202247008185,-7.781474710282758
2016-05-11,9.856271584448304,11.192292807182284,6.667842137147791,3.033007241633319,-28.251621733855316,30.589911635558067
2016-05-16,3.5666535462614606,20.772439203003554,0.5246095403207613,8.966127607687831,4.893290371298031,21.801044501823263
2016-05-17,1572974.3851725224,902938.4507018488,-270977.9484523816,270987.2940713208,-185389.85538542896,200632.35526992063
2016-05-18,1.6586054796553782,1.6815711352089893,8.518438387808441,1.0271937832713842,20.549430219938642,-19.677100169517516
2016-05-19,17.982779388904362,31.35580849969966,-4.828268577592476,14.450440758128446,-12.907774898443517,39.701691442362254
2016-05-20,4.778602446933082,24.00538472291773,-1.8482860798295873,11.459595496984658,5.049995465826436,27.50720305595891
2016-05-23,1.8771235018348924,20.31751166311965,8.095405697872584,1.415962147234815,1.5236903285504773,1.1544682361134364
2016-05-24,2.851643685535028,21.11599321210648,7.066865596628323,2.531775887472138,1.5359362045122626,3.925050536703699
2016-05-25,148.12875806768196,259.3925764364933,-19215.3601342143,19225.03061237993,-4156.386547182361,40868.4410918771
2016-05-26,8.930291718105167,34.972806438711714,-37.39289548076058,47.051594018178065,15.355448559410057,115.30848880962705
2016-05-27,6.030112755812807,6.301383073465585,8.446600516780965,1.338544181520673,-4.940356323216257,4.0463222852412075
2016-05-31,615027.6763037941,385738.17390751466,-53138.40222500029,53148.02662837906,-183876.11953891185,113101.03784566929
2016-06-01,1.80133436697936,563.7930790391244,8.658331473819786,1.534658635664417,-2.2773003741063734e-05,1.034197827126464
2016-05-30,5.280651454161386,23.23051776812455,5.369919855067922,4.487141660162515,0.1882762530464222,8.574506176649141
2016-06-02,0.4695784656362208,10.6795281543551,9.593047085593945,0.7260633398865326,-5.144736715325284e-09,-2.6234710458152923
2016-06-03,0.5002848471158249,11.746021508709424,9.470612363033009,1.0063561607426696,-0.011018271917448436,-2.726163055944108
2016-06-08,1.3567484199444197,13.684709910558778,8.786543707258499,1.4802846597563728,-6.29813235733664e-08,-1.7554964100475299
2016-06-06,0.6948768498737345,11.98647201517979,9.41000619234272,0.918765039881889,3.062601827101454e-08,-3.2307103393365844
2016-06-07,1.3219946841827124,1.3287933741472449,8.137531808791858,2.0937690496716543,-105.44427079125309,106.41721746988378
2016-06-09,1.3469073163393461,13.001742268520628,8.713123199674952,1.553255667343064,1.4971540462842888e-07,-1.2360821141281457
2016-06-10,6.6763115402705875,30.639265423123206,49.592986548523385,-39.54995739797015,-21.855816793787376,-107.0175127482511
2016-06-15,1.1430002577155554,9.219976803989749,8.592904301748543,1.8705258279306785,-1.0793697200993293e-07,-0.5449445599205898
2016-06-16,1.0204705789283783,10.708602213526586,8.849480393128903,1.5352129467876519,-1.8516615262636072e-07,-1.0665204208895955
2016-06-14,0.590397240837031,2.016764790288414,8.270812589169253,1.7661479440556287,1.1724553898912633,1.1973500629893223
2016-06-17,1.149031404205524,1.1523945355310214,8.403793153486774,2.2490851578261726,-68.297675370371,68.17096899424982
2016-06-20,1.1085572538505823,280390.0456789446,8.315494889850669,2.2171310236238493,-7.762564772249942e-05,360.88240979736656
2016-06-21,1.0845382925205027,4.710599842031556,8.329255164700829,2.036236326041257,0.45339102230046885,-0.11818244537166203
2016-06-22,1.200306076536017,13.639725361690648,8.00176900522112,2.2804357482125326,0.6830103273086954,0.782179550394861
2016-06-23,1.0217090327754896,13.51650164391684,8.114370636191873,2.655351989126287,-0.26021591785033144,0.7985090678020621
2016-06-27,2.7318360259414005,6.989318240307554,8.293230331509307,2.0593753263556955,-2.3418789009852614,0.7955697274013612
2016-06-24,672590.324427889,569455.944664598,-510011.363704577,510021.0288079998,-95381.37062675286,449032.9099303242
2016-06-29,5.144506547210966,5.2664295905393566,8.157125401690664,2.0442103133191036,-82.563519874534,80.15870424209726
2016-06-28,264566.5329318426,303895.30038414215,-168592.36296183272,168601.84158566318,-130924.83195550437,310385.67689675925
2016-06-30,5.736468814405233,5.891650346770176,7.965163778850334,2.241191223301975,-90.84879462827266,88.2809243071573
2016-07-01,2.444493594988111,20.61198696482544,5.805025381476421,4.502685133102415,-3.598116257456404e-07,7.456328084281495
2016-07-05,3.062393611453917,1072.23281112955,8.248154312868184,2.04936590824337,-2.334511308344436,25.070992703961835
2016-07-04,2.3683183458808577,23.720911015422942,6.309633861518171,3.9673635668840372,1.0684085696269472e-06,6.199383857389456
2016-07-06,1.672252787988881,5.799119252296935,8.900785373558158,1.293818219130655,6.438008670722475e-08,-2.5018331737354123
2016-07-07,6.504865277151499,26.41030833974038,-2.4062978758187152,12.382145648042876,0.37970600943875,29.132471495100326
2016-07-08,272993.149259122,620998.0342886066,-296139.7533933961,296149.1661861101,103343.01204058938,378491.23211426707
2016-07-11,1972680.5776825014,608219.7231596527,-728490.5318239055,728499.8988989076,-884742.6335864329,441579.0093095376
2016-07-14,1.1766542751890325,4.687518929588195,9.247794168105248,1.048351842651004,-0.19687147710969344,-3.2172665479619647
2016-07-12,3.268937672419694,25.060516065747635,5.1432687315795675,4.926843167245311,3.7722953676230107e-07,10.608069033233381
2016-07-13,2.648931083450159,31.300208753036443,6.514684758831876,3.5809989179030715,4.7680379527197104e-08,7.319115959497398
2016-07-15,1.2100293631473429,4.712986206069173,9.24314752953001,1.0414079838857924,-0.28805010059878533,-3.0223246786677995
2016-07-18,1.3902886173560602,4.388312176907948,9.280873202912177,1.0318135450301524,-0.602722639929547,-2.8039111903155525
2016-07-19,2.330779874991798,25.72785310859767,6.677995206035969,3.4415897601624614,9.044882458438234e-07,6.834929534779853
2016-07-20,1.2244215715594648,4.580372224489059,9.293906393841343,0.8568662588683991,-0.05638860473024273,-2.939266264376018
2016-07-22,0.9305374698215667,5.123095354715028,9.388455034189555,0.7737090490559777,4.5887494464821993e-08,-2.836260576999427
2016-07-21,2.735762977585294,46.79275511860486,7.9432389316810985,2.171948257190797,-1.414634850469459,4.181869872353319
2016-07-25,994153.4265738409,15.72352927749142,139028.3517393376,-139018.5173913305,6911.491002007466,-9.582513429253085
2016-07-26,2.0607389827160585,26.862666305345954,7.2968457959490305,2.7929389195091434,4.905843002128279e-07,5.467041063868177
2016-07-27,1.9727676900722537,31.392283436473498,7.455050340436445,2.6277953896188064,6.678376906406759e-07,4.915795704400777
2016-07-29,1.1906256882793127,157.60995631916225,7.893163635977778,2.1091931022074126,0.48368485110281084,9.353635054480602
2016-07-28,3.3878646770181113,3.3878646685115323,9.124658792286928,0.9228519330248177,43.546053164581096,-46.717375708853645
2016-08-01,1.7112154868922558,5.172529261303917,9.086735416267542,0.8461433514899347,3.057119789109769e-08,-2.716955622387518
2016-08-02,1.3092202677272575,5.871290860686818,9.128267090060188,0.8066737889098474,4.384334233721651e-08,-2.590373829928842
2016-08-03,8.509926733672273,24.3602059563037,0.31000238439961125,9.370555904454118,-3.750840215597867,23.62782190553913
2016-08-04,17.448480175355748,10.093942645542207,5.627783707061555,3.958554784580281,13.93970953067305,-11.180671100898586
2016-08-05,27.651011051471944,56.05008530513777,-299.37310512479706,308.8904986171319,-57.33938381023292,715.3244818284154
2016-08-08,4.007497043595115,24.224588586294562,-0.12604809900600109,9.67146748494504,3.671081828840114,24.13343154884044
2016-08-09,70.57753585614343,6.735057765665335,3.00132319617535,6.626837318301036,6.681874198389991,-4.63584458728851
2016-08-10,11.360656592924729,16.392654707342448,2.887082004756852,6.722430111194833,-24.333047561507748,33.917058087850606
2016-08-11,7.198490113349234,27.48898477484579,-5.94997554096237,15.574842311190505,0.4590989698123512,39.28001214609348
2016-08-12,10.555674619039635,22.301570059811944,-1.0435957224298116,10.68424496798206,-11.013851263124991,31.70234923002962
2016-08-17,11.275395435477904,19.803468592505364,4.334633066902502,5.255079897529688,-12.488363851906694,19.992574240932246
2016-08-15,7.201735805076549,28.26867212451903,-1.224252719255438,10.830218372282815,-0.5993338560388282,27.304903786932343
2016-08-16,27.07682799668899,35.588962329556686,-105.00457251414883,114.57303429074966,-252.08581046255654,462.54537928803273
2016-08-18,5.171656868077909,28.72565043294211,3.387054871651144,6.255829799157678,-0.052274542772590894,15.44021857459764
2016-08-19,8.35655175133489,42.375929546371744,20.908423830706518,-11.336458029486565,-10.960097815727675,-29.0470324509794
2016-08-22,5.285865695882176,27.901677040934253,-1.3122701661982576,10.844319978347183,2.576463381665307,28.086648591935486
2016-08-23,5.2223105757370725,30.538077676000647,3.546911361625993,6.0416761866758995,1.0917162649835285e-06,15.30287923955763
2016-08-24,3.2927161580503546,59.84800754939954,6.8020442636580185,2.771035346058755,4.0511252395929144e-07,8.666148734096161
2016-08-25,6.600479084860291,34.65655322324145,5.5310297557180395,3.931957354195646,-1.8001384932214566,10.417518634254598
2016-08-26,15.083468603896762,118613.20303328882,34.27488206755463,-24.946644827451436,-24.335611326946115,-60305.37686153063
2016-08-30,37.09869370140777,47.03564627522071,-236.80263308132993,246.0899357590634,-562.5948309993408,1004.5759228793297
2016-08-29,4.751219100197559,4.526206859290763,9.378786472799234,-0.0868480258391077,-35.50574054733771,32.03024367091193
2016-09-02,31.615858222990678,8.827205104335071,0.8787527402411723,8.386045487048332,16.378590677052358,-7.374556174440926
2016-09-01,17.17522124393031,12.856149348664502,5.453713881987465,3.7516435240821107,29.656570475982956,-25.581537578352552
2016-08-31,16.16166691999147,28.184133122894863,-17.282979298420955,26.51953952890932,-28.702140701293196,82.73351550591258
2016-09-05,4.474210707623017,15.521759372250768,11.595472157637932,-2.1925353369257103,-4.162118291904819,-6.515229054886453
2016-09-06,4.692013364794177,4.692013412394833,9.366370005094216,0.11626194061954952,-27.610831294201837,22.97824207280346
2016-09-07,430904.5645421543,378671.3865576226,-140266.41531386622,140275.17115983507,262463.705807331,-123171.41500274354
2016-09-09,382333.0781784566,454324.698898548,-213940.746333522,213949.53498681376,-109660.11610121027,368088.5106837962
2016-09-08,7.317206243376462,2.3306632098216418,9.778250830787345,-0.15900236902638776,-4.213965020505392,-2.278950971887746
2016-09-13,1.086772872579027,5.296299052922884,9.448188945808484,0.010952553613523541,-0.8311094191101461,-4.134196165566857
2016-09-14,1.365878408155628,5.436267239902775,9.396896157611726,0.024171845886282645,-1.1744227980017068,-3.627017470713236
2016-09-15,5.006028108607654,21.213014250904326,-3.0400957654769742,12.32604653654691,0.4609199716768802,32.66749493103904
2016-09-16,47.21437748761125,2.841273589607007,24.116296301787642,-14.480574869252465,-20.661471486878128,-3.524248275384921
2016-09-12,699038.4302252305,663824.3059018152,-274242.084519277,274250.8621489023,-368866.748914876,585413.2334674583
2016-09-19,4.701097371158037,0.8761713984414168,9.151582076656176,0.5708947871509031,-3.5329458332485535,-0.9360555167170825
2016-09-20,847967.4587001787,679773.37152095,-812000.19883424,812009.168467191,-484030.7199698598,1007094.8523462415
2016-09-22,4.074812790311842,1.1295792546767942,8.80131830085156,1.1490497475312118,-3.012491151176846,-1.7092383766816845
2016-09-21,405149.6866293991,307762.34178155364,-36981.33683182431,36990.23365264578,-317323.61770048505,253771.13670354307
2016-09-26,0.2966385741867529,6.481873509895576,8.382698362465742,1.551949568214237,1.2724246198230573,-0.7646106223197278
2016-09-23,1.0097264407125035,7.7072781848779,8.679337622730667,1.5102600384287235,-1.7589710937149068,-1.45111028795663
2016-09-27,538639.777547755,564569.3493807565,-524550.7345019698,524559.7615888796,-240502.4815130754,759154.3538507588
2016-09-28,0.5902849549362879,79.56175476525397,8.115022114070548,1.9804128993087144,-0.0023225328244776532,0.3378657947610304
2016-10-04,0.8985566664314728,10.505459695290426,8.321066045168696,1.8467061929006316,-1.5282168250852712,-0.7910755651689027
2016-09-30,0.46880276444279245,68.73034987748515,8.120482236513539,2.0485312081467884,0.00035862832191461795,-0.12853728380402812
2016-09-29,0.844644942914233,0.7850818265401764,8.084204212717761,1.9945581565920096,2.084622326552466,-2.9537422923197294
2016-10-03,882830.2256185221,519920.93596187676,-618837.2125525319,618846.1119877745,-220038.1613630277,451861.313140523
2016-10-05,0.5280431066118838,13.730339966112524,8.171203034052574,2.106119177638236,-0.31938517864884,-0.18549026139198785
2016-10-06,16.66912100077762,1.5984721887762752,10.82748458700821,-0.8648170161016648,-6.7611004641898775,-3.344270929421308
2016-10-10,0.8068315811189384,11.106398002447456,8.832941301947134,1.3381354044151785,-1.7081916431312167,-1.9130032748952845
2016-10-13,0.6902569499759532,11.355598722831234,9.208625519442926,1.289150397841297,-2.502980358152317,-2.7823833336534456
2016-10-07,176981.0953847088,2.7024408817303978,-41833.09312739943,41843.050523611004,24820.85293511187,-4.875203009153486
2016-10-14,97295.40501767353,275211.0471357042,187753.0682229094,-187743.9959241824,-34245.92787930376,-453524.24429143907
2016-10-11,1.4473129922028662,0.12333006174776473,8.222777105701944,0.2531851174184747,0.40051724309094405,4.453423410761198
2016-10-12,117.55217121984818,2.4035944032926135,29.821259638280544,-19.99157193683022,-33.11328512439573,-3.8619402719829026
2016-10-18,0.624409427127534,10.508184982950013,8.95250855858288,1.38012606352374,-1.7577697237375358,-1.2670706381823096
2016-10-20,0.14343996092524613,2.651647245009767,8.40793044275363,1.0594940439290086,2.9654726214735043,0.12002668274222875
2016-10-17,15.36149351962556,1.4088473096560814,8.740422878422441,1.5175034965199843,-2.363125952155418,-4.4632572562395785
2016-10-21,0.1389052903163363,9.20335568294793,8.487339672242902,1.2559785746140808,2.8355772576962317,-0.4702830813703134
2016-10-19,0.3232171088640706,0.3251018311949456,8.449164294470087,1.6741244816080747,86.33484511817764,-85.93881702368338
2016-10-24,43.139588158621734,1.252344257913015,35.84610518479195,-25.647215747560576,-39.34280166175481,-4.318656175965698
2016-10-26,0.6952927436363251,0.7407296046984186,8.45854888237994,1.7944576032025306,-14.839962650422915,13.201076170839869
2016-10-25,61.53240224088831,1.262250288437539,64.47095405635227,-54.243921900351275,-72.42385092191998,-4.548423376598054
2016-10-28,23.14003982132636,1.0328005936906544,14.613395993763792,-4.678762274576273,-11.144903513457521,-3.2984192971868147
2016-10-27,0.505683300607408,2.0424379706924998e-13,8.574290749814164,1.492111935989303,-1.0374463827644813,0.11622377573208433
2016-11-01,0.3915649265240546,0.33773884658306863,8.673243298984481,1.749077028619104,-8.079473251003687,7.262472395288572
2016-10-31,0.5950119363476929,8.814687859283183,8.788431076581155,1.6998036539633972,-2.014260219763933,-0.3020233835249345
2016-11-02,5.862515042042167,19.453782641802913,-7.554255404809419,17.1039582951435,-0.3759965594182302,43.860818032212606
2016-11-03,0.7553806540771286,0.7595113234026947,8.676961793439837,2.1102053105336793,-139.18956583889621,136.45720531151824
2016-11-07,0.6778984802031245,85.22780256966584,8.53543586609566,1.9966233775335733,-1.8617072737018736,0.24051414181635855
2016-11-08,0.8219611171032144,11.865492755063828,8.831612147475488,1.609343649836001,-2.3844655170837505,-0.9372624794690352
2016-11-09,0.6926350790368909,967.6832464161542,8.507060830622999,1.4836451703294677,-0.9118587970574026,3.071758218864856
2016-11-11,2044266.2758834208,1046364.6934220633,-471117.13051114534,471126.16360165726,-681796.876340907,596056.6020415366
2016-11-10,0.5543051096168197,25.311070941656475,8.713927684651265,1.5101769062685126,-1.4752005450188954,0.10692389711601567
2016-11-15,0.5221513626373686,18.163565789926775,8.845015366411726,0.9746165518311021,-1.345094609621795,-0.036546196922205565
2016-11-14,0.916604057484802,46.11402620768517,9.022571703764427,0.5076276114244589,-1.3043881480808612,-0.10653125403088398
2016-11-16,968830.9337255384,468991.4964424138,-557734.2417343501,557743.2250251032,-536578.7096456443,525851.2335200526
2016-11-17,0.45131282829756086,5.1026297247097965,8.964427225279202,0.7741997211514671,-1.4831594103949657,-0.44489406653855545
2016-11-18,692863.3399652886,251016.38913559576,-37322.97372084174,37331.880343751116,-538174.5959152601,206702.12186308083
2016-11-22,0.7332263463777932,2.0143714131921473,8.915805064376588,0.5431931829269745,-0.7846935588827475,-0.6029551146585106
2016-11-23,0.07492274497368462,91.19051069093973,8.715232101026839,0.4346851263593483,1.7713083911200633,1.8295123464300258
2016-11-21,7.378724072676063,23.6574246553085,-8.678503909390082,17.777805296604924,1.4570101064139234,44.98111827492227
2016-11-24,63.23761674737832,1.195539610183934,24.643693323450325,-15.200495826788417,-20.36627890818519,-2.0705744873914678
2016-11-25,1.4689320783373447,1.4689321451367916,9.083183769331704,0.20399901338636495,-2.055720851047181,0.8061915532947739
2016-11-28,10.224100568777738,29.593234083084738,-17.807996424774,26.86918755230616,2.102030022311392,66.15707241291443
2016-11-29,1.6202845615920358,0.2663069436241296,9.087801400337282,0.023747276162314104,-0.9014221569624539,0.16316013992754896
2016-11-30,4.668372004372703,1.0958190989388819,9.15315716617047,0.039452546583277084,-0.7120756381849491,-0.6951830226438479
2016-12-01,1.0133997378548951,1.0133997348355999,8.900662414213603,0.41512548970360363,-13.68342739092088,12.626104361082902
2016-12-02,1.3450677137426923,1.3450677134492908,8.918636664802044,0.29778391262642123,-39.2440917340189,38.367451001808206
2016-12-05,49.40311864743751,1.8587754913360062,13.836760739134222,-4.639434719153378,-6.863970813047254,-1.292416564694778
2016-12-08,34.59879024298966,2.062712570243269,10.112885931380998,-0.9348279545275082,-2.766976001833541,-1.8139873312086237
2016-12-06,380113.36818529444,253205.03352018446,42226.103349538156,-42217.24274656111,-324493.75595492695,185466.1879808907
2016-12-07,741269.9577196715,492807.54073697224,-168282.0114030453,168290.82574601215,-396794.75417331775,370543.0386225999
2016-12-09,337447.5501974336,216873.40392860974,28993.732053233834,-28984.980434181358,-414245.45499107137,243294.5315054988
2016-12-15,0.8064997305155784,2.036960781720704,9.009195215189735,0.11814328304658661,-0.5167316126492396,-1.8393625855132463
2016-12-13,1.687564161697307,1.6875641488658935,8.760470003257222,0.43796548059525275,-3.4303648768057404,1.4900090104630819
2016-12-12,560757.9794300334,345407.7787208588,-95139.84828854962,95148.5224748663,-532417.8835715707,380828.7515704094
2016-12-14,2.5467896941753017,1.1906693201052383,8.78661042563248,0.39491731097386296,-0.9214079084464949,-1.5303001902407387
2016-12-16,472839.07007545634,328128.79856335523,-218994.75548501743,219003.25885298866,-285500.6284582905,356754.69378236623
2016-12-19,336207.2301949897,1.7251546906410495,-34114.17194813791,34123.18729056444,30685.06753781467,-2.1833093341258225
2016-12-20,871209.0712297964,428452.87096061016,40705.39561422715,-40696.83818106631,-320011.11633561295,143820.85553808493
2016-12-21,287.07988064010317,1.7196366282298536,73.55445586017451,-64.57890506491691,-68.14337412011568,-1.9679355059722399
2016-12-23,1.7006307621272565,3.5776923016424753,8.941711278899177,0.022146072888284636,-1.7168471370178047,-0.38144114915836946
2016-12-22,814636.5634219605,524450.6710551659,-288157.9141932923,288166.4520117472,-1025521.8549084514,853329.8286051427
2016-12-26,1.3247697731979966,2.835081829373079,8.991607764311206,0.0956553566769032,-1.6929789840221556,-0.8378989491642498
2016-12-27,343671.48727914906,415624.29396169144,7547.1658459594055,-7538.635740427628,75816.82005792524,-91755.72685976094
2016-12-28,336.05748902121377,2.942514748668533,-3.2325368620978296,11.943644682033643,20.004453642906267,-1.4880659072569018
2016-12-29,7.765127141432512,8.453819645480923,8.285306038531203,0.32264781985737007,-30.328399095570695,30.615498846817374
2016-12-30,11.659131970059306,33.26542878799354,-13.335667253325003,21.76142497848616,0.9013529804340579,56.184208252477475
