,Номер бумаги,ISIN,Номер платежа,Дата фактической выплаты,"Ставка купона, % годовых","Сумма купона, RUB","Погашение номинала, RUB"
0,1,RU000A0JR779,1,2011-09-15,7.1,4.649,0.0
1,1,RU000A0JR779,2,2012-03-15,7.1,3.54,0.0
2,1,RU000A0JR779,3,2012-09-13,7.1,3.54,0.0
3,1,RU000A0JR779,4,2013-03-14,7.1,3.54,0.0
4,1,RU000A0JR779,5,2013-09-12,7.1,3.54,0.0
5,1,RU000A0JR779,6,2014-03-13,7.1,3.54,100.0
6,2,RU000A0JQAE3,1,2010-02-24,12.0,5.984,0.0
7,2,RU000A0JQAE3,2,2010-08-25,12.0,5.984,0.0
8,2,RU000A0JQAE3,3,2011-02-23,12.0,5.984,0.0
9,2,RU000A0JQAE3,4,2011-08-24,12.0,5.984,0.0
10,2,RU000A0JQAE3,5,2012-02-22,12.0,5.984,0.0
11,2,RU000A0JQAE3,6,2012-08-22,12.0,5.984,0.0
12,2,RU000A0JQAE3,7,2013-02-20,12.0,5.984,0.0
13,2,RU000A0JQAE3,8,2013-08-21,12.0,5.984,0.0
14,2,RU000A0JQAE3,9,2014-02-19,12.0,5.984,0.0
15,2,RU000A0JQAE3,10,2014-08-20,12.0,5.984,100.0
16,3,RU000A0JQLL5,1,2010-06-02,8.1,4.039,0.0
17,3,RU000A0JQLL5,2,2010-12-01,8.1,4.039,0.0
18,3,RU000A0JQLL5,3,2011-06-01,8.1,4.039,0.0
19,3,RU000A0JQLL5,4,2011-11-30,8.1,4.039,0.0
20,3,RU000A0JQLL5,5,2012-05-30,8.1,4.039,0.0
21,3,RU000A0JQLL5,6,2012-11-28,8.1,4.039,0.0
22,3,RU000A0JQLL5,7,2013-05-29,8.1,4.039,0.0
23,3,RU000A0JQLL5,8,2013-11-27,8.1,4.039,0.0
24,3,RU000A0JQLL5,9,2014-05-28,8.1,4.039,0.0
25,3,RU000A0JQLL5,10,2014-11-26,8.1,4.039,100.0
26,4,RU000A0JQCL4,1,2009-12-23,11.2,2.7920000000000003,0.0
27,4,RU000A0JQCL4,2,2010-03-24,11.2,2.7920000000000003,0.0
28,4,RU000A0JQCL4,3,2010-06-23,11.2,2.7920000000000003,0.0
29,4,RU000A0JQCL4,4,2010-09-22,11.2,2.7920000000000003,0.0
30,4,RU000A0JQCL4,5,2010-12-22,11.2,2.7920000000000003,0.0
31,4,RU000A0JQCL4,6,2011-03-23,11.2,2.7920000000000003,0.0
32,4,RU000A0JQCL4,7,2011-06-22,11.2,2.7920000000000003,0.0
33,4,RU000A0JQCL4,8,2011-09-21,11.2,2.7920000000000003,0.0
34,4,RU000A0JQCL4,9,2011-12-21,11.2,2.7920000000000003,0.0
35,4,RU000A0JQCL4,10,2012-03-21,11.2,2.7920000000000003,0.0
36,4,RU000A0JQCL4,11,2012-06-20,11.2,2.7920000000000003,0.0
37,4,RU000A0JQCL4,12,2012-09-19,11.2,2.7920000000000003,0.0
38,4,RU000A0JQCL4,13,2012-12-19,11.2,2.7920000000000003,0.0
39,4,RU000A0JQCL4,14,2013-03-20,11.2,2.7920000000000003,0.0
40,4,RU000A0JQCL4,15,2013-06-19,11.2,2.7920000000000003,0.0
41,4,RU000A0JQCL4,16,2013-09-18,11.2,2.7920000000000003,0.0
42,4,RU000A0JQCL4,17,2013-12-18,11.2,2.7920000000000003,0.0
43,4,RU000A0JQCL4,18,2014-03-19,11.2,2.7920000000000003,0.0
44,4,RU000A0JQCL4,19,2014-06-18,11.2,2.7920000000000003,0.0
45,4,RU000A0JQCL4,20,2014-09-17,11.2,2.7920000000000003,0.0
46,4,RU000A0JQCL4,21,2014-12-17,11.2,2.7920000000000003,100.0
47,5,RU000A0JRHZ1,1,2011-12-07,7.0,3.625,0.0
48,5,RU000A0JRHZ1,2,2012-06-06,7.0,3.4899999999999998,0.0
49,5,RU000A0JRHZ1,3,2012-12-05,7.0,3.4899999999999998,0.0
50,5,RU000A0JRHZ1,4,2013-06-05,7.0,3.4899999999999998,0.0
51,5,RU000A0JRHZ1,5,2013-12-04,7.0,3.4899999999999998,0.0
52,5,RU000A0JRHZ1,6,2014-06-04,7.0,3.4899999999999998,0.0
53,5,RU000A0JRHZ1,7,2014-12-03,7.0,3.4899999999999998,0.0
54,5,RU000A0JRHZ1,8,2015-06-03,7.0,3.4899999999999998,100.0
55,6,RU000A0JQYN4,1,2011-01-19,6.88,3.2990000000000004,0.0
56,6,RU000A0JQYN4,2,2011-07-20,6.88,3.431,0.0
57,6,RU000A0JQYN4,3,2012-01-18,6.88,3.431,0.0
58,6,RU000A0JQYN4,4,2012-07-18,6.88,3.431,0.0
59,6,RU000A0JQYN4,5,2013-01-16,6.88,3.431,0.0
60,6,RU000A0JQYN4,6,2013-07-17,6.88,3.431,0.0
61,6,RU000A0JQYN4,7,2014-01-15,6.88,3.431,0.0
62,6,RU000A0JQYN4,8,2014-07-16,6.88,3.431,0.0
63,6,RU000A0JQYN4,9,2015-01-14,6.88,3.431,0.0
64,6,RU000A0JQYN4,10,2015-07-15,6.88,3.431,100.0
65,7,RU000A0JR7G1,1,2011-07-27,7.35,3.665,0.0
66,7,RU000A0JR7G1,2,2012-01-25,7.35,3.665,0.0
67,7,RU000A0JR7G1,3,2012-07-25,7.35,3.665,0.0
68,7,RU000A0JR7G1,4,2013-01-23,7.35,3.665,0.0
69,7,RU000A0JR7G1,5,2013-07-24,7.35,3.665,0.0
70,7,RU000A0JR7G1,6,2014-01-22,7.35,3.665,0.0
71,7,RU000A0JR7G1,7,2014-07-23,7.35,3.665,0.0
72,7,RU000A0JR7G1,8,2015-01-21,7.35,3.665,0.0
73,7,RU000A0JR7G1,9,2015-07-22,7.35,3.665,0.0
74,7,RU000A0JR7G1,10,2016-01-20,7.35,3.665,100.0
75,8,RU000A0JTWW3,1,2013-11-13,6.0,2.992,0.0
76,8,RU000A0JTWW3,2,2014-05-14,6.0,2.992,0.0
77,8,RU000A0JTWW3,3,2014-11-12,6.0,2.992,0.0
78,8,RU000A0JTWW3,4,2015-05-13,6.0,2.992,0.0
79,8,RU000A0JTWW3,5,2015-11-11,6.0,2.992,0.0
80,8,RU000A0JTWW3,6,2016-05-11,6.0,2.992,100.0
81,9,RU000A0DY8K8,1,2005-05-18,9.5,2.368,0.0
82,9,RU000A0DY8K8,2,2005-08-17,9.5,2.368,0.0
83,9,RU000A0DY8K8,3,2005-11-16,9.5,2.368,0.0
84,9,RU000A0DY8K8,4,2006-02-15,9.0,2.244,0.0
85,9,RU000A0DY8K8,5,2006-05-17,9.0,2.244,0.0
86,9,RU000A0DY8K8,6,2006-08-16,9.0,2.244,0.0
87,9,RU000A0DY8K8,7,2006-11-15,9.0,2.244,0.0
88,9,RU000A0DY8K8,8,2007-02-14,8.5,2.119,0.0
89,9,RU000A0DY8K8,9,2007-05-16,8.5,2.119,0.0
90,9,RU000A0DY8K8,10,2007-08-15,8.5,2.119,0.0
91,9,RU000A0DY8K8,11,2007-11-14,8.5,2.119,0.0
92,9,RU000A0DY8K8,12,2008-02-13,8.0,1.9949999999999999,0.0
93,9,RU000A0DY8K8,13,2008-05-14,8.0,1.9949999999999999,0.0
94,9,RU000A0DY8K8,14,2008-08-13,8.0,1.9949999999999999,0.0
95,9,RU000A0DY8K8,15,2008-11-12,8.0,1.9949999999999999,0.0
96,9,RU000A0DY8K8,16,2009-02-11,8.0,1.9949999999999999,0.0
97,9,RU000A0DY8K8,17,2009-05-13,8.0,1.9949999999999999,0.0
98,9,RU000A0DY8K8,18,2009-08-12,8.0,1.9949999999999999,0.0
99,9,RU000A0DY8K8,19,2009-11-11,8.0,1.9949999999999999,0.0
100,9,RU000A0DY8K8,20,2010-02-10,7.5,1.8699999999999999,0.0
101,9,RU000A0DY8K8,21,2010-05-12,7.5,1.8699999999999999,0.0
102,9,RU000A0DY8K8,22,2010-08-11,7.5,1.8699999999999999,0.0
103,9,RU000A0DY8K8,23,2010-11-10,7.5,1.8699999999999999,0.0
104,9,RU000A0DY8K8,24,2011-02-09,7.0,1.7449999999999999,0.0
105,9,RU000A0DY8K8,25,2011-05-11,7.0,1.7449999999999999,0.0
106,9,RU000A0DY8K8,26,2011-08-10,7.0,1.7449999999999999,0.0
107,9,RU000A0DY8K8,27,2011-11-09,7.0,1.7449999999999999,0.0
108,9,RU000A0DY8K8,28,2012-02-08,7.0,1.7449999999999999,0.0
109,9,RU000A0DY8K8,29,2012-05-09,7.0,1.7449999999999999,0.0
110,9,RU000A0DY8K8,30,2012-08-08,7.0,1.7449999999999999,0.0
111,9,RU000A0DY8K8,31,2012-11-07,6.5,1.621,0.0
112,9,RU000A0DY8K8,32,2013-02-06,6.5,1.621,0.0
113,9,RU000A0DY8K8,33,2013-05-08,6.5,1.621,0.0
114,9,RU000A0DY8K8,34,2013-08-07,6.5,1.621,0.0
115,9,RU000A0DY8K8,35,2013-11-06,6.5,1.621,0.0
116,9,RU000A0DY8K8,36,2014-02-05,6.5,1.621,0.0
117,9,RU000A0DY8K8,37,2014-05-07,6.5,1.621,0.0
118,9,RU000A0DY8K8,38,2014-08-06,6.5,1.621,0.0
119,9,RU000A0DY8K8,39,2014-11-05,6.5,1.621,0.0
120,9,RU000A0DY8K8,40,2015-02-04,6.0,1.496,0.0
121,9,RU000A0DY8K8,41,2015-05-06,6.0,1.496,0.0
122,9,RU000A0DY8K8,42,2015-08-05,6.0,1.496,50.0
123,9,RU000A0DY8K8,43,2015-11-04,6.0,0.748,0.0
124,9,RU000A0DY8K8,44,2016-02-03,6.0,0.748,0.0
125,9,RU000A0DY8K8,45,2016-05-04,6.0,0.748,0.0
126,9,RU000A0DY8K8,46,2016-08-03,6.0,0.748,50.0
127,10,RU000A0JQZ18,1,2011-02-09,6.9,3.5729999999999995,0.0
128,10,RU000A0JQZ18,2,2011-08-10,6.9,3.441,0.0
129,10,RU000A0JQZ18,3,2012-02-08,6.9,3.441,0.0
130,10,RU000A0JQZ18,4,2012-08-08,6.9,3.441,0.0
131,10,RU000A0JQZ18,5,2013-02-06,6.9,3.441,0.0
132,10,RU000A0JQZ18,6,2013-08-07,6.9,3.441,0.0
133,10,RU000A0JQZ18,7,2014-02-05,6.9,3.441,0.0
134,10,RU000A0JQZ18,8,2014-08-06,6.9,3.441,0.0
135,10,RU000A0JQZ18,9,2015-02-04,6.9,3.441,0.0
136,10,RU000A0JQZ18,10,2015-08-05,6.9,3.441,0.0
137,10,RU000A0JQZ18,11,2016-02-03,6.9,3.441,0.0
138,10,RU000A0JQZ18,12,2016-08-03,6.9,3.441,100.0
139,11,RU000A0JS751,1,2012-10-24,7.4,3.69,0.0
140,11,RU000A0JS751,2,2013-04-24,7.4,3.69,0.0
141,11,RU000A0JS751,3,2013-10-23,7.4,3.69,0.0
142,11,RU000A0JS751,4,2014-04-23,7.4,3.69,0.0
143,11,RU000A0JS751,5,2014-10-22,7.4,3.69,0.0
144,11,RU000A0JS751,6,2015-04-22,7.4,3.69,0.0
145,11,RU000A0JS751,7,2015-10-21,7.4,3.69,0.0
146,11,RU000A0JS751,8,2016-04-20,7.4,3.69,0.0
147,11,RU000A0JS751,9,2016-10-19,7.4,3.69,0.0
148,11,RU000A0JS751,10,2017-04-19,7.4,3.69,100.0
149,12,RU000A0JRJU8,1,2011-12-21,7.4,3.974,0.0
150,12,RU000A0JRJU8,2,2012-06-20,7.4,3.69,0.0
151,12,RU000A0JRJU8,3,2012-12-19,7.4,3.69,0.0
152,12,RU000A0JRJU8,4,2013-06-19,7.4,3.69,0.0
153,12,RU000A0JRJU8,5,2013-12-18,7.4,3.69,0.0
154,12,RU000A0JRJU8,6,2014-06-18,7.4,3.69,0.0
155,12,RU000A0JRJU8,7,2014-12-17,7.4,3.69,0.0
156,12,RU000A0JRJU8,8,2015-06-17,7.4,3.69,0.0
157,12,RU000A0JRJU8,9,2015-12-16,7.4,3.69,0.0
158,12,RU000A0JRJU8,10,2016-06-15,7.4,3.69,0.0
159,12,RU000A0JRJU8,11,2016-12-14,7.4,3.69,0.0
160,12,RU000A0JRJU8,12,2017-06-14,7.4,3.69,100.0
161,13,RU000A0JTKZ1,1,2013-08-07,6.2,3.092,0.0
162,13,RU000A0JTKZ1,2,2014-02-05,6.2,3.092,0.0
163,13,RU000A0JTKZ1,3,2014-08-06,6.2,3.092,0.0
164,13,RU000A0JTKZ1,4,2015-02-04,6.2,3.092,0.0
165,13,RU000A0JTKZ1,5,2015-08-05,6.2,3.092,0.0
166,13,RU000A0JTKZ1,6,2016-02-03,6.2,3.092,0.0
167,13,RU000A0JTKZ1,7,2016-08-03,6.2,3.092,0.0
168,13,RU000A0JTKZ1,8,2017-02-01,6.2,3.092,0.0
169,13,RU000A0JTKZ1,9,2017-08-02,6.2,3.092,0.0
170,13,RU000A0JTKZ1,10,2018-01-31,6.2,3.092,100.0
171,14,RU000A0JRCJ6,1,2011-09-22,7.5,3.7600000000000002,0.0
172,14,RU000A0JRCJ6,2,2012-03-22,7.5,3.7399999999999998,0.0
173,14,RU000A0JRCJ6,3,2012-09-20,7.5,3.7399999999999998,0.0
174,14,RU000A0JRCJ6,4,2013-03-21,7.5,3.7399999999999998,0.0
175,14,RU000A0JRCJ6,5,2013-09-19,7.5,3.7399999999999998,0.0
176,14,RU000A0JRCJ6,6,2014-03-20,7.5,3.7399999999999998,0.0
177,14,RU000A0JRCJ6,7,2014-09-18,7.5,3.7399999999999998,0.0
178,14,RU000A0JRCJ6,8,2015-03-19,7.5,3.7399999999999998,0.0
179,14,RU000A0JRCJ6,9,2015-09-17,7.5,3.7399999999999998,0.0
180,14,RU000A0JRCJ6,10,2016-03-17,7.5,3.7399999999999998,0.0
181,14,RU000A0JRCJ6,11,2016-09-15,7.5,3.7399999999999998,0.0
182,14,RU000A0JRCJ6,12,2017-03-16,7.5,3.7399999999999998,0.0
183,14,RU000A0JRCJ6,13,2017-09-14,7.5,3.7399999999999998,0.0
184,14,RU000A0JRCJ6,14,2018-03-15,7.5,3.7399999999999998,100.0
185,15,RU000A0JP2S9,1,2007-08-22,8.0,3.989,0.0
186,15,RU000A0JP2S9,2,2008-02-20,7.5,3.7399999999999998,0.0
187,15,RU000A0JP2S9,3,2008-08-20,7.5,3.7399999999999998,0.0
188,15,RU000A0JP2S9,4,2009-02-18,7.5,3.7399999999999998,0.0
189,15,RU000A0JP2S9,5,2009-08-19,7.5,3.7399999999999998,0.0
190,15,RU000A0JP2S9,6,2010-02-17,7.0,3.4899999999999998,0.0
191,15,RU000A0JP2S9,7,2010-08-18,7.0,3.4899999999999998,0.0
192,15,RU000A0JP2S9,8,2011-02-16,7.0,3.4899999999999998,0.0
193,15,RU000A0JP2S9,9,2011-08-17,7.0,3.4899999999999998,0.0
194,15,RU000A0JP2S9,10,2012-02-15,6.0,2.992,0.0
195,15,RU000A0JP2S9,11,2012-08-15,6.0,2.992,0.0
196,15,RU000A0JP2S9,12,2013-02-13,6.0,2.992,0.0
197,15,RU000A0JP2S9,13,2013-08-14,6.0,2.992,0.0
198,15,RU000A0JP2S9,14,2014-02-12,5.5,2.742,0.0
199,15,RU000A0JP2S9,15,2014-08-13,5.5,2.742,0.0
200,15,RU000A0JP2S9,16,2015-02-11,5.5,2.742,0.0
201,15,RU000A0JP2S9,17,2015-08-12,5.5,2.742,0.0
202,15,RU000A0JP2S9,18,2016-02-10,5.0,2.493,0.0
203,15,RU000A0JP2S9,19,2016-08-10,5.0,2.493,0.0
204,15,RU000A0JP2S9,20,2017-02-08,5.0,2.493,0.0
205,15,RU000A0JP2S9,21,2017-08-09,5.0,2.493,50.0
206,15,RU000A0JP2S9,22,2018-02-07,5.0,1.247,0.0
207,15,RU000A0JP2S9,23,2018-08-08,5.0,1.247,50.0
208,16,RU0002868076,1,2003-09-17,10.5,5.638,0.0
209,16,RU0002868076,2,2004-03-17,10.5,5.236,0.0
210,16,RU0002868076,3,2004-09-15,10.5,5.236,0.0
211,16,RU0002868076,4,2005-03-16,10.0,4.986,0.0
212,16,RU0002868076,5,2005-09-14,10.0,4.986,0.0
213,16,RU0002868076,6,2006-03-15,10.0,4.986,0.0
214,16,RU0002868076,7,2006-09-13,10.0,4.986,0.0
215,16,RU0002868076,8,2007-03-14,9.0,4.488,0.0
216,16,RU0002868076,9,2007-09-12,9.0,4.488,0.0
217,16,RU0002868076,10,2008-03-12,9.0,4.488,0.0
218,16,RU0002868076,11,2008-09-10,9.0,4.488,0.0
219,16,RU0002868076,12,2009-03-11,9.0,4.488,0.0
220,16,RU0002868076,13,2009-09-09,9.0,4.488,0.0
221,16,RU0002868076,14,2010-03-10,8.0,3.989,25.0
222,16,RU0002868076,15,2010-09-08,8.0,2.992,25.0
223,16,RU0002868076,16,2011-03-09,7.0,1.7449999999999999,0.0
224,16,RU0002868076,17,2011-09-07,7.0,1.7449999999999999,0.0
225,16,RU0002868076,18,2012-03-07,7.0,1.7449999999999999,0.0
226,16,RU0002868076,19,2012-09-05,7.0,1.7449999999999999,0.0
227,16,RU0002868076,20,2013-03-06,7.0,1.7449999999999999,0.0
228,16,RU0002868076,21,2013-09-04,7.0,1.7449999999999999,0.0
229,16,RU0002868076,22,2014-03-05,7.0,1.7449999999999999,0.0
230,16,RU0002868076,23,2014-09-03,7.0,1.7449999999999999,0.0
231,16,RU0002868076,24,2015-03-04,7.0,1.7449999999999999,0.0
232,16,RU0002868076,25,2015-09-02,7.0,1.7449999999999999,0.0
233,16,RU0002868076,26,2016-03-02,7.0,1.7449999999999999,0.0
234,16,RU0002868076,27,2016-08-31,7.0,1.7449999999999999,0.0
235,16,RU0002868076,28,2017-03-01,7.0,1.7449999999999999,0.0
236,16,RU0002868076,29,2017-08-30,7.0,1.7449999999999999,0.0
237,16,RU0002868076,30,2018-02-28,7.0,1.7449999999999999,25.0
238,16,RU0002868076,31,2018-08-29,7.0,0.873,25.0
239,17,RU0002867631,1,2018-01-10,0.0,0.0,70.0
240,17,RU0002867631,2,2019-01-09,0.0,0.0,30.0
241,18,RU000A0JS4M5,1,2012-09-05,7.5,3.7399999999999998,0.0
242,18,RU000A0JS4M5,2,2013-03-06,7.5,3.7399999999999998,0.0
243,18,RU000A0JS4M5,3,2013-09-04,7.5,3.7399999999999998,0.0
244,18,RU000A0JS4M5,4,2014-03-05,7.5,3.7399999999999998,0.0
245,18,RU000A0JS4M5,5,2014-09-03,7.5,3.7399999999999998,0.0
246,18,RU000A0JS4M5,6,2015-03-04,7.5,3.7399999999999998,0.0
247,18,RU000A0JS4M5,7,2015-09-02,7.5,3.7399999999999998,0.0
248,18,RU000A0JS4M5,8,2016-03-02,7.5,3.7399999999999998,0.0
249,18,RU000A0JS4M5,9,2016-08-31,7.5,3.7399999999999998,0.0
250,18,RU000A0JS4M5,10,2017-03-01,7.5,3.7399999999999998,0.0
251,18,RU000A0JS4M5,11,2017-08-30,7.5,3.7399999999999998,0.0
252,18,RU000A0JS4M5,12,2018-02-28,7.5,3.7399999999999998,0.0
253,18,RU000A0JS4M5,13,2018-08-29,7.5,3.7399999999999998,0.0
254,18,RU000A0JS4M5,14,2019-02-27,7.5,3.7399999999999998,100.0
255,19,RU000A0JNHJ4,1,2006-04-05,0.0,0.0,0.0
256,19,RU000A0JNHJ4,2,2007-04-04,0.0,0.0,0.0
257,19,RU000A0JNHJ4,3,2008-04-02,0.0,0.0,0.0
258,19,RU000A0JNHJ4,4,2009-04-01,0.0,0.0,0.0
259,19,RU000A0JNHJ4,5,2010-03-31,0.0,0.0,0.0
260,19,RU000A0JNHJ4,6,2011-03-30,0.0,0.0,0.0
261,19,RU000A0JNHJ4,7,2012-03-28,0.0,0.0,0.0
262,19,RU000A0JNHJ4,8,2013-03-27,3.008,3.0,10.0
263,19,RU000A0JNHJ4,9,2014-03-26,2.005,1.8,10.0
264,19,RU000A0JNHJ4,10,2015-03-25,2.005,1.6,10.0
265,19,RU000A0JNHJ4,11,2016-03-23,2.005,1.4,10.0
266,19,RU000A0JNHJ4,12,2017-03-22,2.005,1.2,20.0
267,19,RU000A0JNHJ4,13,2018-03-21,2.005,0.8,20.0
268,19,RU000A0JNHJ4,14,2019-03-20,2.005,0.4,20.0
269,20,RU000A0JU9V1,1,2014-05-21,6.7,3.469,0.0
270,20,RU000A0JU9V1,2,2014-11-19,6.7,3.3409999999999997,0.0
271,20,RU000A0JU9V1,3,2015-05-20,6.7,3.3409999999999997,0.0
272,20,RU000A0JU9V1,4,2015-11-18,6.7,3.3409999999999997,0.0
273,20,RU000A0JU9V1,5,2016-05-18,6.7,3.3409999999999997,0.0
274,20,RU000A0JU9V1,6,2016-11-16,6.7,3.3409999999999997,0.0
275,20,RU000A0JU9V1,7,2017-05-17,6.7,3.3409999999999997,0.0
276,20,RU000A0JU9V1,8,2017-11-15,6.7,3.3409999999999997,0.0
277,20,RU000A0JU9V1,9,2018-05-16,6.7,3.3409999999999997,0.0
278,20,RU000A0JU9V1,10,2018-11-14,6.7,3.3409999999999997,0.0
279,20,RU000A0JU9V1,11,2019-05-15,6.7,3.3409999999999997,100.0
280,21,RU000A0JTG59,1,2013-06-19,6.8,3.3909999999999996,0.0
281,21,RU000A0JTG59,2,2013-12-18,6.8,3.3909999999999996,0.0
282,21,RU000A0JTG59,3,2014-06-18,6.8,3.3909999999999996,0.0
283,21,RU000A0JTG59,4,2014-12-17,6.8,3.3909999999999996,0.0
284,21,RU000A0JTG59,5,2015-06-17,6.8,3.3909999999999996,0.0
285,21,RU000A0JTG59,6,2015-12-16,6.8,3.3909999999999996,0.0
286,21,RU000A0JTG59,7,2016-06-15,6.8,3.3909999999999996,0.0
287,21,RU000A0JTG59,8,2016-12-14,6.8,3.3909999999999996,0.0
288,21,RU000A0JTG59,9,2017-06-14,6.8,3.3909999999999996,0.0
289,21,RU000A0JTG59,10,2017-12-13,6.8,3.3909999999999996,0.0
290,21,RU000A0JTG59,11,2018-06-13,6.8,3.3909999999999996,0.0
291,21,RU000A0JTG59,12,2018-12-12,6.8,3.3909999999999996,0.0
292,21,RU000A0JTG59,13,2019-06-12,6.8,3.3909999999999996,0.0
293,21,RU000A0JTG59,14,2019-12-11,6.8,3.3909999999999996,100.0
294,22,RU000A0JTYA5,1,2013-12-04,6.4,3.191,0.0
295,22,RU000A0JTYA5,2,2014-06-04,6.4,3.191,0.0
296,22,RU000A0JTYA5,3,2014-12-03,6.4,3.191,0.0
297,22,RU000A0JTYA5,4,2015-06-03,6.4,3.191,0.0
298,22,RU000A0JTYA5,5,2015-12-02,6.4,3.191,0.0
299,22,RU000A0JTYA5,6,2016-06-01,6.4,3.191,0.0
300,22,RU000A0JTYA5,7,2016-11-30,6.4,3.191,0.0
301,22,RU000A0JTYA5,8,2017-05-31,6.4,3.191,0.0
302,22,RU000A0JTYA5,9,2017-11-29,6.4,3.191,0.0
303,22,RU000A0JTYA5,10,2018-05-30,6.4,3.191,0.0
304,22,RU000A0JTYA5,11,2018-11-28,6.4,3.191,0.0
305,22,RU000A0JTYA5,12,2019-05-29,6.4,3.191,0.0
306,22,RU000A0JTYA5,13,2019-11-27,6.4,3.191,0.0
307,22,RU000A0JTYA5,14,2020-05-27,6.4,3.191,100.0
308,23,RU000A0JREQ7,1,2011-10-26,7.6,4.081,0.0
309,23,RU000A0JREQ7,2,2012-04-25,7.6,3.79,0.0
310,23,RU000A0JREQ7,3,2012-10-24,7.6,3.79,0.0
311,23,RU000A0JREQ7,4,2013-04-24,7.6,3.79,0.0
312,23,RU000A0JREQ7,5,2013-10-23,7.6,3.79,0.0
313,23,RU000A0JREQ7,6,2014-04-23,7.6,3.79,0.0
314,23,RU000A0JREQ7,7,2014-10-22,7.6,3.79,0.0
315,23,RU000A0JREQ7,8,2015-04-22,7.6,3.79,0.0
316,23,RU000A0JREQ7,9,2015-10-21,7.6,3.79,0.0
317,23,RU000A0JREQ7,10,2016-04-20,7.6,3.79,0.0
318,23,RU000A0JREQ7,11,2016-10-19,7.6,3.79,0.0
319,23,RU000A0JREQ7,12,2017-04-19,7.6,3.79,0.0
320,23,RU000A0JREQ7,13,2017-10-18,7.6,3.79,0.0
321,23,RU000A0JREQ7,14,2018-04-18,7.6,3.79,0.0
322,23,RU000A0JREQ7,15,2018-10-17,7.6,3.79,0.0
323,23,RU000A0JREQ7,16,2019-04-17,7.6,3.79,0.0
324,23,RU000A0JREQ7,17,2019-10-16,7.6,3.79,0.0
325,23,RU000A0JREQ7,18,2020-04-15,7.6,3.79,0.0
326,23,RU000A0JREQ7,19,2020-10-14,7.6,3.79,0.0
327,23,RU000A0JREQ7,20,2021-04-14,7.6,3.79,100.0
328,24,RU000A0JVW30,1,2016-02-24,7.5,2.445,0.0
329,24,RU000A0JVW30,2,2016-08-24,7.5,3.7399999999999998,0.0
330,24,RU000A0JVW30,3,2017-02-22,7.5,3.7399999999999998,0.0
331,24,RU000A0JVW30,4,2017-08-23,7.5,3.7399999999999998,0.0
332,24,RU000A0JVW30,5,2018-02-21,7.5,3.7399999999999998,0.0
333,24,RU000A0JVW30,6,2018-08-22,7.5,3.7399999999999998,0.0
334,24,RU000A0JVW30,7,2019-02-20,7.5,3.7399999999999998,0.0
335,24,RU000A0JVW30,8,2019-08-21,7.5,3.7399999999999998,0.0
336,24,RU000A0JVW30,9,2020-02-19,7.5,3.7399999999999998,0.0
337,24,RU000A0JVW30,10,2020-08-19,7.5,3.7399999999999998,0.0
338,24,RU000A0JVW30,11,2021-02-17,7.5,3.7399999999999998,0.0
339,24,RU000A0JVW30,12,2021-08-18,7.5,3.7399999999999998,100.0
340,25,RU000A0D0G29,1,2005-06-15,9.5,2.368,0.0
341,25,RU000A0D0G29,2,2005-09-14,9.5,2.368,0.0
342,25,RU000A0D0G29,3,2005-12-14,9.5,2.368,0.0
343,25,RU000A0D0G29,4,2006-03-15,9.5,2.368,0.0
344,25,RU000A0D0G29,5,2006-06-14,9.5,2.368,0.0
345,25,RU000A0D0G29,6,2006-09-13,9.5,2.368,0.0
346,25,RU000A0D0G29,7,2006-12-13,9.5,2.368,0.0
347,25,RU000A0D0G29,8,2007-03-14,9.0,2.244,0.0
348,25,RU000A0D0G29,9,2007-06-13,9.0,2.244,0.0
349,25,RU000A0D0G29,10,2007-09-12,9.0,2.244,0.0
350,25,RU000A0D0G29,11,2007-12-12,9.0,2.244,0.0
351,25,RU000A0D0G29,12,2008-03-12,9.0,2.244,0.0
352,25,RU000A0D0G29,13,2008-06-11,9.0,2.244,0.0
353,25,RU000A0D0G29,14,2008-09-10,9.0,2.244,0.0
354,25,RU000A0D0G29,15,2008-12-10,9.0,2.244,0.0
355,25,RU000A0D0G29,16,2009-03-11,8.5,2.119,0.0
356,25,RU000A0D0G29,17,2009-06-10,8.5,2.119,0.0
357,25,RU000A0D0G29,18,2009-09-09,8.5,2.119,0.0
358,25,RU000A0D0G29,19,2009-12-09,8.5,2.119,0.0
359,25,RU000A0D0G29,20,2010-03-10,8.5,2.119,0.0
360,25,RU000A0D0G29,21,2010-06-09,8.5,2.119,0.0
361,25,RU000A0D0G29,22,2010-09-08,8.5,2.119,0.0
362,25,RU000A0D0G29,23,2010-12-08,8.5,2.119,0.0
363,25,RU000A0D0G29,24,2011-03-09,8.0,1.9949999999999999,0.0
364,25,RU000A0D0G29,25,2011-06-08,8.0,1.9949999999999999,0.0
365,25,RU000A0D0G29,26,2011-09-07,8.0,1.9949999999999999,0.0
366,25,RU000A0D0G29,27,2011-12-07,8.0,1.9949999999999999,0.0
367,25,RU000A0D0G29,28,2012-03-07,8.0,1.9949999999999999,0.0
368,25,RU000A0D0G29,29,2012-06-06,8.0,1.9949999999999999,0.0
369,25,RU000A0D0G29,30,2012-09-05,8.0,1.9949999999999999,0.0
370,25,RU000A0D0G29,31,2012-12-05,8.0,1.9949999999999999,0.0
371,25,RU000A0D0G29,32,2013-03-06,7.0,1.7449999999999999,0.0
372,25,RU000A0D0G29,33,2013-06-05,7.0,1.7449999999999999,0.0
373,25,RU000A0D0G29,34,2013-09-04,7.0,1.7449999999999999,0.0
374,25,RU000A0D0G29,35,2013-12-04,7.0,1.7449999999999999,0.0
375,25,RU000A0D0G29,36,2014-03-05,7.0,1.7449999999999999,0.0
376,25,RU000A0D0G29,37,2014-06-04,7.0,1.7449999999999999,0.0
377,25,RU000A0D0G29,38,2014-09-03,7.0,1.7449999999999999,0.0
378,25,RU000A0D0G29,39,2014-12-03,7.0,1.7449999999999999,0.0
379,25,RU000A0D0G29,40,2015-03-04,6.5,1.621,0.0
380,25,RU000A0D0G29,41,2015-06-03,6.5,1.621,0.0
381,25,RU000A0D0G29,42,2015-09-02,6.5,1.621,0.0
382,25,RU000A0D0G29,43,2015-12-02,6.5,1.621,0.0
383,25,RU000A0D0G29,44,2016-03-02,6.5,1.621,0.0
384,25,RU000A0D0G29,45,2016-06-01,6.5,1.621,0.0
385,25,RU000A0D0G29,46,2016-08-31,6.5,1.621,0.0
386,25,RU000A0D0G29,47,2016-11-30,6.5,1.621,0.0
387,25,RU000A0D0G29,48,2017-03-01,6.5,1.621,0.0
388,25,RU000A0D0G29,49,2017-05-31,6.5,1.621,0.0
389,25,RU000A0D0G29,50,2017-08-30,6.5,1.621,0.0
390,25,RU000A0D0G29,51,2017-11-29,6.5,1.621,0.0
391,25,RU000A0D0G29,52,2018-02-28,6.5,1.621,0.0
392,25,RU000A0D0G29,53,2018-05-30,6.5,1.621,0.0
393,25,RU000A0D0G29,54,2018-08-29,6.5,1.621,0.0
394,25,RU000A0D0G29,55,2018-11-28,6.5,1.621,0.0
395,25,RU000A0D0G29,56,2019-02-27,6.5,1.621,0.0
396,25,RU000A0D0G29,57,2019-05-29,6.5,1.621,0.0
397,25,RU000A0D0G29,58,2019-08-28,6.5,1.621,0.0
398,25,RU000A0D0G29,59,2019-11-27,6.5,1.621,0.0
399,25,RU000A0D0G29,60,2020-02-26,6.5,1.134,30.0
400,25,RU000A0D0G29,61,2020-05-27,6.5,1.134,0.0
401,25,RU000A0D0G29,62,2020-08-26,6.5,1.134,0.0
402,25,RU000A0D0G29,63,2020-11-25,6.5,1.134,0.0
403,25,RU000A0D0G29,64,2021-02-24,6.5,0.648,30.0
404,25,RU000A0D0G29,65,2021-05-26,6.5,0.648,0.0
405,25,RU000A0D0G29,66,2021-08-25,6.5,0.648,0.0
406,25,RU000A0D0G29,67,2021-11-24,6.5,0.648,40.0
407,26,RU000A0ZYCK6,1,2018-06-20,7.0,4.833,0.0
408,26,RU000A0ZYCK6,2,2018-12-19,7.0,3.4899999999999998,0.0
409,26,RU000A0ZYCK6,3,2019-06-19,7.0,3.4899999999999998,0.0
410,26,RU000A0ZYCK6,4,2019-12-18,7.0,3.4899999999999998,0.0
411,26,RU000A0ZYCK6,5,2020-06-17,7.0,3.4899999999999998,0.0
412,26,RU000A0ZYCK6,6,2020-12-16,7.0,3.4899999999999998,0.0
413,26,RU000A0ZYCK6,7,2021-06-16,7.0,3.4899999999999998,0.0
414,26,RU000A0ZYCK6,8,2021-12-15,7.0,3.4899999999999998,100.0
415,27,RU000A0JSMA2,1,2013-01-30,7.6,3.79,0.0
416,27,RU000A0JSMA2,2,2013-07-31,7.6,3.79,0.0
417,27,RU000A0JSMA2,3,2014-01-29,7.6,3.79,0.0
418,27,RU000A0JSMA2,4,2014-07-30,7.6,3.79,0.0
419,27,RU000A0JSMA2,5,2015-01-28,7.6,3.79,0.0
420,27,RU000A0JSMA2,6,2015-07-29,7.6,3.79,0.0
421,27,RU000A0JSMA2,7,2016-01-27,7.6,3.79,0.0
422,27,RU000A0JSMA2,8,2016-07-27,7.6,3.79,0.0
423,27,RU000A0JSMA2,9,2017-01-25,7.6,3.79,0.0
424,27,RU000A0JSMA2,10,2017-07-26,7.6,3.79,0.0
425,27,RU000A0JSMA2,11,2018-01-24,7.6,3.79,0.0
426,27,RU000A0JSMA2,12,2018-07-25,7.6,3.79,0.0
427,27,RU000A0JSMA2,13,2019-01-23,7.6,3.79,0.0
428,27,RU000A0JSMA2,14,2019-07-24,7.6,3.79,0.0
429,27,RU000A0JSMA2,15,2020-01-22,7.6,3.79,0.0
430,27,RU000A0JSMA2,16,2020-07-22,7.6,3.79,0.0
431,27,RU000A0JSMA2,17,2021-01-20,7.6,3.79,0.0
432,27,RU000A0JSMA2,18,2021-07-21,7.6,3.79,0.0
433,27,RU000A0JSMA2,19,2022-01-19,7.6,3.79,0.0
434,27,RU000A0JSMA2,20,2022-07-20,7.6,3.79,100.0
435,28,RU000A0JXB41,1,2017-06-14,7.4,2.696,0.0
436,28,RU000A0JXB41,2,2017-12-13,7.4,3.69,0.0
437,28,RU000A0JXB41,3,2018-06-13,7.4,3.69,0.0
438,28,RU000A0JXB41,4,2018-12-12,7.4,3.69,0.0
439,28,RU000A0JXB41,5,2019-06-12,7.4,3.69,0.0
440,28,RU000A0JXB41,6,2019-12-11,7.4,3.69,0.0
441,28,RU000A0JXB41,7,2020-06-10,7.4,3.69,0.0
442,28,RU000A0JXB41,8,2020-12-09,7.4,3.69,0.0
443,28,RU000A0JXB41,9,2021-06-09,7.4,3.69,0.0
444,28,RU000A0JXB41,10,2021-12-08,7.4,3.69,0.0
445,28,RU000A0JXB41,11,2022-06-08,7.4,3.69,0.0
446,28,RU000A0JXB41,12,2022-12-07,7.4,3.69,100.0
447,29,RU000A0JTJL3,1,2013-08-07,7.0,3.893,0.0
448,29,RU000A0JTJL3,2,2014-02-05,7.0,3.4899999999999998,0.0
449,29,RU000A0JTJL3,3,2014-08-06,7.0,3.4899999999999998,0.0
450,29,RU000A0JTJL3,4,2015-02-04,7.0,3.4899999999999998,0.0
451,29,RU000A0JTJL3,5,2015-08-05,7.0,3.4899999999999998,0.0
452,29,RU000A0JTJL3,6,2016-02-03,7.0,3.4899999999999998,0.0
453,29,RU000A0JTJL3,7,2016-08-03,7.0,3.4899999999999998,0.0
454,29,RU000A0JTJL3,8,2017-02-01,7.0,3.4899999999999998,0.0
455,29,RU000A0JTJL3,9,2017-08-02,7.0,3.4899999999999998,0.0
456,29,RU000A0JTJL3,10,2018-01-31,7.0,3.4899999999999998,0.0
457,29,RU000A0JTJL3,11,2018-08-01,7.0,3.4899999999999998,0.0
458,29,RU000A0JTJL3,12,2019-01-30,7.0,3.4899999999999998,0.0
459,29,RU000A0JTJL3,13,2019-07-31,7.0,3.4899999999999998,0.0
460,29,RU000A0JTJL3,14,2020-01-29,7.0,3.4899999999999998,0.0
461,29,RU000A0JTJL3,15,2020-07-29,7.0,3.4899999999999998,0.0
462,29,RU000A0JTJL3,16,2021-01-27,7.0,3.4899999999999998,0.0
463,29,RU000A0JTJL3,17,2021-07-28,7.0,3.4899999999999998,0.0
464,29,RU000A0JTJL3,18,2022-01-26,7.0,3.4899999999999998,0.0
465,29,RU000A0JTJL3,19,2022-07-27,7.0,3.4899999999999998,0.0
466,29,RU000A0JTJL3,20,2023-01-25,7.0,3.4899999999999998,100.0
467,30,RU000A0JPLH5,1,2008-07-23,8.0,3.989,0.0
468,30,RU000A0JPLH5,2,2009-01-21,7.5,3.7399999999999998,0.0
469,30,RU000A0JPLH5,3,2009-07-22,7.5,3.7399999999999998,0.0
470,30,RU000A0JPLH5,4,2010-01-20,7.5,3.7399999999999998,0.0
471,30,RU000A0JPLH5,5,2010-07-21,7.5,3.7399999999999998,0.0
472,30,RU000A0JPLH5,6,2011-01-19,7.0,3.4899999999999998,0.0
473,30,RU000A0JPLH5,7,2011-07-20,7.0,3.4899999999999998,0.0
474,30,RU000A0JPLH5,8,2012-01-18,6.5,3.2409999999999997,0.0
475,30,RU000A0JPLH5,9,2012-07-18,6.5,3.2409999999999997,0.0
476,30,RU000A0JPLH5,10,2013-01-23,6.5,3.3659999999999997,0.0
477,30,RU000A0JPLH5,11,2013-07-24,6.5,3.2409999999999997,0.0
478,30,RU000A0JPLH5,12,2014-01-22,6.0,2.992,0.0
479,30,RU000A0JPLH5,13,2014-07-23,6.0,2.992,0.0
480,30,RU000A0JPLH5,14,2015-01-21,6.0,2.992,0.0
481,30,RU000A0JPLH5,15,2015-07-22,6.0,2.992,0.0
482,30,RU000A0JPLH5,16,2016-01-20,6.0,2.992,0.0
483,30,RU000A0JPLH5,17,2016-07-20,6.0,2.992,0.0
484,30,RU000A0JPLH5,18,2017-01-18,6.0,2.992,0.0
485,30,RU000A0JPLH5,19,2017-07-19,6.0,2.992,0.0
486,30,RU000A0JPLH5,20,2018-01-24,6.0,3.107,0.0
487,30,RU000A0JPLH5,21,2018-07-25,6.0,2.992,0.0
488,30,RU000A0JPLH5,22,2019-01-23,5.5,2.742,0.0
489,30,RU000A0JPLH5,23,2019-07-24,5.5,2.742,0.0
490,30,RU000A0JPLH5,24,2020-01-22,5.5,2.742,0.0
491,30,RU000A0JPLH5,25,2020-07-22,5.5,2.742,0.0
492,30,RU000A0JPLH5,26,2021-01-20,5.5,2.742,0.0
493,30,RU000A0JPLH5,27,2021-07-21,5.5,2.742,0.0
494,30,RU000A0JPLH5,28,2022-01-19,5.5,2.742,0.0
495,30,RU000A0JPLH5,29,2022-07-20,5.5,2.742,50.0
496,30,RU000A0JPLH5,30,2023-01-18,5.5,1.371,0.0
497,30,RU000A0JPLH5,31,2023-07-19,5.5,1.371,50.0
498,31,RU000A0JU4L3,1,2014-02-26,7.0,3.3560000000000003,0.0
499,31,RU000A0JU4L3,2,2014-08-27,7.0,3.4899999999999998,0.0
500,31,RU000A0JU4L3,3,2015-02-25,7.0,3.4899999999999998,0.0
501,31,RU000A0JU4L3,4,2015-08-26,7.0,3.4899999999999998,0.0
502,31,RU000A0JU4L3,5,2016-02-24,7.0,3.4899999999999998,0.0
503,31,RU000A0JU4L3,6,2016-08-24,7.0,3.4899999999999998,0.0
504,31,RU000A0JU4L3,7,2017-02-22,7.0,3.4899999999999998,0.0
505,31,RU000A0JU4L3,8,2017-08-23,7.0,3.4899999999999998,0.0
506,31,RU000A0JU4L3,9,2018-02-21,7.0,3.4899999999999998,0.0
507,31,RU000A0JU4L3,10,2018-08-22,7.0,3.4899999999999998,0.0
508,31,RU000A0JU4L3,11,2019-02-20,7.0,3.4899999999999998,0.0
509,31,RU000A0JU4L3,12,2019-08-21,7.0,3.4899999999999998,0.0
510,31,RU000A0JU4L3,13,2020-02-19,7.0,3.4899999999999998,0.0
511,31,RU000A0JU4L3,14,2020-08-19,7.0,3.4899999999999998,0.0
512,31,RU000A0JU4L3,15,2021-02-17,7.0,3.4899999999999998,0.0
513,31,RU000A0JU4L3,16,2021-08-18,7.0,3.4899999999999998,0.0
514,31,RU000A0JU4L3,17,2022-02-16,7.0,3.4899999999999998,0.0
515,31,RU000A0JU4L3,18,2022-08-17,7.0,3.4899999999999998,0.0
516,31,RU000A0JU4L3,19,2023-02-15,7.0,3.4899999999999998,0.0
517,31,RU000A0JU4L3,20,2023-08-16,7.0,3.4899999999999998,100.0
518,32,RU000A101FA1,1,2020-10-07,5.3,3.354,0.0
519,32,RU000A101FA1,2,2021-04-07,5.3,2.643,0.0
520,32,RU000A101FA1,3,2021-10-06,5.3,2.643,0.0
521,32,RU000A101FA1,4,2022-04-06,5.3,2.643,0.0
522,32,RU000A101FA1,5,2022-10-05,5.3,2.643,0.0
523,32,RU000A101FA1,6,2023-04-05,5.3,2.643,0.0
524,32,RU000A101FA1,7,2023-10-04,5.3,2.643,100.0
525,33,RU000A0ZYU88,1,2018-09-05,6.5,3.4899999999999998,0.0
526,33,RU000A0ZYU88,2,2019-03-06,6.5,3.2409999999999997,0.0
527,33,RU000A0ZYU88,3,2019-09-04,6.5,3.2409999999999997,0.0
528,33,RU000A0ZYU88,4,2020-03-04,6.5,3.2409999999999997,0.0
529,33,RU000A0ZYU88,5,2020-09-02,6.5,3.2409999999999997,0.0
530,33,RU000A0ZYU88,6,2021-03-03,6.5,3.2409999999999997,0.0
531,33,RU000A0ZYU88,7,2021-09-01,6.5,3.2409999999999997,0.0
532,33,RU000A0ZYU88,8,2022-03-02,6.5,3.2409999999999997,0.0
533,33,RU000A0ZYU88,9,2022-08-31,6.5,3.2409999999999997,0.0
534,33,RU000A0ZYU88,10,2023-03-01,6.5,3.2409999999999997,0.0
535,33,RU000A0ZYU88,11,2023-08-30,6.5,3.2409999999999997,0.0
536,33,RU000A0ZYU88,12,2024-02-28,6.5,3.2409999999999997,100.0
537,34,RU000A1007F4,1,2019-07-24,7.4,2.413,0.0
538,34,RU000A1007F4,2,2020-01-22,7.4,3.69,0.0
539,34,RU000A1007F4,3,2020-07-22,7.4,3.69,0.0
540,34,RU000A1007F4,4,2021-01-20,7.4,3.69,0.0
541,34,RU000A1007F4,5,2021-07-21,7.4,3.69,0.0
542,34,RU000A1007F4,6,2022-01-19,7.4,3.69,0.0
543,34,RU000A1007F4,7,2022-07-20,7.4,3.69,0.0
544,34,RU000A1007F4,8,2023-01-18,7.4,3.69,0.0
545,34,RU000A1007F4,9,2023-07-19,7.4,3.69,0.0
546,34,RU000A1007F4,10,2024-01-17,7.4,3.69,0.0
547,34,RU000A1007F4,11,2024-07-17,7.4,3.69,100.0
548,35,RU000A0JXQF2,1,2017-10-25,7.1,3.404,0.0
549,35,RU000A0JXQF2,2,2018-04-25,7.1,3.54,0.0
550,35,RU000A0JXQF2,3,2018-10-24,7.1,3.54,0.0
551,35,RU000A0JXQF2,4,2019-04-24,7.1,3.54,0.0
552,35,RU000A0JXQF2,5,2019-10-23,7.1,3.54,0.0
553,35,RU000A0JXQF2,6,2020-04-22,7.1,3.54,0.0
554,35,RU000A0JXQF2,7,2020-10-21,7.1,3.54,0.0
555,35,RU000A0JXQF2,8,2021-04-21,7.1,3.54,0.0
556,35,RU000A0JXQF2,9,2021-10-20,7.1,3.54,0.0
557,35,RU000A0JXQF2,10,2022-04-20,7.1,3.54,0.0
558,35,RU000A0JXQF2,11,2022-10-19,7.1,3.54,0.0
559,35,RU000A0JXQF2,12,2023-04-19,7.1,3.54,0.0
560,35,RU000A0JXQF2,13,2023-10-18,7.1,3.54,0.0
561,35,RU000A0JXQF2,14,2024-04-17,7.1,3.54,0.0
562,35,RU000A0JXQF2,15,2024-10-16,7.1,3.54,100.0
563,36,RU000A101QE0,1,2021-01-20,4.5,2.848,0.0
564,36,RU000A101QE0,2,2021-07-21,4.5,2.244,0.0
565,36,RU000A101QE0,3,2022-01-19,4.5,2.244,0.0
566,36,RU000A101QE0,4,2022-07-20,4.5,2.244,0.0
567,36,RU000A101QE0,5,2023-01-18,4.5,2.244,0.0
568,36,RU000A101QE0,6,2023-07-19,4.5,2.244,0.0
569,36,RU000A101QE0,7,2024-01-17,4.5,2.244,0.0
570,36,RU000A101QE0,8,2024-07-17,4.5,2.244,0.0
571,36,RU000A101QE0,9,2025-01-15,4.5,2.244,0.0
572,36,RU000A101QE0,10,2025-07-16,4.5,2.244,100.0
573,37,RU0002867854,1,2003-09-17,0.0,0.0,0.0
574,37,RU0002867854,2,2004-09-15,0.0,0.0,0.0
575,37,RU0002867854,3,2005-09-14,0.0,0.0,0.0
576,37,RU0002867854,4,2006-09-13,0.0,0.0,0.0
577,37,RU0002867854,5,2007-09-12,0.0,0.0,0.0
578,37,RU0002867854,6,2008-09-10,0.0,0.0,0.0
579,37,RU0002867854,7,2009-09-09,0.0,0.0,0.0
580,37,RU0002867854,8,2010-09-08,0.0,0.0,0.0
581,37,RU0002867854,9,2011-09-07,0.0,0.0,0.0
582,37,RU0002867854,10,2012-09-05,0.0,0.0,0.0
583,37,RU0002867854,11,2013-09-04,10.0,9.973,0.0
584,37,RU0002867854,12,2014-09-03,10.0,9.973,0.0
585,37,RU0002867854,13,2015-09-02,10.0,9.973,0.0
586,37,RU0002867854,14,2016-08-31,10.0,9.973,0.0
587,37,RU0002867854,15,2017-08-30,10.0,9.973,0.0
588,37,RU0002867854,16,2018-08-29,10.0,9.973,0.0
589,37,RU0002867854,17,2019-08-28,10.0,9.973,0.0
590,37,RU0002867854,18,2020-08-26,10.0,9.973,10.0
591,37,RU0002867854,19,2021-08-25,10.0,8.975,10.0
592,37,RU0002867854,20,2022-08-24,10.0,7.978,20.0
593,37,RU0002867854,21,2023-08-23,10.0,5.984,10.0
594,37,RU0002867854,22,2024-08-21,10.0,4.986,20.0
595,37,RU0002867854,23,2025-08-20,10.0,2.992,30.0
596,38,RU000A100EG3,1,2019-11-20,7.15,3.2909999999999995,0.0
597,38,RU000A100EG3,2,2020-05-20,7.15,3.565,0.0
598,38,RU000A100EG3,3,2020-11-18,7.15,3.565,0.0
599,38,RU000A100EG3,4,2021-05-19,7.15,3.565,0.0
600,38,RU000A100EG3,5,2021-11-17,7.15,3.565,0.0
601,38,RU000A100EG3,6,2022-05-18,7.15,3.565,0.0
602,38,RU000A100EG3,7,2022-11-16,7.15,3.565,0.0
603,38,RU000A100EG3,8,2023-05-17,7.15,3.565,0.0
604,38,RU000A100EG3,9,2023-11-15,7.15,3.565,0.0
605,38,RU000A100EG3,10,2024-05-15,7.15,3.565,0.0
606,38,RU000A100EG3,11,2024-11-13,7.15,3.565,0.0
607,38,RU000A100EG3,12,2025-05-14,7.15,3.565,0.0
608,38,RU000A100EG3,13,2025-11-12,7.15,3.565,100.0
609,39,RU000A0JRTL6,1,2012-02-09,8.16,2.951,0.0
610,39,RU000A0JRTL6,2,2012-08-09,8.16,4.069,10.0
611,39,RU000A0JRTL6,3,2013-02-07,8.16,4.069,0.0
612,39,RU000A0JRTL6,4,2013-08-08,8.16,4.069,10.0
613,39,RU000A0JRTL6,5,2014-02-06,8.16,4.069,0.0
614,39,RU000A0JRTL6,6,2014-08-07,8.16,4.069,10.0
615,39,RU000A0JRTL6,7,2015-02-05,8.16,4.069,0.0
616,39,RU000A0JRTL6,8,2015-08-06,8.16,4.069,10.0
617,39,RU000A0JRTL6,9,2016-02-04,8.16,4.069,0.0
618,39,RU000A0JRTL6,10,2016-08-04,8.16,4.069,10.0
619,39,RU000A0JRTL6,11,2017-02-02,8.16,4.069,0.0
620,39,RU000A0JRTL6,12,2017-08-03,8.16,3.662,10.0
621,39,RU000A0JRTL6,13,2018-02-01,8.16,3.662,0.0
622,39,RU000A0JRTL6,14,2018-08-02,8.16,3.255,10.0
623,39,RU000A0JRTL6,15,2019-01-31,8.16,3.255,0.0
624,39,RU000A0JRTL6,16,2019-08-01,8.16,2.848,10.0
625,39,RU000A0JRTL6,17,2020-01-30,8.16,2.848,0.0
626,39,RU000A0JRTL6,18,2020-07-30,8.16,2.441,10.0
627,39,RU000A0JRTL6,19,2021-01-28,8.16,2.441,0.0
628,39,RU000A0JRTL6,20,2021-07-29,8.16,2.034,0.0
629,39,RU000A0JRTL6,21,2022-01-27,8.16,2.034,10.0
630,39,RU000A0JRTL6,22,2022-07-28,8.16,1.6280000000000001,0.0
631,39,RU000A0JRTL6,23,2023-01-26,8.16,1.6280000000000001,0.0
632,39,RU000A0JRTL6,24,2023-07-27,8.16,1.221,0.0
633,39,RU000A0JRTL6,25,2024-01-25,8.16,1.221,0.0
634,39,RU000A0JRTL6,26,2024-07-25,8.16,0.8140000000000001,0.0
635,39,RU000A0JRTL6,27,2025-01-23,8.16,0.8140000000000001,0.0
636,39,RU000A0JRTL6,28,2025-07-24,8.16,0.40700000000000003,0.0
637,39,RU000A0JRTL6,29,2026-01-22,8.16,0.40700000000000003,0.0
638,39,RU000A0JRTL6,30,2026-07-23,8.16,0.40700000000000003,0.0
639,40,RU000A0JWM07,1,2016-09-28,7.75,1.932,0.0
640,40,RU000A0JWM07,2,2017-03-29,7.75,3.864,0.0
641,40,RU000A0JWM07,3,2017-09-27,7.75,3.864,0.0
642,40,RU000A0JWM07,4,2018-03-28,7.75,3.864,0.0
643,40,RU000A0JWM07,5,2018-09-26,7.75,3.864,0.0
644,40,RU000A0JWM07,6,2019-03-27,7.75,3.864,0.0
645,40,RU000A0JWM07,7,2019-09-25,7.75,3.864,0.0
646,40,RU000A0JWM07,8,2020-03-25,7.75,3.864,0.0
647,40,RU000A0JWM07,9,2020-09-23,7.75,3.864,0.0
648,40,RU000A0JWM07,10,2021-03-24,7.75,3.864,0.0
649,40,RU000A0JWM07,11,2021-09-22,7.75,3.864,0.0
650,40,RU000A0JWM07,12,2022-03-23,7.75,3.864,0.0
651,40,RU000A0JWM07,13,2022-09-21,7.75,3.864,0.0
652,40,RU000A0JWM07,14,2023-03-22,7.75,3.864,0.0
653,40,RU000A0JWM07,15,2023-09-20,7.75,3.864,0.0
654,40,RU000A0JWM07,16,2024-03-20,7.75,3.864,0.0
655,40,RU000A0JWM07,17,2024-09-18,7.75,3.864,0.0
656,40,RU000A0JWM07,18,2025-03-19,7.75,3.864,0.0
657,40,RU000A0JWM07,19,2025-09-17,7.75,3.864,0.0
658,40,RU000A0JWM07,20,2026-03-18,7.75,3.864,0.0
659,40,RU000A0JWM07,21,2026-09-16,7.75,3.864,100.0
660,41,RU000A0ZZYW2,1,2019-04-17,7.95,2.592,0.0
661,41,RU000A0ZZYW2,2,2019-10-16,7.95,3.964,0.0
662,41,RU000A0ZZYW2,3,2020-04-15,7.95,3.964,0.0
663,41,RU000A0ZZYW2,4,2020-10-14,7.95,3.964,0.0
664,41,RU000A0ZZYW2,5,2021-04-14,7.95,3.964,0.0
665,41,RU000A0ZZYW2,6,2021-10-13,7.95,3.964,0.0
666,41,RU000A0ZZYW2,7,2022-04-13,7.95,3.964,0.0
667,41,RU000A0ZZYW2,8,2022-10-12,7.95,3.964,0.0
668,41,RU000A0ZZYW2,9,2023-04-12,7.95,3.964,0.0
669,41,RU000A0ZZYW2,10,2023-10-11,7.95,3.964,0.0
670,41,RU000A0ZZYW2,11,2024-04-10,7.95,3.964,0.0
671,41,RU000A0ZZYW2,12,2024-10-09,7.95,3.964,0.0
672,41,RU000A0ZZYW2,13,2025-04-09,7.95,3.964,0.0
673,41,RU000A0ZZYW2,14,2025-10-08,7.95,3.964,0.0
674,41,RU000A0ZZYW2,15,2026-04-08,7.95,3.964,0.0
675,41,RU000A0ZZYW2,16,2026-10-07,7.95,3.964,100.0
676,42,RU000A0JS3W6,1,2012-08-22,8.15,4.064,0.0
677,42,RU000A0JS3W6,2,2013-02-20,8.15,4.064,0.0
678,42,RU000A0JS3W6,3,2013-08-21,8.15,4.064,0.0
679,42,RU000A0JS3W6,4,2014-02-19,8.15,4.064,0.0
680,42,RU000A0JS3W6,5,2014-08-20,8.15,4.064,0.0
681,42,RU000A0JS3W6,6,2015-02-18,8.15,4.064,0.0
682,42,RU000A0JS3W6,7,2015-08-19,8.15,4.064,0.0
683,42,RU000A0JS3W6,8,2016-02-17,8.15,4.064,0.0
684,42,RU000A0JS3W6,9,2016-08-17,8.15,4.064,0.0
685,42,RU000A0JS3W6,10,2017-02-15,8.15,4.064,0.0
686,42,RU000A0JS3W6,11,2017-08-16,8.15,4.064,0.0
687,42,RU000A0JS3W6,12,2018-02-14,8.15,4.064,0.0
688,42,RU000A0JS3W6,13,2018-08-15,8.15,4.064,0.0
689,42,RU000A0JS3W6,14,2019-02-13,8.15,4.064,0.0
690,42,RU000A0JS3W6,15,2019-08-14,8.15,4.064,0.0
691,42,RU000A0JS3W6,16,2020-02-12,8.15,4.064,0.0
692,42,RU000A0JS3W6,17,2020-08-12,8.15,4.064,0.0
693,42,RU000A0JS3W6,18,2021-02-10,8.15,4.064,0.0
694,42,RU000A0JS3W6,19,2021-08-11,8.15,4.064,0.0
695,42,RU000A0JS3W6,20,2022-02-09,8.15,4.064,0.0
696,42,RU000A0JS3W6,21,2022-08-10,8.15,4.064,0.0
697,42,RU000A0JS3W6,22,2023-02-08,8.15,4.064,0.0
698,42,RU000A0JS3W6,23,2023-08-09,8.15,4.064,0.0
699,42,RU000A0JS3W6,24,2024-02-07,8.15,4.064,0.0
700,42,RU000A0JS3W6,25,2024-08-07,8.15,4.064,0.0
701,42,RU000A0JS3W6,26,2025-02-05,8.15,4.064,0.0
702,42,RU000A0JS3W6,27,2025-08-06,8.15,4.064,0.0
703,42,RU000A0JS3W6,28,2026-02-04,8.15,4.064,0.0
704,42,RU000A0JS3W6,29,2026-08-05,8.15,4.064,0.0
705,42,RU000A0JS3W6,30,2027-02-03,8.15,4.064,100.0
706,43,RU000A1014N4,1,2020-04-15,6.0,2.186,0.0
707,43,RU000A1014N4,2,2020-10-14,6.0,2.992,0.0
708,43,RU000A1014N4,3,2021-04-14,6.0,2.992,0.0
709,43,RU000A1014N4,4,2021-10-13,6.0,2.992,0.0
710,43,RU000A1014N4,5,2022-04-13,6.0,2.992,0.0
711,43,RU000A1014N4,6,2022-10-12,6.0,2.992,0.0
712,43,RU000A1014N4,7,2023-04-12,6.0,2.992,0.0
713,43,RU000A1014N4,8,2023-10-11,6.0,2.992,0.0
714,43,RU000A1014N4,9,2024-04-10,6.0,2.992,0.0
715,43,RU000A1014N4,10,2024-10-09,6.0,2.992,0.0
716,43,RU000A1014N4,11,2025-04-09,6.0,2.992,0.0
717,43,RU000A1014N4,12,2025-10-08,6.0,2.992,0.0
718,43,RU000A1014N4,13,2026-04-08,6.0,2.992,0.0
719,43,RU000A1014N4,14,2026-10-07,6.0,2.992,0.0
720,43,RU000A1014N4,15,2027-04-07,6.0,2.992,0.0
721,43,RU000A1014N4,16,2027-10-06,6.0,2.992,100.0
722,44,RU000A0JTK38,1,2013-08-07,7.05,3.786,0.0
723,44,RU000A0JTK38,2,2014-02-05,7.05,3.5149999999999997,0.0
724,44,RU000A0JTK38,3,2014-08-06,7.05,3.5149999999999997,0.0
725,44,RU000A0JTK38,4,2015-02-04,7.05,3.5149999999999997,0.0
726,44,RU000A0JTK38,5,2015-08-05,7.05,3.5149999999999997,0.0
727,44,RU000A0JTK38,6,2016-02-03,7.05,3.5149999999999997,0.0
728,44,RU000A0JTK38,7,2016-08-03,7.05,3.5149999999999997,0.0
729,44,RU000A0JTK38,8,2017-02-01,7.05,3.5149999999999997,0.0
730,44,RU000A0JTK38,9,2017-08-02,7.05,3.5149999999999997,0.0
731,44,RU000A0JTK38,10,2018-01-31,7.05,3.5149999999999997,0.0
732,44,RU000A0JTK38,11,2018-08-01,7.05,3.5149999999999997,0.0
733,44,RU000A0JTK38,12,2019-01-30,7.05,3.5149999999999997,0.0
734,44,RU000A0JTK38,13,2019-07-31,7.05,3.5149999999999997,0.0
735,44,RU000A0JTK38,14,2020-01-29,7.05,3.5149999999999997,0.0
736,44,RU000A0JTK38,15,2020-07-29,7.05,3.5149999999999997,0.0
737,44,RU000A0JTK38,16,2021-01-27,7.05,3.5149999999999997,0.0
738,44,RU000A0JTK38,17,2021-07-28,7.05,3.5149999999999997,0.0
739,44,RU000A0JTK38,18,2022-01-26,7.05,3.5149999999999997,0.0
740,44,RU000A0JTK38,19,2022-07-27,7.05,3.5149999999999997,0.0
741,44,RU000A0JTK38,20,2023-01-25,7.05,3.5149999999999997,0.0
742,44,RU000A0JTK38,21,2023-07-26,7.05,3.5149999999999997,0.0
743,44,RU000A0JTK38,22,2024-01-24,7.05,3.5149999999999997,0.0
744,44,RU000A0JTK38,23,2024-07-24,7.05,3.5149999999999997,0.0
745,44,RU000A0JTK38,24,2025-01-22,7.05,3.5149999999999997,0.0
746,44,RU000A0JTK38,25,2025-07-23,7.05,3.5149999999999997,0.0
747,44,RU000A0JTK38,26,2026-01-21,7.05,3.5149999999999997,0.0
748,44,RU000A0JTK38,27,2026-07-22,7.05,3.5149999999999997,0.0
749,44,RU000A0JTK38,28,2027-01-20,7.05,3.5149999999999997,0.0
750,44,RU000A0JTK38,29,2027-07-21,7.05,3.5149999999999997,0.0
751,44,RU000A0JTK38,30,2028-01-19,7.05,3.5149999999999997,100.0
752,45,RU000A0ZYUA9,1,2018-06-06,6.9,1.985,0.0
753,45,RU000A0ZYUA9,2,2018-12-05,6.9,3.441,0.0
754,45,RU000A0ZYUA9,3,2019-06-05,6.9,3.441,0.0
755,45,RU000A0ZYUA9,4,2019-12-04,6.9,3.441,0.0
756,45,RU000A0ZYUA9,5,2020-06-03,6.9,3.441,0.0
757,45,RU000A0ZYUA9,6,2020-12-02,6.9,3.441,0.0
758,45,RU000A0ZYUA9,7,2021-06-02,6.9,3.441,0.0
759,45,RU000A0ZYUA9,8,2021-12-01,6.9,3.441,0.0
760,45,RU000A0ZYUA9,9,2022-06-01,6.9,3.441,0.0
761,45,RU000A0ZYUA9,10,2022-11-30,6.9,3.441,0.0
762,45,RU000A0ZYUA9,11,2023-05-31,6.9,3.441,0.0
763,45,RU000A0ZYUA9,12,2023-11-29,6.9,3.441,0.0
764,45,RU000A0ZYUA9,13,2024-05-29,6.9,3.441,0.0
765,45,RU000A0ZYUA9,14,2024-11-27,6.9,3.441,0.0
766,45,RU000A0ZYUA9,15,2025-05-28,6.9,3.441,0.0
767,45,RU000A0ZYUA9,16,2025-11-26,6.9,3.441,0.0
768,45,RU000A0ZYUA9,17,2026-05-27,6.9,3.441,0.0
769,45,RU000A0ZYUA9,18,2026-11-25,6.9,3.441,0.0
770,45,RU000A0ZYUA9,19,2027-05-26,6.9,3.441,0.0
771,45,RU000A0ZYUA9,20,2027-11-24,6.9,3.441,0.0
772,45,RU000A0ZYUA9,21,2028-05-24,6.9,3.441,0.0
773,45,RU000A0ZYUA9,22,2028-11-22,6.9,3.441,0.0
774,45,RU000A0ZYUA9,23,2029-05-23,6.9,3.441,100.0
775,46,RU0002868001,1,2003-10-08,3.084,1.9940000000000002,0.0
776,46,RU0002868001,2,2004-10-06,1.045,1.042,0.0
777,46,RU0002868001,3,2005-10-05,0.341,0.33999999999999997,0.0
778,46,RU0002868001,4,2006-10-04,1.211,1.208,0.0
779,46,RU0002868001,5,2007-10-03,0.705,0.7030000000000001,0.0
780,46,RU0002868001,6,2008-10-01,1.566,1.5619999999999998,0.0
781,46,RU0002868001,7,2009-09-30,0.888,0.8859999999999999,0.0
782,46,RU0002868001,8,2010-09-29,1.948,1.943,0.0
783,46,RU0002868001,9,2011-09-28,2.903,2.895,0.0
784,46,RU0002868001,10,2012-09-26,3.741,3.7310000000000003,0.0
785,46,RU0002868001,11,2013-09-25,1.359,1.355,0.0
786,46,RU0002868001,12,2014-09-24,1.697,1.6920000000000002,0.0
787,46,RU0002868001,13,2015-09-23,4.673,4.66,0.0
788,46,RU0002868001,14,2016-09-21,3.351,3.342,0.0
789,46,RU0002868001,15,2017-09-20,3.281,3.272,0.0
790,46,RU0002868001,16,2018-09-19,8.386,8.363,2.5
791,46,RU0002868001,17,2019-09-18,8.656,8.416,2.5
792,46,RU0002868001,18,2020-09-16,6.269,5.939,0.0
793,46,RU0002868001,19,2021-09-15,9.718,9.206999999999999,0.0
794,46,RU0002868001,20,2022-09-14,6.573,6.227,0.0
795,46,RU0002868001,21,2023-09-13,9.496,8.995999999999999,0.0
796,46,RU0002868001,22,2024-09-11,8.799,8.336,0.0
797,46,RU0002868001,23,2025-09-10,6.517,6.174,0.0
798,46,RU0002868001,24,2026-09-09,7.673,7.269,12.5
799,46,RU0002868001,25,2027-09-08,0.141,0.11599999999999999,12.5
800,46,RU0002868001,26,2028-09-06,8.896,6.21,12.5
801,46,RU0002868001,27,2029-09-05,2.271,1.302,57.5
802,47,RU000A100A82,1,2019-10-23,7.65,3.815,0.0
803,47,RU000A100A82,2,2020-04-22,7.65,3.815,0.0
804,47,RU000A100A82,3,2020-10-21,7.65,3.815,0.0
805,47,RU000A100A82,4,2021-04-21,7.65,3.815,0.0
806,47,RU000A100A82,5,2021-10-20,7.65,3.815,0.0
807,47,RU000A100A82,6,2022-04-20,7.65,3.815,0.0
808,47,RU000A100A82,7,2022-10-19,7.65,3.815,0.0
809,47,RU000A100A82,8,2023-04-19,7.65,3.815,0.0
810,47,RU000A100A82,9,2023-10-18,7.65,3.815,0.0
811,47,RU000A100A82,10,2024-04-17,7.65,3.815,0.0
812,47,RU000A100A82,11,2024-10-16,7.65,3.815,0.0
813,47,RU000A100A82,12,2025-04-16,7.65,3.815,0.0
814,47,RU000A100A82,13,2025-10-15,7.65,3.815,0.0
815,47,RU000A100A82,14,2026-04-15,7.65,3.815,0.0
816,47,RU000A100A82,15,2026-10-14,7.65,3.815,0.0
817,47,RU000A100A82,16,2027-04-14,7.65,3.815,0.0
818,47,RU000A100A82,17,2027-10-13,7.65,3.815,0.0
819,47,RU000A100A82,18,2028-04-12,7.65,3.815,0.0
820,47,RU000A100A82,19,2028-10-11,7.65,3.815,0.0
821,47,RU000A100A82,20,2029-04-11,7.65,3.815,0.0
822,47,RU000A100A82,21,2029-10-10,7.65,3.815,0.0
823,47,RU000A100A82,22,2030-04-10,7.65,3.815,100.0
824,48,RU000A0JVW48,1,2016-04-06,8.5,3.749,0.0
825,48,RU000A0JVW48,2,2016-10-05,8.5,4.238,0.0
826,48,RU000A0JVW48,3,2017-04-05,8.5,4.238,0.0
827,48,RU000A0JVW48,4,2017-10-04,8.5,4.238,0.0
828,48,RU000A0JVW48,5,2018-04-04,8.5,4.238,0.0
829,48,RU000A0JVW48,6,2018-10-03,8.5,4.238,0.0
830,48,RU000A0JVW48,7,2019-04-03,8.5,4.238,0.0
831,48,RU000A0JVW48,8,2019-10-02,8.5,4.238,0.0
832,48,RU000A0JVW48,9,2020-04-01,8.5,4.238,0.0
833,48,RU000A0JVW48,10,2020-09-30,8.5,4.238,0.0
834,48,RU000A0JVW48,11,2021-03-31,8.5,4.238,0.0
835,48,RU000A0JVW48,12,2021-09-29,8.5,4.238,0.0
836,48,RU000A0JVW48,13,2022-03-30,8.5,4.238,0.0
837,48,RU000A0JVW48,14,2022-09-28,8.5,4.238,0.0
838,48,RU000A0JVW48,15,2023-03-29,8.5,4.238,0.0
839,48,RU000A0JVW48,16,2023-09-27,8.5,4.238,0.0
840,48,RU000A0JVW48,17,2024-03-27,8.5,4.238,0.0
841,48,RU000A0JVW48,18,2024-09-25,8.5,4.238,0.0
842,48,RU000A0JVW48,19,2025-03-26,8.5,4.238,0.0
843,48,RU000A0JVW48,20,2025-09-24,8.5,4.238,0.0
844,48,RU000A0JVW48,21,2026-03-25,8.5,4.238,0.0
845,48,RU000A0JVW48,22,2026-09-23,8.5,4.238,0.0
846,48,RU000A0JVW48,23,2027-03-24,8.5,4.238,0.0
847,48,RU000A0JVW48,24,2027-09-22,8.5,4.238,0.0
848,48,RU000A0JVW48,25,2028-03-22,8.5,4.238,0.0
849,48,RU000A0JVW48,26,2028-09-20,8.5,4.238,0.0
850,48,RU000A0JVW48,27,2029-03-21,8.5,4.238,0.0
851,48,RU000A0JVW48,28,2029-09-19,8.5,4.238,0.0
852,48,RU000A0JVW48,29,2030-03-20,8.5,4.238,0.0
853,48,RU000A0JVW48,30,2030-09-18,8.5,4.238,0.0
854,48,RU000A0JVW48,31,2031-03-19,8.5,4.238,0.0
855,48,RU000A0JVW48,32,2031-09-17,8.5,4.238,100.0
856,49,RU000A0JXFM1,1,2017-10-11,7.7,5.021,0.0
857,49,RU000A0JXFM1,2,2018-04-11,7.7,3.839,0.0
858,49,RU000A0JXFM1,3,2018-10-10,7.7,3.839,0.0
859,49,RU000A0JXFM1,4,2019-04-10,7.7,3.839,0.0
860,49,RU000A0JXFM1,5,2019-10-09,7.7,3.839,0.0
861,49,RU000A0JXFM1,6,2020-04-08,7.7,3.839,0.0
862,49,RU000A0JXFM1,7,2020-10-07,7.7,3.839,0.0
863,49,RU000A0JXFM1,8,2021-04-07,7.7,3.839,0.0
864,49,RU000A0JXFM1,9,2021-10-06,7.7,3.839,0.0
865,49,RU000A0JXFM1,10,2022-04-06,7.7,3.839,0.0
866,49,RU000A0JXFM1,11,2022-10-05,7.7,3.839,0.0
867,49,RU000A0JXFM1,12,2023-04-05,7.7,3.839,0.0
868,49,RU000A0JXFM1,13,2023-10-04,7.7,3.839,0.0
869,49,RU000A0JXFM1,14,2024-04-03,7.7,3.839,0.0
870,49,RU000A0JXFM1,15,2024-10-02,7.7,3.839,0.0
871,49,RU000A0JXFM1,16,2025-04-02,7.7,3.839,0.0
872,49,RU000A0JXFM1,17,2025-10-01,7.7,3.839,0.0
873,49,RU000A0JXFM1,18,2026-04-01,7.7,3.839,0.0
874,49,RU000A0JXFM1,19,2026-09-30,7.7,3.839,0.0
875,49,RU000A0JXFM1,20,2027-03-31,7.7,3.839,0.0
876,49,RU000A0JXFM1,21,2027-09-29,7.7,3.839,0.0
877,49,RU000A0JXFM1,22,2028-03-29,7.7,3.839,0.0
878,49,RU000A0JXFM1,23,2028-09-27,7.7,3.839,0.0
879,49,RU000A0JXFM1,24,2029-03-28,7.7,3.839,0.0
880,49,RU000A0JXFM1,25,2029-09-26,7.7,3.839,0.0
881,49,RU000A0JXFM1,26,2030-03-27,7.7,3.839,0.0
882,49,RU000A0JXFM1,27,2030-09-25,7.7,3.839,0.0
883,49,RU000A0JXFM1,28,2031-03-26,7.7,3.839,0.0
884,49,RU000A0JXFM1,29,2031-09-24,7.7,3.839,0.0
885,49,RU000A0JXFM1,30,2032-03-24,7.7,3.839,0.0
886,49,RU000A0JXFM1,31,2032-09-22,7.7,3.839,0.0
887,49,RU000A0JXFM1,32,2033-03-23,7.7,3.839,100.0
888,50,RU000A0ZYUB7,1,2018-05-30,7.25,1.9469999999999998,0.0
889,50,RU000A0ZYUB7,2,2018-11-28,7.25,3.6149999999999998,0.0
890,50,RU000A0ZYUB7,3,2019-05-29,7.25,3.6149999999999998,0.0
891,50,RU000A0ZYUB7,4,2019-11-27,7.25,3.6149999999999998,0.0
892,50,RU000A0ZYUB7,5,2020-05-27,7.25,3.6149999999999998,0.0
893,50,RU000A0ZYUB7,6,2020-11-25,7.25,3.6149999999999998,0.0
894,50,RU000A0ZYUB7,7,2021-05-26,7.25,3.6149999999999998,0.0
895,50,RU000A0ZYUB7,8,2021-11-24,7.25,3.6149999999999998,0.0
896,50,RU000A0ZYUB7,9,2022-05-25,7.25,3.6149999999999998,0.0
897,50,RU000A0ZYUB7,10,2022-11-23,7.25,3.6149999999999998,0.0
898,50,RU000A0ZYUB7,11,2023-05-24,7.25,3.6149999999999998,0.0
899,50,RU000A0ZYUB7,12,2023-11-22,7.25,3.6149999999999998,0.0
900,50,RU000A0ZYUB7,13,2024-05-22,7.25,3.6149999999999998,0.0
901,50,RU000A0ZYUB7,14,2024-11-20,7.25,3.6149999999999998,0.0
902,50,RU000A0ZYUB7,15,2025-05-21,7.25,3.6149999999999998,0.0
903,50,RU000A0ZYUB7,16,2025-11-19,7.25,3.6149999999999998,0.0
904,50,RU000A0ZYUB7,17,2026-05-20,7.25,3.6149999999999998,0.0
905,50,RU000A0ZYUB7,18,2026-11-18,7.25,3.6149999999999998,0.0
906,50,RU000A0ZYUB7,19,2027-05-19,7.25,3.6149999999999998,0.0
907,50,RU000A0ZYUB7,20,2027-11-17,7.25,3.6149999999999998,0.0
908,50,RU000A0ZYUB7,21,2028-05-17,7.25,3.6149999999999998,0.0
909,50,RU000A0ZYUB7,22,2028-11-15,7.25,3.6149999999999998,0.0
910,50,RU000A0ZYUB7,23,2029-05-16,7.25,3.6149999999999998,0.0
911,50,RU000A0ZYUB7,24,2029-11-14,7.25,3.6149999999999998,0.0
912,50,RU000A0ZYUB7,25,2030-05-15,7.25,3.6149999999999998,0.0
913,50,RU000A0ZYUB7,26,2030-11-13,7.25,3.6149999999999998,0.0
914,50,RU000A0ZYUB7,27,2031-05-14,7.25,3.6149999999999998,0.0
915,50,RU000A0ZYUB7,28,2031-11-12,7.25,3.6149999999999998,0.0
916,50,RU000A0ZYUB7,29,2032-05-12,7.25,3.6149999999999998,0.0
917,50,RU000A0ZYUB7,30,2032-11-10,7.25,3.6149999999999998,0.0
918,50,RU000A0ZYUB7,31,2033-05-11,7.25,3.6149999999999998,0.0
919,50,RU000A0ZYUB7,32,2033-11-09,7.25,3.6149999999999998,0.0
920,50,RU000A0ZYUB7,33,2034-05-10,7.25,3.6149999999999998,100.0
921,51,RU000A101F94,1,2020-08-05,6.1,2.808,0.0
922,51,RU000A101F94,2,2021-02-03,6.1,3.0420000000000003,0.0
923,51,RU000A101F94,3,2021-08-04,6.1,3.0420000000000003,0.0
924,51,RU000A101F94,4,2022-02-02,6.1,3.0420000000000003,0.0
925,51,RU000A101F94,5,2022-08-03,6.1,3.0420000000000003,0.0
926,51,RU000A101F94,6,2023-02-01,6.1,3.0420000000000003,0.0
927,51,RU000A101F94,7,2023-08-02,6.1,3.0420000000000003,0.0
928,51,RU000A101F94,8,2024-01-31,6.1,3.0420000000000003,0.0
929,51,RU000A101F94,9,2024-07-31,6.1,3.0420000000000003,0.0
930,51,RU000A101F94,10,2025-01-29,6.1,3.0420000000000003,0.0
931,51,RU000A101F94,11,2025-07-30,6.1,3.0420000000000003,0.0
932,51,RU000A101F94,12,2026-01-28,6.1,3.0420000000000003,0.0
933,51,RU000A101F94,13,2026-07-29,6.1,3.0420000000000003,0.0
934,51,RU000A101F94,14,2027-01-27,6.1,3.0420000000000003,0.0
935,51,RU000A101F94,15,2027-07-28,6.1,3.0420000000000003,0.0
936,51,RU000A101F94,16,2028-01-26,6.1,3.0420000000000003,0.0
937,51,RU000A101F94,17,2028-07-26,6.1,3.0420000000000003,0.0
938,51,RU000A101F94,18,2029-01-24,6.1,3.0420000000000003,0.0
939,51,RU000A101F94,19,2029-07-25,6.1,3.0420000000000003,0.0
940,51,RU000A101F94,20,2030-01-23,6.1,3.0420000000000003,0.0
941,51,RU000A101F94,21,2030-07-24,6.1,3.0420000000000003,0.0
942,51,RU000A101F94,22,2031-01-22,6.1,3.0420000000000003,0.0
943,51,RU000A101F94,23,2031-07-23,6.1,3.0420000000000003,0.0
944,51,RU000A101F94,24,2032-01-21,6.1,3.0420000000000003,0.0
945,51,RU000A101F94,25,2032-07-21,6.1,3.0420000000000003,0.0
946,51,RU000A101F94,26,2033-01-19,6.1,3.0420000000000003,0.0
947,51,RU000A101F94,27,2033-07-20,6.1,3.0420000000000003,0.0
948,51,RU000A101F94,28,2034-01-18,6.1,3.0420000000000003,0.0
949,51,RU000A101F94,29,2034-07-19,6.1,3.0420000000000003,0.0
950,51,RU000A101F94,30,2035-01-17,6.1,3.0420000000000003,0.0
951,51,RU000A101F94,31,2035-07-18,6.1,3.0420000000000003,100.0
952,52,RU000A0GN9A7,1,2006-08-16,6.95,3.465,0.0
953,52,RU000A0GN9A7,2,2007-02-14,6.9,3.441,0.0
954,52,RU000A0GN9A7,3,2007-08-15,6.9,3.441,0.0
955,52,RU000A0GN9A7,4,2008-02-13,6.9,3.441,0.0
956,52,RU000A0GN9A7,5,2008-08-13,6.9,3.441,0.0
957,52,RU000A0GN9A7,6,2009-02-11,6.9,3.441,0.0
958,52,RU000A0GN9A7,7,2009-08-12,6.9,3.441,0.0
959,52,RU000A0GN9A7,8,2010-02-10,6.9,3.441,0.0
960,52,RU000A0GN9A7,9,2010-08-11,6.9,3.441,0.0
961,52,RU000A0GN9A7,10,2011-02-09,6.9,3.441,0.0
962,52,RU000A0GN9A7,11,2011-08-10,6.9,3.441,0.0
963,52,RU000A0GN9A7,12,2012-02-15,6.9,3.5729999999999995,0.0
964,52,RU000A0GN9A7,13,2012-08-15,6.9,3.441,0.0
965,52,RU000A0GN9A7,14,2013-02-13,6.9,3.441,0.0
966,52,RU000A0GN9A7,15,2013-08-14,6.9,3.441,0.0
967,52,RU000A0GN9A7,16,2014-02-12,6.9,3.441,0.0
968,52,RU000A0GN9A7,17,2014-08-13,6.9,3.441,0.0
969,52,RU000A0GN9A7,18,2015-02-11,6.9,3.441,0.0
970,52,RU000A0GN9A7,19,2015-08-12,6.9,3.441,0.0
971,52,RU000A0GN9A7,20,2016-02-10,6.9,3.441,0.0
972,52,RU000A0GN9A7,21,2016-08-10,6.9,3.441,0.0
973,52,RU000A0GN9A7,22,2017-02-15,6.9,3.5729999999999995,0.0
974,52,RU000A0GN9A7,23,2017-08-16,6.9,3.441,0.0
975,52,RU000A0GN9A7,24,2018-02-14,6.9,3.441,0.0
976,52,RU000A0GN9A7,25,2018-08-15,6.9,3.441,0.0
977,52,RU000A0GN9A7,26,2019-02-13,6.9,3.441,0.0
978,52,RU000A0GN9A7,27,2019-08-14,6.9,3.441,0.0
979,52,RU000A0GN9A7,28,2020-02-12,6.9,3.441,0.0
980,52,RU000A0GN9A7,29,2020-08-12,6.9,3.441,0.0
981,52,RU000A0GN9A7,30,2021-02-10,6.9,3.441,0.0
982,52,RU000A0GN9A7,31,2021-08-11,6.9,3.441,0.0
983,52,RU000A0GN9A7,32,2022-02-09,6.9,3.441,0.0
984,52,RU000A0GN9A7,33,2022-08-10,6.9,3.441,0.0
985,52,RU000A0GN9A7,34,2023-02-15,6.9,3.5729999999999995,0.0
986,52,RU000A0GN9A7,35,2023-08-16,6.9,3.441,0.0
987,52,RU000A0GN9A7,36,2024-02-14,6.9,3.441,0.0
988,52,RU000A0GN9A7,37,2024-08-14,6.9,3.441,0.0
989,52,RU000A0GN9A7,38,2025-02-12,6.9,3.441,0.0
990,52,RU000A0GN9A7,39,2025-08-13,6.9,3.441,0.0
991,52,RU000A0GN9A7,40,2026-02-11,6.9,3.441,0.0
992,52,RU000A0GN9A7,41,2026-08-12,6.9,3.441,0.0
993,52,RU000A0GN9A7,42,2027-02-10,6.9,3.441,0.0
994,52,RU000A0GN9A7,43,2027-08-11,6.9,3.441,0.0
995,52,RU000A0GN9A7,44,2028-02-09,6.9,3.441,0.0
996,52,RU000A0GN9A7,45,2028-08-09,6.9,3.441,0.0
997,52,RU000A0GN9A7,46,2029-02-14,6.9,3.5729999999999995,0.0
998,52,RU000A0GN9A7,47,2029-08-15,6.9,3.441,0.0
999,52,RU000A0GN9A7,48,2030-02-13,6.9,3.441,0.0
1000,52,RU000A0GN9A7,49,2030-08-14,6.9,3.441,0.0
1001,52,RU000A0GN9A7,50,2031-02-12,6.9,3.441,0.0
1002,52,RU000A0GN9A7,51,2031-08-13,6.9,3.441,0.0
1003,52,RU000A0GN9A7,52,2032-02-11,6.9,3.441,0.0
1004,52,RU000A0GN9A7,53,2032-08-11,6.9,3.441,0.0
1005,52,RU000A0GN9A7,54,2033-02-09,6.9,3.441,0.0
1006,52,RU000A0GN9A7,55,2033-08-10,6.9,3.441,0.0
1007,52,RU000A0GN9A7,56,2034-02-08,6.9,3.441,0.0
1008,52,RU000A0GN9A7,57,2034-08-09,6.9,3.441,25.0
1009,52,RU000A0GN9A7,58,2035-02-07,6.9,2.58,25.0
1010,52,RU000A0GN9A7,59,2035-08-08,6.9,1.72,25.0
1011,52,RU000A0GN9A7,60,2036-02-06,6.9,0.86,25.0
1012,53,RU000A100EF5,1,2019-10-09,7.7,2.658,0.0
1013,53,RU000A100EF5,2,2020-04-08,7.7,3.839,0.0
1014,53,RU000A100EF5,3,2020-10-07,7.7,3.839,0.0
1015,53,RU000A100EF5,4,2021-04-07,7.7,3.839,0.0
1016,53,RU000A100EF5,5,2021-10-06,7.7,3.839,0.0
1017,53,RU000A100EF5,6,2022-04-06,7.7,3.839,0.0
1018,53,RU000A100EF5,7,2022-10-05,7.7,3.839,0.0
1019,53,RU000A100EF5,8,2023-04-05,7.7,3.839,0.0
1020,53,RU000A100EF5,9,2023-10-04,7.7,3.839,0.0
1021,53,RU000A100EF5,10,2024-04-03,7.7,3.839,0.0
1022,53,RU000A100EF5,11,2024-10-02,7.7,3.839,0.0
1023,53,RU000A100EF5,12,2025-04-02,7.7,3.839,0.0
1024,53,RU000A100EF5,13,2025-10-01,7.7,3.839,0.0
1025,53,RU000A100EF5,14,2026-04-01,7.7,3.839,0.0
1026,53,RU000A100EF5,15,2026-09-30,7.7,3.839,0.0
1027,53,RU000A100EF5,16,2027-03-31,7.7,3.839,0.0
1028,53,RU000A100EF5,17,2027-09-29,7.7,3.839,0.0
1029,53,RU000A100EF5,18,2028-03-29,7.7,3.839,0.0
1030,53,RU000A100EF5,19,2028-09-27,7.7,3.839,0.0
1031,53,RU000A100EF5,20,2029-03-28,7.7,3.839,0.0
1032,53,RU000A100EF5,21,2029-09-26,7.7,3.839,0.0
1033,53,RU000A100EF5,22,2030-03-27,7.7,3.839,0.0
1034,53,RU000A100EF5,23,2030-09-25,7.7,3.839,0.0
1035,53,RU000A100EF5,24,2031-03-26,7.7,3.839,0.0
1036,53,RU000A100EF5,25,2031-09-24,7.7,3.839,0.0
1037,53,RU000A100EF5,26,2032-03-24,7.7,3.839,0.0
1038,53,RU000A100EF5,27,2032-09-22,7.7,3.839,0.0
1039,53,RU000A100EF5,28,2033-03-23,7.7,3.839,0.0
1040,53,RU000A100EF5,29,2033-09-21,7.7,3.839,0.0
1041,53,RU000A100EF5,30,2034-03-22,7.7,3.839,0.0
1042,53,RU000A100EF5,31,2034-09-20,7.7,3.839,0.0
1043,53,RU000A100EF5,32,2035-03-21,7.7,3.839,0.0
1044,53,RU000A100EF5,33,2035-09-19,7.7,3.839,0.0
1045,53,RU000A100EF5,34,2036-03-19,7.7,3.839,0.0
1046,53,RU000A100EF5,35,2036-09-17,7.7,3.839,0.0
1047,53,RU000A100EF5,36,2037-03-18,7.7,3.839,0.0
1048,53,RU000A100EF5,37,2037-09-16,7.7,3.839,0.0
1049,53,RU000A100EF5,38,2038-03-17,7.7,3.839,0.0
1050,53,RU000A100EF5,39,2038-09-15,7.7,3.839,0.0
1051,53,RU000A100EF5,40,2039-03-16,7.7,3.839,100.0
