TRADEDATE,tau,beta_0,beta_1,beta_2
2014-01-09,1.0,0.08013728529757594,-0.0237141591505828,0.0
2014-01-10,1.0,0.07924317176141685,-0.018035053882728323,0.0
2014-01-13,1.0,0.0790670000252804,-0.017795006250092754,0.0
2014-01-14,1.0,0.07937768468846283,-0.019432158391903584,0.0
2014-01-15,1.0,0.0799352057769115,-0.02000560121707194,0.0
2014-01-16,1.0,0.08086746141667311,-0.02026650674797105,0.0
2014-01-17,1.0,0.07971345889218254,-0.019683642681600923,0.0
2014-01-20,1.0,0.08133726955121515,-0.02090215541685231,0.0
2014-01-21,1.0,0.08125029003874958,-0.021253323887147,0.0
2014-01-22,1.0,0.08231353216004132,-0.02134529990941772,0.0
2014-01-23,1.0,0.08218496841972807,-0.02160477660027539,0.0
2014-01-24,1.0,0.08181176195287224,-0.02069098456596099,0.0
2014-01-27,1.0,0.08405295383663577,-0.022976502083815,0.0
2014-01-28,1.0,0.08271462575751601,-0.021407751373789148,0.0
2014-01-29,1.0,0.08400647954660975,-0.021687192092843317,0.0
2014-01-30,1.0,0.08511351048075291,-0.01972311410436879,0.0
2014-01-31,1.0,0.08512355730396537,-0.021668674229979076,0.0
2014-02-03,1.0,0.084762546123578,-0.02012574290911924,0.0
2014-02-04,1.0,0.08389887555340071,-0.02354204526147751,0.0
2014-02-05,1.0,0.08293888624443865,-0.020360284796478403,0.0
2014-02-06,1.0,0.08230663380967054,-0.020358138215583257,0.0
2014-02-07,1.0,0.08212862883760232,-0.02070578650400299,0.0
2014-02-10,1.0,0.08197161334478528,-0.02022879185412367,0.0
2014-02-11,1.0,0.0814030606490649,-0.018999556189975113,0.0
2014-02-12,1.0,0.08105585682670322,-0.019072312405062887,0.0
2014-02-13,1.0,0.08176314657085006,-0.01984543228316353,0.0
2014-02-14,1.0,0.08265603128824099,-0.021106764374605416,0.0
2014-02-17,1.0,0.08197040715593351,-0.020330876414353036,0.0
2014-02-18,1.0,0.08298739270406898,-0.019414284307385496,0.0
2014-02-19,1.0,0.08382057454690883,-0.02177379286304703,0.0
2014-02-20,1.0,0.08417096462274537,-0.024654216396765433,0.0
2014-02-21,1.0,0.08389840106901922,-0.02181120085702759,0.0
2014-02-24,1.0,0.08332361042014075,-0.022746628220358597,0.0
2014-02-25,1.0,0.08209929182443505,-0.021439070647844324,0.0
2014-02-26,1.0,0.08527119976624128,-0.024541779387229283,0.0
2014-02-27,1.0,0.0849937163276364,-0.02463682339936909,0.0
2014-02-28,1.0,0.08486851643239966,-0.023307186902830138,0.0
2014-03-03,1.0,0.08779322874807488,-0.01474046971005856,0.0
2014-03-04,1.0,0.08724082195801613,-0.01578331047369627,0.0
2014-03-05,1.0,0.0864705775392354,-0.015475170125123255,0.0
2014-03-06,1.0,0.08715582253579665,-0.018306442405398513,0.0
2014-03-07,1.0,0.08727025803141966,-0.015706104627987924,0.0
2014-03-11,1.0,0.08763563753371141,-0.020905729966456274,0.0
2014-03-12,1.0,0.09173492700543387,-0.02300840234264634,0.0
2014-03-13,1.0,0.09244242175029051,-0.02343059058017928,0.0
2014-03-14,1.0,0.09221151949018944,-0.019384966569981635,0.0
2014-03-17,1.0,0.0890019468205875,-0.022537811710603622,0.0
2014-03-18,1.0,0.09280034927228283,-0.029968502279800857,0.0
2014-03-19,1.0,0.09394574279799922,-0.030356447386891125,0.0
2014-03-20,1.0,0.09380401181927439,-0.026391088098757176,0.0
2014-03-21,1.0,0.09614775953323232,-0.025191913107886127,0.0
2014-03-24,1.0,0.09584874451517969,-0.02464463318118998,0.0
2014-03-25,1.0,0.09270514514070287,-0.02480746455815616,0.0
2014-03-26,1.0,0.09049121244086333,-0.022671236792925473,0.0
2014-03-27,1.0,0.09227667420675548,-0.024077566396757857,0.0
2014-03-28,1.0,0.09277708708740418,-0.02506331157583795,0.0
2014-03-31,1.0,0.08994362526282725,-0.023914191127087564,0.0
2014-04-01,1.0,0.09035021067101781,-0.023586167982861533,0.0
2014-04-02,1.0,0.09101342255529554,-0.02353335526606999,0.0
2014-04-03,1.0,0.09096984040241365,-0.025215189839252958,0.0
2014-04-04,1.0,0.08976032134079925,-0.027304801697868003,0.0
2014-04-07,1.0,0.09031002830179473,-0.02494723874616775,0.0
2014-04-08,1.0,0.09027284127189487,-0.026845249438595162,0.0
2014-04-09,1.0,0.08885152735865444,-0.023250871654182353,0.0
2014-04-10,1.0,0.08967781514664216,-0.021834268392050868,0.0
2014-04-11,1.0,0.09018726539938496,-0.023563895498120976,0.0
2014-04-14,1.0,0.09172134815510512,-0.024692394330510292,0.0
2014-04-15,1.0,0.09162287734756708,-0.02515260178965323,0.0
2014-04-16,1.0,0.09223013328316365,-0.02653515789107272,0.0
2014-04-17,1.0,0.09232770988178757,-0.023470332981757838,0.0
2014-04-18,1.0,0.09092745974067652,-0.022288640238036034,0.0
2014-04-21,1.0,0.09072500440741599,-0.022824152723985053,0.0
2014-04-22,1.0,0.09107339103900075,-0.023198645692514508,0.0
2014-04-23,1.0,0.09226712452319412,-0.02394507986942776,0.0
2014-04-24,1.0,0.09322869780883408,-0.02193302756540806,0.0
2014-04-25,1.0,0.09545743377288335,-0.02154763856528985,0.0
2014-04-28,1.0,0.0958475514510525,-0.023113601488587973,0.0
2014-04-29,1.0,0.0951258253086935,-0.0221229778561102,0.0
2014-04-30,1.0,0.09555231994751404,-0.020560567842717467,0.0
2014-05-05,1.0,0.09513371857820588,-0.020621282304484803,0.0
2014-05-06,1.0,0.09472903235664062,-0.022376320313184497,0.0
2014-05-07,1.0,0.0935298937558207,-0.021701739379541493,0.0
2014-05-08,1.0,0.09107768369335617,-0.01544530197849503,0.0
2014-05-12,1.0,0.09167218910281308,-0.01857657039856732,0.0
2014-05-13,1.0,0.08999395116444879,-0.01592006454659245,0.0
2014-05-14,1.0,0.08961357452411367,-0.01741321630133101,0.0
2014-05-15,1.0,0.0893954632479956,-0.021073120858099023,0.0
2014-05-16,1.0,0.08979755217416313,-0.022797822492877345,0.0
2014-05-19,1.0,0.0921537589660292,-0.024320038370333044,0.0
2014-05-20,1.0,0.08992852586679798,-0.0205432658598263,0.0
2014-05-21,1.0,0.08910128922989867,-0.01006919346965128,0.0
2014-05-22,1.0,0.08928566765639542,-0.014946002841253622,0.0
2014-05-23,1.0,0.08851177625060619,-0.013051821684706533,0.0
2014-05-26,1.0,0.08653846954626515,-0.009361623380869225,0.0
2014-05-27,1.0,0.08792293581100759,-0.007527625837756499,0.0
2014-05-28,1.0,0.0879784824698661,-0.008431996025129201,0.0
2014-05-29,1.0,0.08736349059649673,-0.008019052652303557,0.0
2014-05-30,1.0,0.08873818162462213,-0.008892084009578236,0.0
2014-06-02,1.0,0.08580148179991323,-0.010085398644381377,0.0
2014-06-03,1.0,0.0861148141077718,-0.007991916766435334,0.0
2014-06-04,1.0,0.08602018872480764,-0.0075055201697541984,0.0
2014-06-05,1.0,0.08689719392923419,-0.008238684937328586,0.0
2014-06-06,1.0,0.08419061808400835,-0.007854286371546462,0.0
2014-06-09,1.0,0.08711236106078687,-0.008663563973312222,0.0
2014-06-10,1.0,0.08681176306142083,-0.008539488580815477,0.0
2014-06-11,1.0,0.08651980606171361,-0.0072596993972409846,0.0
2014-06-16,1.0,0.08858328209800571,-0.011262318559513526,0.0
2014-06-17,1.0,0.08797563626764925,-0.009133012564258886,0.0
2014-06-18,1.0,0.0878783942745584,-0.009195780731987901,0.0
2014-06-19,1.0,0.0877080456792905,-0.009116339671556478,0.0
2014-06-20,1.0,0.08688581633239834,-0.008727774584143172,0.0
2014-06-23,1.0,0.0871501893540011,-0.008751861695698249,0.0
2014-06-24,1.0,0.08458401817986555,-0.007126890341409842,0.0
2014-06-25,1.0,0.08560083060138604,-0.008584228922597428,0.0
2014-06-26,1.0,0.08398202369166731,-0.008985572919447835,0.0
2014-06-27,1.0,0.0863241223573748,-0.010900531415713871,0.0
2014-06-30,1.0,0.08680551489311072,-0.011430367514176656,0.0
2014-07-01,1.0,0.084339650230165,-0.007308457484219558,0.0
2014-07-02,1.0,0.0874129771543433,-0.011981687369804594,0.0
2014-07-03,1.0,0.08647986567985202,-0.010861462716422868,0.0
2014-07-04,1.0,0.08656394100558189,-0.012027525558676117,0.0
2014-07-07,1.0,0.08686913889996015,-0.013291465747382353,0.0
2014-07-08,1.0,0.08639997773603372,-0.011916104633865623,0.0
2014-07-09,1.0,0.08492302775747984,-0.011019657503908889,0.0
2014-07-10,1.0,0.08574590128770515,-0.009273872003211794,0.0
2014-07-11,1.0,0.08744712715296828,-0.009456186523422186,0.0
2014-07-14,1.0,0.08747283564800423,-0.00817776126372452,0.0
2014-07-15,1.0,0.08765648563944989,-0.00981750442588919,0.0
2014-07-16,1.0,0.08794249274880629,-0.007798066002251802,0.0
2014-07-17,1.0,0.0894585601745955,-0.00991998762611851,0.0
2014-07-18,1.0,0.0901732199355785,-0.010824161976694072,0.0
2014-07-21,1.0,0.09125536573882224,-0.009750540098230995,0.0
2014-07-22,1.0,0.09060171565189044,-0.011435067877113389,0.0
2014-07-23,1.0,0.09001762034466038,-0.00971027504774015,0.0
2014-07-24,1.0,0.09041085270293017,-0.009828216699603542,0.0
2014-07-25,1.0,0.09287598782875481,-0.012409032423656693,0.0
2014-07-28,1.0,0.09364142516161297,-0.011585665148268837,0.0
2014-07-29,1.0,0.09430672376456338,-0.011130086066508324,0.0
2014-07-30,1.0,0.0936081011155288,-0.009500540866098542,0.0
2014-07-31,1.0,0.09341833651295552,-0.0019488713278602854,0.0
2014-08-01,1.0,0.09567112974827394,-0.013504444398714205,0.0
2014-08-04,1.0,0.09606112093701732,-0.012122373252155205,0.0
2014-08-05,1.0,0.09668110352594028,-0.014771904943352634,0.0
2014-08-06,1.0,0.09769621500560287,-0.013951767617831137,0.0
2014-08-07,1.0,0.09767248828945174,-0.019665906494230292,0.0
2014-08-08,1.0,0.09862278558101167,-0.018343693733287175,0.0
2014-08-11,1.0,0.09601368101647871,-0.01699689790812861,0.0
2014-08-12,1.0,0.0948517783454389,-0.016648714782018056,0.0
2014-08-13,1.0,0.09467700930588555,-0.017224612542643805,0.0
2014-08-14,1.0,0.09343345656190137,-0.014434609399480089,0.0
2014-08-15,1.0,0.09331270914391997,-0.011130823519182681,0.0
2014-08-18,1.0,0.09276622992907523,-0.011984940756197854,0.0
2014-08-19,1.0,0.09449129034189747,-0.012258395998081137,0.0
2014-08-20,1.0,0.09370917693926699,-0.010749786660807545,0.0
2014-08-21,1.0,0.09359814480504816,-0.015870081297069502,0.0
2014-08-22,1.0,0.09318963245828973,-0.016360126109150164,0.0
2014-08-25,1.0,0.09461437150536983,-0.02722885370045061,0.0
2014-08-26,1.0,0.09399912346650081,-0.022424865394363003,0.0
2014-08-27,1.0,0.09342564732884934,-0.013075934577029907,0.0
2014-08-28,1.0,0.0968495063385617,-0.013705136927009046,0.0
2014-08-29,1.0,0.09574001770162067,-0.015102621911961267,0.0
2014-09-01,1.0,0.09823747914686085,-0.017048219769943335,0.0
2014-09-02,1.0,0.09739260522808682,-0.014526812788635657,0.0
2014-09-03,1.0,0.09565404727769497,-0.015307374764364556,0.0
2014-09-04,1.0,0.09523785269590343,-0.013063785381090057,0.0
2014-09-05,1.0,0.09499835017374408,-0.013046693561595213,0.0
2014-09-08,1.0,0.09568144838590226,-0.015063722986773956,0.0
2014-09-09,1.0,0.09544348785986882,-0.014064357897025273,0.0
2014-09-10,1.0,0.09606562295565717,-0.014296222541986842,0.0
2014-09-11,1.0,0.09686252274229447,-0.013716498851979578,0.0
2014-09-12,1.0,0.09650873304328766,-0.015059240587989228,0.0
2014-09-15,1.0,0.09677310712632647,-0.015991756539906435,0.0
2014-09-16,1.0,0.09652683205534401,-0.01537350391435674,0.0
2014-09-17,1.0,0.09629520277688108,-0.011028711260161583,0.0
2014-09-18,1.0,0.09562383249409181,-0.01078717512478479,0.0
2014-09-19,1.0,0.09566683330901143,-0.011283146785966938,0.0
2014-09-22,1.0,0.09585511109781997,-0.010454872596434892,0.0
2014-09-23,1.0,0.09515037719328158,-0.009345278856859207,0.0
2014-09-24,1.0,0.09417541462558501,-0.008895409838800605,0.0
2014-09-25,1.0,0.09372804542787484,-0.00757980362961605,0.0
2014-09-26,1.0,0.09445094368601131,-0.008599507738981604,0.0
2014-09-29,1.0,0.09399519323728595,-0.00813455812033309,0.0
2014-09-30,1.0,0.09371062615097081,-0.007706989824045329,0.0
2014-10-01,1.0,0.09401260817060636,-0.007774628211699275,0.0
2014-10-02,1.0,0.09518518793455648,-0.007869546685688913,0.0
2014-10-03,1.0,0.09470569631354644,-0.00764578994741244,0.0
2014-10-06,1.0,0.09632337301418228,-0.00910862093498617,0.0
2014-10-07,1.0,0.09551973468568532,-0.0082825940478828,0.0
2014-10-08,1.0,0.09675153485520416,-0.008772431689000978,0.0
2014-10-09,1.0,0.0967886929168796,-0.009744841139844404,0.0
2014-10-10,1.0,0.09791926651625565,-0.010313755302595928,0.0
2014-10-13,1.0,0.0965359646253518,-0.00909658956794672,0.0
2014-10-14,1.0,0.09821914968833213,-0.010020968087524326,0.0
2014-10-15,1.0,0.09899132828984006,-0.012407215994068577,0.0
2014-10-16,1.0,0.09863041684103571,-0.012528455674917102,0.0
2014-10-17,1.0,0.09815528485788624,-0.011417843198450087,0.0
2014-10-20,1.0,0.09824166055360398,-0.013221552759797833,0.0
2014-10-21,1.0,0.0981462223565566,-0.013409045739526268,0.0
2014-10-22,1.0,0.09817644820363353,-0.013050207073831532,0.0
2014-10-23,1.0,0.0992358391119939,-0.012869733209936757,0.0
2014-10-24,1.0,0.09886310857413366,-0.013228614718445691,0.0
2014-10-27,1.0,0.0988919382728817,-0.014032244804536825,0.0
2014-10-28,1.0,0.10032199420243648,-0.013942466382534019,0.0
2014-10-29,1.0,0.1009388921070208,-0.011536270164741375,0.0
2014-10-30,1.0,0.10025012857946673,-0.0076674216794455075,0.0
2014-10-31,1.0,0.09906574624960494,-0.006603858081449671,0.0
2014-11-03,1.0,0.09990696971133488,-0.007822925664411756,0.0
2014-11-05,1.0,0.09948471341019893,-0.004636536619430406,0.0
2014-11-06,1.0,0.10038706923263674,-0.005489473207964057,0.0
2014-11-07,1.0,0.10051997482514873,-0.004576981055670101,0.0
2014-11-10,1.0,0.09915132332653902,-0.006207240963353386,0.0
2014-11-11,1.0,0.1000527748193023,-0.006575934022139032,0.0
2014-11-12,1.0,0.10197657256162887,-0.006506451237413308,0.0
2014-11-13,1.0,0.10024082719459917,-0.004250385850175217,0.0
2014-11-14,1.0,0.10182414586814603,-0.005005105651992511,0.0
2014-11-17,1.0,0.10193939009150611,-0.005002049644018389,0.0
2014-11-18,1.0,0.10231207521699677,-0.004504669738953512,0.0
2014-11-19,1.0,0.10219435442040432,-0.003979726862259447,0.0
2014-11-20,1.0,0.10178832617468744,-0.0034475243143588796,0.0
2014-11-21,1.0,0.10161321100006648,-0.0035782540587213224,0.0
2014-11-24,1.0,0.1023748244954465,-0.0035593608193748016,0.0
2014-11-25,1.0,0.1021933506547901,-0.0033878335805148235,0.0
2014-11-26,1.0,0.10236689445885136,-0.0032917079947244604,0.0
2014-11-27,1.0,0.10295426294787394,-0.0038204432508649327,0.0
2014-11-28,1.0,0.10395307623435292,-0.002894341778463455,0.0
2014-12-01,1.0,0.10904070084297648,-0.004335675697704822,0.0
2014-12-02,1.0,0.10500071530674587,-0.0007854118751220718,0.0
2014-12-03,1.0,0.10822377241557538,-0.002554742130057769,0.0
2014-12-04,1.0,0.10834003890834534,-0.001959757585748706,0.0
2014-12-05,1.0,0.114834625114371,-0.007031881193386616,0.0
2014-12-08,1.0,0.11899518716464892,-0.00716070655614269,0.0
2014-12-09,1.0,0.1269328244184631,-0.0028180765871966967,0.0
2014-12-10,1.0,0.12369069425119077,-0.0019120806627154902,0.0
2014-12-11,1.0,0.12259003552057718,-0.00737975889876806,0.0
2014-12-12,1.0,0.12404360735425202,-0.006357192134888973,0.0
2014-12-15,1.0,0.12769397903983787,-0.009875226989449995,0.0
2014-12-16,1.0,0.14780377753490342,0.012309786069160333,0.0
2014-12-17,1.0,0.13177689922980582,0.015358245334834264,0.0
2014-12-18,1.0,0.12846929940669177,0.01609664669369751,0.0
2014-12-19,1.0,0.12828867192976026,0.024943146961086515,0.0
2014-12-22,1.0,0.1252646532005471,0.02246601684169733,0.0
2014-12-23,1.0,0.12559161977381092,0.024598412944201814,0.0
2014-12-24,1.0,0.12912050003334372,0.027141202184048724,0.0
2014-12-25,1.0,0.13060246741610515,0.019207522188375348,0.0
2014-12-26,1.0,0.1335588322797329,0.014697929943471633,0.0
2014-12-29,1.0,0.1281525562049313,0.018868096304522297,0.0
2014-12-30,1.0,0.1303422695405656,0.0015613546721580385,0.0
2015-01-05,1.0,0.13011327776680165,0.034985250397358364,0.0
2015-01-06,1.0,0.1342820137263227,0.013231772871331454,0.0
2015-01-08,1.0,0.13603055981612827,0.007813394744135588,0.0
2015-01-09,1.0,0.13384953851192838,0.008736868835582778,0.0
2015-01-12,1.0,0.14666107846503984,0.016764088549607425,0.0
2015-01-13,1.0,0.14566719343761247,0.017309852476374815,0.0
2015-01-14,1.0,0.14594086600269143,0.011343047462040068,0.0
2015-01-15,1.0,0.14284836015763974,0.006063684104529787,0.0
2015-01-16,1.0,0.1331225400985094,0.005858029492287864,0.0
2015-01-19,1.0,0.1340366585800739,0.006588950104394586,0.0
2015-01-20,1.0,0.1377343310500761,0.009287756432007466,0.0
2015-01-21,1.0,0.1338968127844842,0.012172585595710356,0.0
2015-01-22,1.0,0.1324199454687365,0.014135027975390735,0.0
2015-01-23,1.0,0.13077222807332517,0.01321925245567468,0.0
2015-01-26,1.0,0.134101978486726,0.01972041759074014,0.0
2015-01-27,1.0,0.13543357114664029,0.01883654019840486,0.0
2015-01-28,1.0,0.1356437475202107,0.016486956866709396,0.0
2015-01-29,1.0,0.13872805463743532,0.012006237927413566,0.0
2015-01-30,1.0,0.13265052121989504,0.012780793356575199,0.0
2015-02-02,1.0,0.12988338588701726,0.006928440151628135,0.0
2015-02-03,1.0,0.12761008462395532,0.0077166523978753065,0.0
2015-02-04,1.0,0.12781147790269043,0.0038031268717856337,0.0
2015-02-05,1.0,0.1257923757592155,0.001993009558714731,0.0
2015-02-06,1.0,0.1242793941224081,0.0004939733123519724,0.0
2015-02-09,1.0,0.12392552426311843,0.0009547875187971983,0.0
2015-02-10,1.0,0.1238089100412588,0.0009354684034947602,0.0
2015-02-11,1.0,0.12468829364729431,-0.0006910141403014824,0.0
2015-02-12,1.0,0.12459005583972152,-0.0004158639220677718,0.0
2015-02-13,1.0,0.12261131490275015,0.0004521003026694004,0.0
2015-02-16,1.0,0.11921324999951195,0.0010577892955736523,0.0
2015-02-17,1.0,0.11979099067083432,-0.0013651711239477254,0.0
2015-02-18,1.0,0.11883369524596177,-0.0024452755221419653,0.0
2015-02-19,1.0,0.11980416475692297,-0.002299762987968329,0.0
2015-02-20,1.0,0.1217595875434207,0.001541452022426254,0.0
2015-02-24,1.0,0.1268530302003023,0.00473815865325658,0.0
2015-02-25,1.0,0.1273952919956447,0.0072787339542847995,0.0
2015-02-26,1.0,0.1261055610944105,0.009312619484250051,0.0
2015-02-27,1.0,0.1271350498335604,0.00891824373375591,0.0
2015-03-02,1.0,0.13009721521744866,0.004509796489515799,0.0
2015-03-03,1.0,0.12773665418936012,0.0015952249813424024,0.0
2015-03-04,1.0,0.1277964710626971,-0.00028318184262704493,0.0
2015-03-05,1.0,0.12608976484787454,-0.0028073271737034944,0.0
2015-03-06,1.0,0.1260694854612919,-0.004539536990256984,0.0
2015-03-10,1.0,0.12797825972632423,0.004650251253817711,0.0
2015-03-11,1.0,0.12714851782440048,0.00014881298056065861,0.0
2015-03-12,1.0,0.12704355302300524,0.00013057329222562752,0.0
2015-03-13,1.0,0.12703756739086774,0.0019381476065655767,0.0
2015-03-16,1.0,0.12927529787225062,0.0009838393739466933,0.0
2015-03-17,1.0,0.1305237822544672,0.0008095572768763437,0.0
2015-03-18,1.0,0.13066106293169957,-0.0014770991865057648,0.0
2015-03-19,1.0,0.13158522570360442,-0.0009144052377561551,0.0
2015-03-20,1.0,0.12768587549791005,0.0001254222666154381,0.0
2015-03-23,1.0,0.12679920726244315,-0.0015456771758664556,0.0
2015-03-24,1.0,0.12633217906287847,-0.00029700140691946153,0.0
2015-03-25,1.0,0.12376927334265297,0.004101328532101295,0.0
2015-03-26,1.0,0.12009174865053278,-0.006749739000390428,0.0
2015-03-27,1.0,0.11972756984080918,-0.008597990315209317,0.0
2015-03-30,1.0,0.11963030010699337,0.004677407798936883,0.0
2015-03-31,1.0,0.12139785443472412,0.0009172261520892788,0.0
2015-04-01,1.0,0.11877947065190898,-0.009540047582608513,0.0
2015-04-02,1.0,0.11826617025030074,0.004303318665080227,0.0
2015-04-03,1.0,0.11749548662963104,0.005730170228483267,0.0
2015-04-06,1.0,0.11672579345926852,0.004903235395435884,0.0
2015-04-07,1.0,0.11628330641073432,0.007060070813594221,0.0
2015-04-08,1.0,0.11611077606314237,0.008767259002771283,0.0
2015-04-09,1.0,0.11427135747774739,0.009915062912093695,0.0
2015-04-10,1.0,0.11066650533400005,0.00559291248860963,0.0
2015-04-13,1.0,0.1104201577562341,0.006731564982316113,0.0
2015-04-14,1.0,0.10984120336333404,0.02330353360967234,0.0
2015-04-15,1.0,0.10679657788440897,0.008706006781579914,0.0
2015-04-16,1.0,0.1057623481930811,0.0072510335755888305,0.0
2015-04-17,1.0,0.10776557047604159,0.008974363002615685,0.0
2015-04-20,1.0,0.10946816519374544,0.009712540787170557,0.0
2015-04-21,1.0,0.10974940487313431,0.008441042420916145,0.0
2015-04-22,1.0,0.11046323933403619,0.007257717066110461,0.0
2015-04-23,1.0,0.11211721756310121,0.003560064490014142,0.0
2015-04-24,1.0,0.10903865291525644,0.0075125616908913034,0.0
2015-04-27,1.0,0.1095643391689874,0.00837503139774784,0.0
2015-04-28,1.0,0.11029417881857913,0.004763210153414618,0.0
2015-04-29,1.0,0.10955491802959277,0.003498847152296508,0.0
2015-04-30,1.0,0.10638815571478337,-0.0015159100437128342,0.0
2015-05-05,1.0,0.10581106208577974,-0.0007446641776711754,0.0
2015-05-06,1.0,0.1045652592315451,-0.0019805588481649344,0.0
2015-05-07,1.0,0.10462462806995297,-0.0022656620044679,0.0
2015-05-08,1.0,0.10533771595046,-0.004765335300079124,0.0
2015-05-12,1.0,0.10600006709180404,-0.0031932397528474377,0.0
2015-05-13,1.0,0.10664246815092782,-0.006009749680375959,0.0
2015-05-14,1.0,0.10587288199039818,-0.007078463611990576,0.0
2015-05-15,1.0,0.10635080223154225,-0.003104220367579222,0.0
2015-05-18,1.0,0.10561782617931585,-0.0034986738797484485,0.0
2015-05-19,1.0,0.10508214919511763,-0.0009678413722932905,0.0
2015-05-20,1.0,0.10576304244160611,0.0005384901225420069,0.0
2015-05-21,1.0,0.10493264132382446,-0.00046078636449618793,0.0
2015-05-22,1.0,0.10483107380032623,-0.0019717469230430273,0.0
2015-05-25,1.0,0.10486093443753118,-0.0017486179828763437,0.0
2015-05-26,1.0,0.10533174873953667,-0.0023035295111272086,0.0
2015-05-27,1.0,0.10588308155356072,-0.0008723585179658822,0.0
2015-05-28,1.0,0.1063731171729146,-0.0020052721967571685,0.0
2015-05-29,1.0,0.10611396615483097,-0.0033917343875499717,0.0
2015-06-01,1.0,0.10663980048516192,-0.0025641893054422493,0.0
2015-06-02,1.0,0.10638051755617399,-0.00042436398863494873,0.0
2015-06-03,1.0,0.1062539282835413,-0.0009814046308673774,0.0
2015-06-04,1.0,0.10832172421437286,-0.0010867968662040262,0.0
2015-06-05,1.0,0.10951637671218876,-0.0041349527874356,0.0
2015-06-08,1.0,0.1090396771552392,-0.0035240007946003987,0.0
2015-06-09,1.0,0.10836135592015853,-0.003271811750100523,0.0
2015-06-10,1.0,0.10693674524407393,-0.004108963896990295,0.0
2015-06-11,1.0,0.1067729744140348,-0.004650721732956761,0.0
2015-06-15,1.0,0.10674048607341872,-0.003939990117878489,0.0
2015-06-16,1.0,0.10840276143031012,-0.002444162206854561,0.0
2015-06-17,1.0,0.10911311306971072,-0.004506566322535321,0.0
2015-06-18,1.0,0.10829810803542757,-0.006533252494382247,0.0
2015-06-19,1.0,0.10917061414850604,-0.006381968311328104,0.0
2015-06-22,1.0,0.10801606345250694,-0.006519271373041272,0.0
2015-06-23,1.0,0.10816723594024966,-0.006511404383494679,0.0
2015-06-24,1.0,0.10680524373898642,-0.005134483187248698,0.0
2015-06-25,1.0,0.10886542916908028,-0.007858580798607934,0.0
2015-06-26,1.0,0.10908798796295116,-0.006577860453244155,0.0
2015-06-29,1.0,0.11043815792158054,-0.006500233533066585,0.0
2015-06-30,1.0,0.10998684576202007,-0.007596393030828638,0.0
2015-07-01,1.0,0.10919912498581152,-0.005738197557456956,0.0
2015-07-02,1.0,0.10939027053327054,-0.007652244849997367,0.0
2015-07-03,1.0,0.10927471198868949,-0.010402321007335846,0.0
2015-07-06,1.0,0.11013333259201015,-0.007803117700256226,0.0
2015-07-07,1.0,0.11103794903982894,-0.010268919476738303,0.0
2015-07-08,1.0,0.11092403165791384,-0.01022031364252568,0.0
2015-07-09,1.0,0.11021565447348494,-0.010059604036223871,0.0
2015-07-10,1.0,0.10922661834259753,-0.010550348714289531,0.0
2015-07-13,1.0,0.10881363473743834,-0.01211775765981482,0.0
2015-07-14,1.0,0.10822888698291334,-0.011207046709122842,0.0
2015-07-15,1.0,0.10678363785593084,-0.01189564073412297,0.0
2015-07-16,1.0,0.10556032393545256,-0.0124047303961108,0.0
2015-07-17,1.0,0.1033216573395894,-0.008367606303702924,0.0
2015-07-20,1.0,0.10439772720840367,-0.009817639580504592,0.0
2015-07-21,1.0,0.10525424028805419,-0.01176536437902756,0.0
2015-07-22,1.0,0.10531692038961059,-0.014026165179546982,0.0
2015-07-23,1.0,0.1062345664504932,-0.012081638492160582,0.0
2015-07-24,1.0,0.10630919705175931,-0.012698776418154756,0.0
2015-07-27,1.0,0.10762721066067028,-0.012545838330322454,0.0
2015-07-28,1.0,0.10921202744585073,-0.01323544985652611,0.0
2015-07-29,1.0,0.10667867493111821,-0.014179906752272431,0.0
2015-07-30,1.0,0.10683020227365976,-0.013159424131031036,0.0
2015-07-31,1.0,0.10689753545331773,-0.014899978013306933,0.0
2015-08-03,1.0,0.10820330806518409,-0.013676678173408133,0.0
2015-08-04,1.0,0.10735980800986604,-0.013624568526253183,0.0
2015-08-05,1.0,0.10783593257887586,-0.01528897008954369,0.0
2015-08-06,1.0,0.10881825799638381,-0.014553365498723853,0.0
2015-08-07,1.0,0.10925293589044971,-0.014350499448255477,0.0
2015-08-10,1.0,0.10904552521021948,-0.01329398469281852,0.0
2015-08-11,1.0,0.10921482737196547,-0.014181348131953597,0.0
2015-08-12,1.0,0.10962088682763922,-0.014899692696114589,0.0
2015-08-13,1.0,0.1098330666639818,-0.014780928783479225,0.0
2015-08-14,1.0,0.10997624037828731,-0.013808584668054638,0.0
2015-08-17,1.0,0.11026302703105911,-0.011794270710162619,0.0
2015-08-18,1.0,0.11046267741083973,-0.009892134959327392,0.0
2015-08-19,1.0,0.11032642840971023,-0.010396633194533586,0.0
2015-08-20,1.0,0.11253323459934828,-0.00888037394099124,0.0
2015-08-21,1.0,0.11524715327781238,-0.01116317989876947,0.0
2015-08-24,1.0,0.11933451204925714,-0.013267864143359342,0.0
2015-08-25,1.0,0.11761427004699962,-0.014188913473782386,0.0
2015-08-26,1.0,0.11593895033168983,-0.015265099116085354,0.0
2015-08-27,1.0,0.11560634016869635,-0.01894332612961823,0.0
2015-08-28,1.0,0.1157609482594531,-0.018225636715964263,0.0
2015-08-31,1.0,0.11562699376452366,-0.010101349282854707,0.0
2015-09-01,1.0,0.11517135475859347,-0.015410004561844992,0.0
2015-09-02,1.0,0.11575829051184397,-0.016500593537639968,0.0
2015-09-03,1.0,0.11539862133581039,-0.017651443045241064,0.0
2015-09-04,1.0,0.11404102323516921,-0.016613907426187027,0.0
2015-09-07,1.0,0.1159410474697669,-0.017757992058550928,0.0
2015-09-08,1.0,0.1158619854312547,-0.018836932478234425,0.0
2015-09-09,1.0,0.11516783775630414,-0.01803390602869516,0.0
2015-09-10,1.0,0.11511218489430014,-0.01769200385658677,0.0
2015-09-11,1.0,0.11491294055338243,-0.01795212530463053,0.0
2015-09-14,1.0,0.1145632955154045,-0.018359436024758605,0.0
2015-09-15,1.0,0.11357031614820398,-0.015702847021615757,0.0
2015-09-16,1.0,0.11261389523199825,-0.014614171052826613,0.0
2015-09-17,1.0,0.11283840143288683,-0.014780794086496268,0.0
2015-09-18,1.0,0.11194643120775426,-0.013214795335863255,0.0
2015-09-21,1.0,0.11091402466784393,-0.010566840818035064,0.0
2015-09-22,1.0,0.10996480490467246,-0.0084201838923285,0.0
2015-09-23,1.0,0.1106968758660673,-0.010664118683788026,0.0
2015-09-24,1.0,0.11164881116037242,-0.010137061241030365,0.0
2015-09-25,1.0,0.11112157005439663,-0.011982165261407704,0.0
2015-09-28,1.0,0.11193217280955184,-0.009932396666645901,0.0
2015-09-29,1.0,0.11189247740414549,-0.012420200193851011,0.0
2015-09-30,1.0,0.11084979270242316,-0.010285874838612388,0.0
2015-10-01,1.0,0.10963105310902965,-0.008656216689999219,0.0
2015-10-02,1.0,0.11071634171831538,-0.011092236936073044,0.0
2015-10-05,1.0,0.10919428946544096,-0.009333350607058408,0.0
2015-10-06,1.0,0.10731897292046039,-0.0075108750277581154,0.0
2015-10-07,1.0,0.10473217925113949,-0.01115950683190875,0.0
2015-10-08,1.0,0.1073602205762158,-0.014407797850326073,0.0
2015-10-09,1.0,0.10430359860532484,-0.01017746950343841,0.0
2015-10-12,1.0,0.1052347675782942,-0.005989904267006255,0.0
2015-10-13,1.0,0.10543980234584285,-0.006251493702563532,0.0
2015-10-14,1.0,0.10511865397214054,-0.0043498089916085,0.0
2015-10-15,1.0,0.10385872249590666,-0.0008786961529334697,0.0
2015-10-16,1.0,0.10225997807442674,-0.0034076531861814696,0.0
2015-10-19,1.0,0.10168266009312608,-0.0016840369073236605,0.0
2015-10-20,1.0,0.10238744230875982,-0.002025525556120941,0.0
2015-10-21,1.0,0.10258129956498004,0.0016034146399063337,0.0
2015-10-22,1.0,0.10163039871976995,-0.0012070804400794305,0.0
2015-10-23,1.0,0.10091857025509282,3.7682901253222045e-05,0.0
2015-10-26,1.0,0.10066355192684176,0.002175088572218778,0.0
2015-10-27,1.0,0.10108560508926777,0.0022270568364710502,0.0
2015-10-28,1.0,0.10080740305014178,0.0015511668712949733,0.0
2015-10-29,1.0,0.10079311798530963,0.0012068326995298695,0.0
2015-10-30,1.0,0.1011169347411856,0.0010445352179387218,0.0
2015-11-02,1.0,0.10066863923184091,0.0015019958774226128,0.0
2015-11-03,1.0,0.099220918908135,0.0003639866058652158,0.0
2015-11-05,1.0,0.09693873704790197,0.00177598201647175,0.0
2015-11-06,1.0,0.09811562027673652,6.757135228933897e-05,0.0
2015-11-09,1.0,0.09794436931990998,-0.0008049873197310126,0.0
2015-11-10,1.0,0.09705214598593129,0.0050883722469841075,0.0
2015-11-11,1.0,0.0957613664663168,0.005226357080699323,0.0
2015-11-12,1.0,0.09723598572826142,0.005380564029177984,0.0
2015-11-13,1.0,0.09795013626443748,0.00532066593769169,0.0
2015-11-16,1.0,0.09817618908176119,0.005011885152349002,0.0
2015-11-17,1.0,0.0976694462739945,0.004366881165043038,0.0
2015-11-18,1.0,0.09645979108335426,0.007063526682785037,0.0
2015-11-19,1.0,0.0962826071445473,0.0073503595979132474,0.0
2015-11-20,1.0,0.09436488797522144,0.006213628989363479,0.0
2015-11-23,1.0,0.09606783956124004,0.0027999152680803913,0.0
2015-11-24,1.0,0.09700349164765719,0.007087673386427268,0.0
2015-11-25,1.0,0.09741927275334519,0.007485909329773471,0.0
2015-11-26,1.0,0.09645044142633115,0.005566289452924172,0.0
2015-11-27,1.0,0.0970614444234791,0.0026300873660649454,0.0
2015-11-30,1.0,0.09658742722416186,0.0071200589084498694,0.0
2015-12-01,1.0,0.096276961757467,0.0032831280924947026,0.0
2015-12-02,1.0,0.09595440612451925,0.005178550192138351,0.0
2015-12-03,1.0,0.09620230718991506,0.004457612100033204,0.0
2015-12-04,1.0,0.09615045188952787,0.005733082687357102,0.0
2015-12-07,1.0,0.09679626244714218,-0.0013834692185698966,0.0
2015-12-08,1.0,0.0980244638020184,0.005847018093580333,0.0
2015-12-09,1.0,0.09759175497469785,0.006126918930279182,0.0
2015-12-10,1.0,0.09701460050439006,0.010992062701948968,0.0
2015-12-11,1.0,0.09695815265072541,0.008121197470327968,0.0
2015-12-14,1.0,0.09857889669381162,0.008286362622939109,0.0
2015-12-15,1.0,0.09820717307398724,0.008984602457293323,0.0
2015-12-16,1.0,0.09771720813289894,0.008998442838075021,0.0
2015-12-17,1.0,0.09788961954840636,0.008666074746090699,0.0
2015-12-18,1.0,0.0975834714450559,0.0075966211056390925,0.0
2015-12-21,1.0,0.09787277762910762,0.00848041242344566,0.0
2015-12-22,1.0,0.09790959599859433,0.008224438881423823,0.0
2015-12-23,1.0,0.09825695870901129,0.0054725532217278355,0.0
2015-12-24,1.0,0.09791829823145543,0.0051065636441524065,0.0
2015-12-25,1.0,0.09731355672461971,0.007116199368113418,0.0
2015-12-28,1.0,0.0970441465514132,0.004855599347879727,0.0
2015-12-29,1.0,0.09676930837376556,0.003247366136377744,0.0
2015-12-30,1.0,0.09697022729534724,-0.0005599779961128759,0.0
2016-01-04,1.0,0.09647250703021008,-0.0002373526211644078,0.0
2016-01-05,1.0,0.09588905727233751,0.002860529661110181,0.0
2016-01-06,1.0,0.09638688213165741,0.0013402924584014625,0.0
2016-01-11,1.0,0.09953622276919732,0.005164282893534475,0.0
2016-01-12,1.0,0.10120957473478158,0.0023270363489872603,0.0
2016-01-13,1.0,0.10190315853692891,-0.00031311269890527127,0.0
2016-01-14,1.0,0.10295874059949633,2.1771635215633856e-06,0.0
2016-01-15,1.0,0.10419785500586938,-0.001912273578251411,0.0
2016-01-18,1.0,0.1055897203745132,-0.003691310362335276,0.0
2016-01-19,1.0,0.1039961498824903,-0.002790131765345774,0.0
2016-01-20,1.0,0.10651223055647277,-0.004580149334178177,0.0
2016-01-21,1.0,0.1079409222700322,-0.006984002482010324,0.0
2016-01-22,1.0,0.10540677515460281,-0.00753879737241353,0.0
2016-01-25,1.0,0.1040228351163153,-0.012764777539336941,0.0
2016-01-26,1.0,0.10468301023827657,-0.0073473834585400105,0.0
2016-01-27,1.0,0.10308469981241117,-0.00819754193876493,0.0
2016-01-28,1.0,0.10136316579962092,-0.006799232207625558,0.0
2016-01-29,1.0,0.10170771078350915,-0.0067309482627956885,0.0
2016-02-01,1.0,0.10282121791113127,-0.007599881835819874,0.0
2016-02-02,1.0,0.10401132860120443,-0.009887884646536158,0.0
2016-02-03,1.0,0.10301255270673919,-0.008662344336818631,0.0
2016-02-04,1.0,0.10214288453468445,-0.006668933957318851,0.0
2016-02-05,1.0,0.1022927546220023,-0.006378338670497932,0.0
2016-02-08,1.0,0.10235291271987815,-0.008986252295466984,0.0
2016-02-09,1.0,0.10355063168000997,-0.010800958434563163,0.0
2016-02-10,1.0,0.10323510804885758,-0.009913037644514316,0.0
2016-02-11,1.0,0.10286942342483979,-0.009641522339468259,0.0
2016-02-12,1.0,0.10315767791252337,-0.00890998281706891,0.0
2016-02-15,1.0,0.10146324476818999,-0.005698079432440356,0.0
2016-02-16,1.0,0.10181226049181674,-0.006683150474880911,0.0
2016-02-17,1.0,0.10187459120789771,-0.0053988882730952314,0.0
2016-02-18,1.0,0.10033013474442225,-0.0044239922936191445,0.0
2016-02-19,1.0,0.10015817787724574,-0.0029566720443387345,0.0
2016-02-20,1.0,0.10017676557106578,-0.003845699223600535,0.0
2016-02-22,1.0,0.09944265809022668,-0.006296839887882155,0.0
2016-02-24,1.0,0.09924017178792231,-0.00429507216938127,0.0
2016-02-25,1.0,0.09755296514801134,-0.0007713710883763131,0.0
2016-02-26,1.0,0.09658512435181892,-0.0015235538351202754,0.0
2016-02-29,1.0,0.09697357885012924,-0.0004160389722491359,0.0
2016-03-01,1.0,0.09487228718173744,0.00034473794272303626,0.0
2016-03-02,1.0,0.09417318708954169,-2.969141394325303e-05,0.0
2016-03-03,1.0,0.09408461033656053,0.0008362490283535945,0.0
2016-03-04,1.0,0.09321975118722636,-0.0011643086024956256,0.0
2016-03-07,1.0,0.09235171242916178,0.0012682417945428653,0.0
2016-03-09,1.0,0.09327347630320534,0.0008015599356663294,0.0
2016-03-10,1.0,0.09315295946742203,0.001258670064747544,0.0
2016-03-11,1.0,0.09359115422542705,0.0007615233772209767,0.0
2016-03-14,1.0,0.0946597238566404,-0.001047794434360566,0.0
2016-03-15,1.0,0.0953232793972415,-0.001402609210740341,0.0
2016-03-16,1.0,0.095768260207619,-0.0006430813907657013,0.0
2016-03-17,1.0,0.09331180807775127,0.0006852596501984859,0.0
2016-03-18,1.0,0.09156079819543633,0.0041979302605549,0.0
2016-03-21,1.0,0.09184572690977783,0.0023187771731404544,0.0
2016-03-22,1.0,0.09153262762050611,0.004169158897968567,0.0
2016-03-23,1.0,0.09220364918044434,0.00192933837502543,0.0
2016-03-24,1.0,0.09361196213787096,0.0026381548609914207,0.0
2016-03-25,1.0,0.0924800206860619,0.0038676098654974317,0.0
2016-03-28,1.0,0.09266451153308779,0.0035736906630263326,0.0
2016-03-29,1.0,0.0932912180102283,0.0031425337745234205,0.0
2016-03-30,1.0,0.09236938744265431,0.005513280412123581,0.0
2016-03-31,1.0,0.09227363821446309,0.004222370001735573,0.0
2016-04-01,1.0,0.09229246081225764,0.00535688246354088,0.0
2016-04-04,1.0,0.09278331862359372,0.0064116900216888845,0.0
2016-04-05,1.0,0.09296121994982903,0.006216432844260364,0.0
2016-04-06,1.0,0.09313039292849071,0.005804674690431819,0.0
2016-04-07,1.0,0.09392136109137564,0.006907347751613668,0.0
2016-04-08,1.0,0.09368234974872,0.004821268844382359,0.0
2016-04-11,1.0,0.09337864509710032,0.00532232433412444,0.0
2016-04-12,1.0,0.09296599322093771,0.006275822602916453,0.0
2016-04-13,1.0,0.09302123653900765,0.006008289086194149,0.0
2016-04-14,1.0,0.09319723593770379,0.006342998680312711,0.0
2016-04-15,1.0,0.09314990781946689,0.006184594544830044,0.0
2016-04-18,1.0,0.09358345843753399,0.005493262145126937,0.0
2016-04-19,1.0,0.09260138247729052,0.0032829032493830457,0.0
2016-04-20,1.0,0.09232316373910056,0.0074140657104013186,0.0
2016-04-21,1.0,0.09194755923745919,0.007886274671016491,0.0
2016-04-22,1.0,0.09241688569333753,0.007647270960589966,0.0
2016-04-25,1.0,0.09288359029873472,0.007924389697227238,0.0
2016-04-26,1.0,0.09296902548934625,0.007928182847886905,0.0
2016-04-27,1.0,0.09250266673877604,0.009075889546882265,0.0
2016-04-28,1.0,0.0917357803880333,0.008093732678721877,0.0
2016-04-29,1.0,0.09031765667500734,0.00762780346411393,0.0
2016-05-04,1.0,0.09067196531440117,0.006293577599464029,0.0
2016-05-05,1.0,0.09054759943132079,0.005090066174010546,0.0
2016-05-06,1.0,0.09065295349487085,0.005195809319128983,0.0
2016-05-10,1.0,0.09071297066293248,0.004455239410813744,0.0
2016-05-11,1.0,0.08987100137667255,0.005193634198608535,0.0
2016-05-12,1.0,0.08902941996535992,0.005123728411463746,0.0
2016-05-13,1.0,0.08893623059371245,0.0048713242608840746,0.0
2016-05-16,1.0,0.08843362432570497,0.0056443598617040985,0.0
2016-05-17,1.0,0.0889323987993924,0.005548351934158827,0.0
2016-05-18,1.0,0.089241373378864,0.004656249385380937,0.0
2016-05-19,1.0,0.08970116615307495,0.004894592226761016,0.0
2016-05-20,1.0,0.08929392616027959,0.005358708372259366,0.0
2016-05-23,1.0,0.08929703335414488,0.005447848713739392,0.0
2016-05-24,1.0,0.08928850726446431,0.004811946778714507,0.0
2016-05-25,1.0,0.08876309805560288,0.00576997862935015,0.0
2016-05-26,1.0,0.08903221796894084,0.005942631236898685,0.0
2016-05-27,1.0,0.08926720020079393,0.006389065822607828,0.0
2016-05-30,1.0,0.08914555352792576,0.006657278699173874,0.0
2016-05-31,1.0,0.08923523416134627,0.007164978118721174,0.0
2016-06-01,1.0,0.08991322033269859,0.0060049301308693764,0.0
2016-06-02,1.0,0.0902777769950497,0.007011035717123443,0.0
2016-06-03,1.0,0.08994656843498527,0.007329565301555263,0.0
2016-06-06,1.0,0.0879572398708489,0.008822169752411402,0.0
2016-06-07,1.0,0.08731305077913042,0.010429018298626525,0.0
2016-06-08,1.0,0.08695251424026862,0.011952390255465212,0.0
2016-06-09,1.0,0.08763411142913226,0.01024857790172562,0.0
2016-06-10,1.0,0.08682971060313083,0.011394164546115207,0.0
2016-06-14,1.0,0.08786844169048064,0.010382962491762682,0.0
2016-06-15,1.0,0.08790019732194727,0.011119932415054767,0.0
2016-06-16,1.0,0.08793280254254693,0.011071144773847671,0.0
2016-06-17,1.0,0.0874430968868392,0.01113501700233624,0.0
2016-06-20,1.0,0.08636978338271603,0.011047567130723648,0.0
2016-06-21,1.0,0.08667731042636817,0.01126109987368129,0.0
2016-06-22,1.0,0.08641823127646249,0.01135602724088429,0.0
2016-06-23,1.0,0.08636227743262033,0.011751397990062112,0.0
2016-06-24,1.0,0.08859130459831868,0.00989587695609892,0.0
2016-06-27,1.0,0.08650698171616586,0.011730365576974572,0.0
2016-06-28,1.0,0.08575244524320755,0.012112843215361713,0.0
2016-06-29,1.0,0.08512484605122868,0.012450100154178315,0.0
2016-06-30,1.0,0.08407422998287044,0.013410431462280964,0.0
2016-07-01,1.0,0.08289133654688544,0.014300228373008567,0.0
2016-07-04,1.0,0.0838049596156662,0.013843026071438905,0.0
2016-07-05,1.0,0.08452693833655367,0.013524364319905696,0.0
2016-07-06,1.0,0.0849374934047709,0.012805068700583344,0.0
2016-07-07,1.0,0.08364935226527684,0.013620718357180234,0.0
2016-07-08,1.0,0.08473161057606607,0.011501791279008897,0.0
2016-07-11,1.0,0.08462639531544247,0.01248521667602416,0.0
2016-07-12,1.0,0.0842050749479526,0.012047956395679127,0.0
2016-07-13,1.0,0.08494630877048938,0.011982003061729682,0.0
2016-07-14,1.0,0.08469223013810574,0.01235628688947378,0.0
2016-07-15,1.0,0.0850908498832719,0.011222702517192429,0.0
2016-07-18,1.0,0.08559865351060512,0.011220349702599094,0.0
2016-07-19,1.0,0.08560617261737075,0.01050921070151313,0.0
2016-07-20,1.0,0.08522107842894519,0.010802282620809886,0.0
2016-07-21,1.0,0.08569600524754747,0.010787044255958528,0.0
2016-07-22,1.0,0.08595941117925981,0.011204156163682907,0.0
2016-07-25,1.0,0.08637330478014785,0.010091683459399314,0.0
2016-07-26,1.0,0.08708891015689191,0.010470666575259566,0.0
2016-07-27,1.0,0.0868122406763928,0.010147351447886269,0.0
2016-07-28,1.0,0.08648235071688186,0.01029848730757918,0.0
2016-07-29,1.0,0.08581311986574758,0.010193212187507766,0.0
2016-08-01,1.0,0.085361928453658,0.010564309757297552,0.0
2016-08-02,1.0,0.08560972889554092,0.010125184631835718,0.0
2016-08-03,1.0,0.08593919227224356,0.008269024600544864,0.0
2016-08-04,1.0,0.08577270712092455,0.008284281284397385,0.0
2016-08-05,1.0,0.08507337586149966,0.0076514427480497416,0.0
2016-08-08,1.0,0.08455335656476014,0.00874818962369954,0.0
2016-08-09,1.0,0.08425669304119601,0.00944862160016742,0.0
2016-08-10,1.0,0.08362088485487788,0.009963905074283644,0.0
2016-08-11,1.0,0.08391272471716013,0.009951174267217464,0.0
2016-08-12,1.0,0.08440553260034656,0.00905730005528381,0.0
2016-08-15,1.0,0.08406659678628195,0.010269316153558888,0.0
2016-08-16,1.0,0.08406132945440423,0.009923537464176277,0.0
2016-08-17,1.0,0.08438441277608322,0.00948497392560986,0.0
2016-08-18,1.0,0.08414653602783907,0.009462203866782856,0.0
2016-08-19,1.0,0.08410699815212196,0.008972843065779404,0.0
2016-08-22,1.0,0.08422277654343989,0.009434702959439184,0.0
2016-08-23,1.0,0.08391780990411343,0.009358419792132533,0.0
2016-08-24,1.0,0.08404549805736833,0.009167691548595397,0.0
2016-08-25,1.0,0.08378156848889268,0.008383086418646366,0.0
2016-08-26,1.0,0.08371924330516957,0.008218598498989593,0.0
2016-08-29,1.0,0.08352525265932714,0.008576594332922127,0.0
2016-08-30,1.0,0.08330918208020247,0.00787261381333737,0.0
2016-08-31,1.0,0.08309624579983735,0.0076764213392772895,0.0
2016-09-01,1.0,0.08285095046272817,0.007661631891884291,0.0
2016-09-02,1.0,0.08258888105781143,0.008074361430618918,0.0
2016-09-05,1.0,0.08235902848650983,0.008542241313212726,0.0
2016-09-06,1.0,0.08219333014522699,0.009591690666082286,0.0
2016-09-07,1.0,0.08132807051502249,0.010261219317761555,0.0
2016-09-08,1.0,0.08071136254426475,0.011137466083562503,0.0
2016-09-09,1.0,0.08132780617261942,0.010458268655515857,0.0
2016-09-12,1.0,0.08206307909107569,0.008979116152757358,0.0
2016-09-13,1.0,0.08181236172128802,0.008971062986423847,0.0
2016-09-14,1.0,0.08195263943740833,0.008466213538721803,0.0
2016-09-15,1.0,0.08208142082027395,0.00883835584510699,0.0
2016-09-16,1.0,0.08278677937519018,0.008676381237431627,0.0
2016-09-19,1.0,0.08326386430593752,0.010475430725392282,0.0
2016-09-20,1.0,0.08380123354950383,0.01025677078443167,0.0
2016-09-21,1.0,0.08256517097534372,0.010600759010127678,0.0
2016-09-22,1.0,0.08190290145835033,0.011148088482679869,0.0
2016-09-23,1.0,0.08265591421015389,0.011015528552061948,0.0
2016-09-26,1.0,0.0828714529495807,0.010755553203196974,0.0
2016-09-27,1.0,0.08290113959172178,0.010510155642082394,0.0
2016-09-28,1.0,0.08325522657911064,0.010150811051712658,0.0
2016-09-29,1.0,0.08239472152350175,0.010274503555130696,0.0
2016-09-30,1.0,0.08271527553956351,0.009797109757212652,0.0
2016-10-03,1.0,0.0818621870991323,0.01060588676011033,0.0
2016-10-04,1.0,0.08205056628141882,0.010759394047926543,0.0
2016-10-05,1.0,0.0825046079442651,0.010768059093437699,0.0
2016-10-06,1.0,0.08277779190603003,0.008755398579426948,0.0
2016-10-07,1.0,0.08301496107693093,0.011227637668666593,0.0
2016-10-10,1.0,0.08342012929642777,0.008133073072639274,0.0
2016-10-11,1.0,0.08363785481231323,0.009816871875268765,0.0
2016-10-12,1.0,0.08401993601909388,0.008477582725422442,0.0
2016-10-13,1.0,0.08438989430181741,0.009289046938115969,0.0
2016-10-14,1.0,0.08414289779582176,0.009195889701288276,0.0
2016-10-17,1.0,0.08511375948162607,0.00909124066289721,0.0
2016-10-18,1.0,0.08563946834003998,0.007741612487151758,0.0
2016-10-19,1.0,0.08490698162177732,0.008539473270863115,0.0
2016-10-20,1.0,0.08436889812586504,0.009070347345420005,0.0
2016-10-21,1.0,0.08415686013901069,0.00915010365772187,0.0
2016-10-24,1.0,0.08414587193101702,0.009374112826066816,0.0
2016-10-25,1.0,0.0842152803169662,0.009010720549290224,0.0
2016-10-26,1.0,0.08478041735477998,0.00775415957345886,0.0
2016-10-27,1.0,0.08539509003229465,0.0066716146472854815,0.0
2016-10-28,1.0,0.08607055532183525,0.0058454307175743875,0.0
2016-10-31,1.0,0.08618528170150133,0.006690202084262811,0.0
2016-11-01,1.0,0.08605832729410726,0.008225277850950063,0.0
2016-11-02,1.0,0.08684616973020677,0.00756298911996417,0.0
2016-11-03,1.0,0.08688353204889485,0.007898084568748284,0.0
2016-11-07,1.0,0.08600028057381987,0.009196832766478064,0.0
2016-11-08,1.0,0.08534640974136781,0.009575916194268591,0.0
2016-11-09,1.0,0.08567950073384549,0.00855415785147344,0.0
2016-11-10,1.0,0.08676402922515243,0.00643578556894181,0.0
2016-11-11,1.0,0.08915959469153695,0.0036892513907548774,0.0
2016-11-14,1.0,0.08958982266911432,0.0021667379433712025,0.0
2016-11-15,1.0,0.0883648048339476,0.0027235166968433006,0.0
2016-11-16,1.0,0.08893591088525143,0.0027003103469195877,0.0
2016-11-17,1.0,0.08856745897471789,0.0023058626208984356,0.0
2016-11-18,1.0,0.08864614557047479,0.0027152703528273703,0.0
2016-11-21,1.0,0.08804430312570344,0.0031373176921305618,0.0
2016-11-22,1.0,0.08795033453178583,0.00213838066259274,0.0
2016-11-23,1.0,0.0887522428574092,0.0016301748136561683,0.0
2016-11-24,1.0,0.08846208657857162,0.0018099032344082583,0.0
2016-11-25,1.0,0.08933576475061084,0.0005397061385650354,0.0
2016-11-28,1.0,0.08937636102754556,0.0009380456201825565,0.0
2016-11-29,1.0,0.08940741296124531,0.0010520571997886669,0.0
2016-11-30,1.0,0.0893471811632841,0.000891086052426493,0.0
2016-12-01,1.0,0.088642474171612,0.0015058169311139014,0.0
2016-12-02,1.0,0.08868988667271074,0.0014046846672287339,0.0
2016-12-05,1.0,0.08850425712312933,0.0013991414162065896,0.0
2016-12-06,1.0,0.08807910783961719,0.0026548775321473816,0.0
2016-12-07,1.0,0.08723674893044518,0.002702101754639724,0.0
2016-12-08,1.0,0.08686561569808067,0.0029776641320839875,0.0
2016-12-09,1.0,0.08613099967722197,0.003663797644773009,0.0
2016-12-12,1.0,0.08575208096217221,0.003696296175612457,0.0
2016-12-13,1.0,0.08586010467929024,0.003455137252063062,0.0
2016-12-14,1.0,0.08530948549556157,0.003601292115156862,0.0
2016-12-15,1.0,0.08617641375065854,0.0027974834359500156,0.0
2016-12-16,1.0,0.08620929795128164,0.002017766272248339,0.0
2016-12-19,1.0,0.08608396798437533,0.003760937053141969,0.0
2016-12-20,1.0,0.0860690053716587,0.002341858425774737,0.0
2016-12-21,1.0,0.08601703507057237,0.0025298286647231077,0.0
2016-12-22,1.0,0.08596783262585592,0.0011500390953444045,0.0
2016-12-23,1.0,0.08567437843010461,0.002034972361756121,0.0
2016-12-26,1.0,0.08565164667485495,0.0020911728618510234,0.0
2016-12-27,1.0,0.08549227418889842,0.0006271353645451033,0.0
2016-12-28,1.0,0.08522882526761243,-0.00039064712001378454,0.0
2016-12-29,1.0,0.08477975983169818,0.0009463433341663913,0.0
2016-12-30,1.0,0.08490842253918615,-0.0016720634109486376,0.0
2017-01-03,1.0,0.08451810675915239,0.0007135284401877801,0.0
2017-01-04,1.0,0.08434173539176316,-0.0003981650513391888,0.0
2017-01-05,1.0,0.0841052868036603,-4.9205069072300045e-06,0.0
2017-01-06,1.0,0.08374616009468136,-0.00103873490295682,0.0
2017-01-09,1.0,0.08327155105046319,0.0026063150420535808,0.0
2017-01-10,1.0,0.0825168767850161,0.0016485813591176346,0.0
2017-01-11,1.0,0.0824022697684514,0.0030480630364061456,0.0
2017-01-12,1.0,0.08205154839273085,0.002420604607789048,0.0
2017-01-13,1.0,0.08187712127202712,0.004402539843409617,0.0
2017-01-16,1.0,0.08207762100915353,0.0032759976292767584,0.0
2017-01-17,1.0,0.0819269810838907,0.004864564652878503,0.0
2017-01-18,1.0,0.0822141027037645,0.004096485869835562,0.0
2017-01-19,1.0,0.08262757447219604,0.003857648192080995,0.0
2017-01-20,1.0,0.08257655283293142,0.004290335516332733,0.0
2017-01-23,1.0,0.08273350009681718,0.005110958299989712,0.0
2017-01-24,1.0,0.082914284485686,0.004603416371604746,0.0
2017-01-25,1.0,0.08353310825088825,0.0043059106819464815,0.0
2017-01-26,1.0,0.0847095465010809,0.007075208847979408,0.0
2017-01-27,1.0,0.08417759293846608,0.006776412638780219,0.0
2017-01-30,1.0,0.08357400401014625,0.007377470607284511,0.0
2017-01-31,1.0,0.08348471334597013,0.008928297290809545,0.0
2017-02-01,1.0,0.08313004007120109,0.00982692086117555,0.0
2017-02-02,1.0,0.08252237921015218,0.01000577344320959,0.0
2017-02-03,1.0,0.08240583754127753,0.009478621467156861,0.0
2017-02-06,1.0,0.08254080043054768,0.009474239683324281,0.0
2017-02-07,1.0,0.08283204143705084,0.009883917751064203,0.0
2017-02-08,1.0,0.0830066717082788,0.0101320082811832,0.0
2017-02-09,1.0,0.08301329361826157,0.010891735932064092,0.0
2017-02-10,1.0,0.08256475139260003,0.010765126314583928,0.0
2017-02-13,1.0,0.08222239347752734,0.011179587885974382,0.0
2017-02-14,1.0,0.08246634364840975,0.011924807442135171,0.0
2017-02-15,1.0,0.08279872938337879,0.011535016456389532,0.0
2017-02-16,1.0,0.08282317596129596,0.011929810263670446,0.0
2017-02-17,1.0,0.08359256247825234,0.01768523485616262,0.0
2017-02-20,1.0,0.08356405484911782,0.009540667234685052,0.0
2017-02-21,1.0,0.08347418605995632,0.009140602617688356,0.0
2017-02-22,1.0,0.08349571583939251,0.009340862930166727,0.0
2017-02-24,1.0,0.08357620743090016,0.010867400734100557,0.0
2017-02-27,1.0,0.08371652164452792,0.011181061188341446,0.0
2017-02-28,1.0,0.08389317789458181,0.012288884985770784,0.0
2017-03-01,1.0,0.08379992596051854,0.012544587279142191,0.0
2017-03-02,1.0,0.0839793398853924,0.012649061784689178,0.0
2017-03-03,1.0,0.0839734484806999,0.011594987150013933,0.0
2017-03-06,1.0,0.08347722190503079,0.011373352093253339,0.0
2017-03-07,1.0,0.08337179686824207,0.012074051881730927,0.0
2017-03-09,1.0,0.08352316167045211,0.012975842684223235,0.0
2017-03-10,1.0,0.08295054140734469,0.013521302517098877,0.0
2017-03-13,1.0,0.08277145369207835,0.012810324517840546,0.0
2017-03-14,1.0,0.08278259842184141,0.012672200975083814,0.0
2017-03-15,1.0,0.08277365111398802,0.008801413578105613,0.0
2017-03-16,1.0,0.08230499843789782,0.008720271233739682,0.0
2017-03-17,1.0,0.0819778504542441,0.00912080191108365,0.0
2017-03-20,1.0,0.08174473821099976,0.009099818989327199,0.0
2017-03-21,1.0,0.08150933723390667,0.00984638980022863,0.0
2017-03-22,1.0,0.08205839204614476,0.009481593522987067,0.0
2017-03-23,1.0,0.0818097934814442,0.009799087662031428,0.0
2017-03-24,1.0,0.0814502417845234,0.010182041040192921,0.0
2017-03-27,1.0,0.0814249346453466,0.009911637275905924,0.0
2017-03-28,1.0,0.08126717586733637,0.010367798162176728,0.0
2017-03-29,1.0,0.08164046674110335,0.009466637089313973,0.0
2017-03-30,1.0,0.0810865895606811,0.00980528682678003,0.0
2017-03-31,1.0,0.08121778148860337,0.009716405309907902,0.0
2017-04-03,1.0,0.08144655202043788,0.008671192381863216,0.0
2017-04-04,1.0,0.0816174185820016,0.008809501009824527,0.0
2017-04-05,1.0,0.08100284995335909,0.00933258961603578,0.0
2017-04-06,1.0,0.08074326214746495,0.010006677780414447,0.0
2017-04-07,1.0,0.08121287634787497,0.009299575804052426,0.0
2017-04-10,1.0,0.08194233365252232,0.008655234961872607,0.0
2017-04-11,1.0,0.08214469581475264,0.007915521869883535,0.0
2017-04-12,1.0,0.08239259121263631,0.007853019507744918,0.0
2017-04-13,1.0,0.08228159446671646,0.006658952430677073,0.0
2017-04-14,1.0,0.08179889643035965,0.007072931137054414,0.0
2017-04-17,1.0,0.08170173890567632,0.006669885268270254,0.0
2017-04-18,1.0,0.08170922890600935,0.006524804661288741,0.0
2017-04-19,1.0,0.0814493197148177,0.006032537850559433,0.0
2017-04-20,1.0,0.08115692928111298,0.005157154439380626,0.0
2017-04-21,1.0,0.08069522935340927,0.003443297728327202,0.0
2017-04-24,1.0,0.07992394370713377,0.002134572242042554,0.0
2017-04-25,1.0,0.08006581436121474,0.0023426498870701556,0.0
2017-04-26,1.0,0.08030597365127108,0.002398966873160782,0.0
2017-04-27,1.0,0.07996179297767253,0.0029291728469037492,0.0
2017-04-28,1.0,0.07945493396270412,0.003695980562910109,0.0
2017-05-02,1.0,0.07916545241990045,0.004473957367382458,0.0
2017-05-03,1.0,0.07879494211873318,0.0044713223035556665,0.0
2017-05-04,1.0,0.0790358977961666,0.004727481455587476,0.0
2017-05-05,1.0,0.08024586887239595,0.004282228539244634,0.0
2017-05-10,1.0,0.0798081800124459,0.004176114748154602,0.0
2017-05-11,1.0,0.07889811489261046,0.0010351610625062568,0.0
2017-05-12,1.0,0.07870908373307144,0.004630016769519019,0.0
2017-05-15,1.0,0.07867530962393421,0.00465040199477347,0.0
2017-05-16,1.0,0.07869106568503606,0.00418481250760247,0.0
2017-05-17,1.0,0.07925563313494524,0.004616028071293979,0.0
2017-05-18,1.0,0.07934340918586448,0.004778827143518724,0.0
2017-05-19,1.0,0.07881582713059351,0.004855724816976825,0.0
2017-05-22,1.0,0.07851186468980546,0.0059340011912129564,0.0
2017-05-23,1.0,0.07834528710784741,0.00589882230517394,0.0
2017-05-24,1.0,0.07852183946814983,0.00623791869567282,0.0
2017-05-25,1.0,0.07861653520014669,0.005508275116077516,0.0
2017-05-26,1.0,0.07911551459470466,0.005560741475719763,0.0
2017-05-29,1.0,0.07894224491631008,0.005525492558934225,0.0
2017-05-30,1.0,0.079332410671903,0.0044547842902440404,0.0
2017-05-31,1.0,0.07929380138223574,0.005596383376413591,0.0
2017-06-01,1.0,0.07922778110612134,0.005472297182415778,0.0
2017-06-02,1.0,0.0789605807505263,0.005035211186003072,0.0
2017-06-05,1.0,0.07893828830284041,0.004502309749935582,0.0
2017-06-06,1.0,0.07893181245985828,0.002901398700984062,0.0
2017-06-07,1.0,0.07897737734838779,0.002078698387939837,0.0
2017-06-08,1.0,0.07921987722459715,0.0013569907898222655,0.0
2017-06-09,1.0,0.07891338527030906,0.0014513832177755481,0.0
2017-06-13,1.0,0.07874690097220882,0.001268732660005198,0.0
2017-06-14,1.0,0.07880145030610164,0.0013065713661385842,0.0
2017-06-15,1.0,0.07956454635551113,0.0003592973571879682,0.0
2017-06-16,1.0,0.07999282622863614,9.360042603002994e-05,0.0
2017-06-19,1.0,0.08046289484385788,-0.0004795161905978701,0.0
2017-06-20,1.0,0.08075010798981153,-0.0012382984111778822,0.0
2017-06-21,1.0,0.08047245177835557,-0.0008671444578786935,0.0
2017-06-22,1.0,0.0800100580186011,-0.00047107915632431385,0.0
2017-06-23,1.0,0.07965496084861468,-0.0007743941924772818,0.0
2017-06-26,1.0,0.07935126649659364,-0.00035514453883271624,0.0
2017-06-27,1.0,0.07957410055967996,-0.00037437540898201116,0.0
2017-06-28,1.0,0.07990632958836,-0.0007027029873053203,0.0
2017-06-29,1.0,0.07980082803285657,-0.0007773138232995275,0.0
2017-06-30,1.0,0.07981242669490296,0.0003249716882030712,0.0
2017-07-03,1.0,0.07970254125160965,0.0010621957075117178,0.0
2017-07-04,1.0,0.07973589685688923,0.0006441389230477379,0.0
2017-07-05,1.0,0.07993514934913956,0.000606773208094144,0.0
2017-07-06,1.0,0.08030690752640285,0.0004748044729839529,0.0
2017-07-07,1.0,0.08078761887160754,4.473140896082972e-05,0.0
2017-07-10,1.0,0.08050793473360236,-0.0002389644594045226,0.0
2017-07-11,1.0,0.08079522996853891,0.00028455847382161115,0.0
2017-07-12,1.0,0.08057099789852942,0.0005625760328479834,0.0
2017-07-13,1.0,0.0801675848393188,0.0005668426741303745,0.0
2017-07-14,1.0,0.0798133635836205,0.0006173280083609511,0.0
2017-07-17,1.0,0.07966544861324162,0.0007611076966033553,0.0
2017-07-18,1.0,0.0798805377074294,0.00015441996696742566,0.0
2017-07-19,1.0,0.07988415876793051,8.007021981121243e-05,0.0
2017-07-20,1.0,0.07984639169592501,0.00031156831333241375,0.0
2017-07-21,1.0,0.07940817163094492,0.0006791394631716352,0.0
2017-07-24,1.0,0.08032892951428598,-0.00014515095845950288,0.0
2017-07-25,1.0,0.08036537879398001,-0.0007761035186848453,0.0
2017-07-26,1.0,0.08025352705727999,-0.00029772748683497274,0.0
2017-07-27,1.0,0.07970104777848948,0.00045624217007704526,0.0
2017-07-28,1.0,0.07974876101645159,0.0004209638043907865,0.0
2017-07-31,1.0,0.07983618495703415,0.0005450809030650844,0.0
2017-08-01,1.0,0.07981014750247095,0.0008027219369156346,0.0
2017-08-02,1.0,0.07979753884359449,1.247488277941744e-06,0.0
2017-08-03,1.0,0.0798908106555479,0.0001904686003115913,0.0
2017-08-04,1.0,0.07901457580705894,-0.0002573380495520111,0.0
2017-08-07,1.0,0.07893037407490615,0.0004740748012967422,0.0
2017-08-08,1.0,0.07916418801943384,0.00021319346242221204,0.0
2017-08-09,1.0,0.0793581443801165,0.0007851957098351653,0.0
2017-08-10,1.0,0.07903511316589742,-0.00012231420271585636,0.0
2017-08-11,1.0,0.07912276241838895,-0.00046875633178669607,0.0
2017-08-14,1.0,0.07895732512367307,-0.0005147612477838653,0.0
2017-08-15,1.0,0.07910502705982556,-0.001817506689759718,0.0
2017-08-16,1.0,0.079022384909615,0.0005315480923221566,0.0
2017-08-17,1.0,0.07903794191071199,-8.274891519555183e-06,0.0
2017-08-18,1.0,0.0790583876555007,-0.0009870052985780225,0.0
2017-08-21,1.0,0.07911123925602107,-0.0004687357942986803,0.0
2017-08-22,1.0,0.07916742969859238,0.00027205326054738355,0.0
2017-08-23,1.0,0.07920847657908683,-0.00028753290339923743,0.0
2017-08-24,1.0,0.07923044135495314,0.000647581246636636,0.0
2017-08-25,1.0,0.07925520894445054,-4.852132339097648e-05,0.0
2017-08-28,1.0,0.07940716764239425,6.523733676164212e-05,0.0
2017-08-29,1.0,0.07956623610678812,-0.0002235501622944308,0.0
2017-08-30,1.0,0.07937324241962689,-0.0016719956118616819,0.0
2017-08-31,1.0,0.07900113915006586,-0.000798424698938982,0.0
2017-09-01,1.0,0.0785495148194417,0.00018743598271885042,0.0
2017-09-04,1.0,0.0783286911389974,0.0006791444535018121,0.0
2017-09-05,1.0,0.0782093646693938,0.0016994031679895827,0.0
2017-09-06,1.0,0.0773047193003321,0.0018545550159192181,0.0
2017-09-07,1.0,0.07722967982879071,-0.0001754600226406139,0.0
2017-09-08,1.0,0.07716012704178647,-4.213231602147316e-05,0.0
2017-09-11,1.0,0.07712122170110036,0.0004429438002043484,0.0
2017-09-12,1.0,0.07722761404823998,-1.1574685300053122e-05,0.0
2017-09-13,1.0,0.0774695343411601,-0.0009423173143443125,0.0
2017-09-14,1.0,0.07734628180560496,-0.0003324714639607318,0.0
2017-09-15,1.0,0.07733497390372765,-0.001134248232421295,0.0
2017-09-18,1.0,0.07754134303631963,-0.000541509793510489,0.0
2017-09-19,1.0,0.07760508707844105,-3.815056006854778e-05,0.0
2017-09-20,1.0,0.07747629340154051,-0.00045356681970390444,0.0
2017-09-21,1.0,0.07771048650784973,-0.0010615462058045089,0.0
2017-09-22,1.0,0.07767106158090398,-0.0030718790034485466,0.0
2017-09-25,1.0,0.07784171008998184,-0.001184468926712312,0.0
2017-09-26,1.0,0.0780244133626739,-0.001141393512607794,0.0
2017-09-27,1.0,0.07851262926589744,-0.0007167019875699843,0.0
2017-09-28,1.0,0.07796985584232258,-2.9147683516569933e-05,0.0
2017-09-29,1.0,0.07789458819866787,-0.00015395403072832048,0.0
2017-10-02,1.0,0.07806114045448516,-0.0004865587736133381,0.0
2017-10-03,1.0,0.07814855353785742,-6.589563059113124e-05,0.0
2017-10-04,1.0,0.07803796724365812,-0.000950080743122847,0.0
2017-10-05,1.0,0.0776758459599643,-0.00017490099188065267,0.0
2017-10-06,1.0,0.07777612399492448,-0.0005228614696854983,0.0
2017-10-09,1.0,0.07791224587307086,0.00011481070125600457,0.0
2017-10-10,1.0,0.07771292388358929,-0.0002481329439856933,0.0
2017-10-11,1.0,0.07744311915976948,0.0009489892693451685,0.0
2017-10-12,1.0,0.0772931046165404,0.001762022924520365,0.0
2017-10-13,1.0,0.07705967447163051,0.0003623962598381242,0.0
2017-10-16,1.0,0.0771861151867151,-0.0012639239728770707,0.0
2017-10-17,1.0,0.07740144310536626,-0.0013238821738549844,0.0
2017-10-18,1.0,0.07729045338671597,-0.0014620626994861635,0.0
2017-10-19,1.0,0.07722762624974228,-0.0021760863229019073,0.0
2017-10-20,1.0,0.07728805633212255,-0.0013298966310834048,0.0
2017-10-23,1.0,0.07725775901459854,-0.0019296103311902263,0.0
2017-10-24,1.0,0.07735141211316593,-0.0010378037857126793,0.0
2017-10-25,1.0,0.07736678152276756,-0.0011973944083304155,0.0
2017-10-26,1.0,0.07747358336539796,-0.0012108246589692812,0.0
2017-10-27,1.0,0.07753472540528336,0.0005250241611406137,0.0
2017-10-30,1.0,0.07733796613003387,-0.00034601002201042896,0.0
2017-10-31,1.0,0.07743661129843157,-0.00016761739962220523,0.0
2017-11-01,1.0,0.07736067417191297,-0.0020741196247170135,0.0
2017-11-02,1.0,0.07736705896588626,-0.002486682507206281,0.0
2017-11-03,1.0,0.0774347091317096,-0.002848589955715075,0.0
2017-11-07,1.0,0.07737912416856291,-0.0031348364405032886,0.0
2017-11-08,1.0,0.07753230218563634,-0.0026209868991339674,0.0
2017-11-09,1.0,0.07768718066453327,-0.0032673590008124725,0.0
2017-11-10,1.0,0.07767939878108479,-0.0036034160192600223,0.0
2017-11-13,1.0,0.07822815693507972,-0.004454263960032595,0.0
2017-11-14,1.0,0.07843637842269462,-0.00524548012976421,0.0
2017-11-15,1.0,0.07843264457953923,-0.004706527026332008,0.0
2017-11-16,1.0,0.0781341375928183,-0.004318583312639651,0.0
2017-11-17,1.0,0.07794889933136612,-0.004631890619077511,0.0
2017-11-20,1.0,0.078083006027922,-0.004934486658730974,0.0
2017-11-21,1.0,0.07825085850604696,-0.005588904138597181,0.0
2017-11-22,1.0,0.07793174272530433,-0.005389038397577248,0.0
2017-11-23,1.0,0.07777910638577587,-0.0054952572761446244,0.0
2017-11-24,1.0,0.07781238422585787,-0.0057570336690916935,0.0
2017-11-27,1.0,0.0777922800012599,-0.0050200023326724685,0.0
2017-11-28,1.0,0.07762819078800859,-0.006023355959572013,0.0
2017-11-29,1.0,0.07761332078215002,-0.007123203728615371,0.0
2017-11-30,1.0,0.0777906045819873,-0.0059831820032245076,0.0
2017-12-01,1.0,0.07755556246253886,-0.006401678380203044,0.0
2017-12-04,1.0,0.07777073530741174,-0.006332019034772318,0.0
2017-12-05,1.0,0.07764189218897934,-0.005809589525914344,0.0
2017-12-06,1.0,0.07763943393182425,-0.005948920084933487,0.0
2017-12-07,1.0,0.07749563551427266,-0.006184695878505078,0.0
2017-12-08,1.0,0.07749159569886895,-0.006765361526935146,0.0
2017-12-11,1.0,0.07741508076336359,-0.005046103610655661,0.0
2017-12-12,1.0,0.07745419780314614,-0.007250415558705758,0.0
2017-12-13,1.0,0.07751809233235096,-0.0073578059887112884,0.0
2017-12-14,1.0,0.07744917293074376,-0.008446216124200018,0.0
2017-12-15,1.0,0.07733754416149556,-0.006440964694875206,0.0
2017-12-18,1.0,0.07716006607618234,-0.007806214988450633,0.0
2017-12-19,1.0,0.07725211357162773,-0.007161263156649847,0.0
2017-12-20,1.0,0.0771151801784176,-0.006247655094986704,0.0
2017-12-21,1.0,0.07711781253997607,-0.005709790807285994,0.0
2017-12-22,1.0,0.07749822713580462,-0.009730666137797592,0.0
2017-12-25,1.0,0.07729737162867373,-0.005357839536164755,0.0
2017-12-26,1.0,0.07686654854357554,-0.007254759922363366,0.0
2017-12-27,1.0,0.07678801712864415,-0.008366331722689552,0.0
2017-12-28,1.0,0.07687414049121992,-0.011351874732978523,0.0
2017-12-29,1.0,0.07673744464370244,-0.02686682321212619,0.0
2018-01-03,1.0,0.07633931117104602,-0.004898384251211169,0.0
2018-01-04,1.0,0.07620520128980526,-0.005315481094552335,0.0
2018-01-05,1.0,0.07631242916606716,-0.018700142189499433,0.0
2018-01-09,1.0,0.07630235189739687,-0.00786377834905265,0.0
2018-01-10,1.0,0.07602700380039683,-0.013261605499546025,0.0
2018-01-11,1.0,0.07614474977611435,-0.013513608146570183,0.0
2018-01-12,1.0,0.07604612664181085,-0.013439485098365192,0.0
2018-01-15,1.0,0.07570530771442353,-0.012574741913188733,0.0
2018-01-16,1.0,0.075642477153092,-0.013251564396772823,0.0
2018-01-17,1.0,0.07598056822498044,-0.0141660699545271,0.0
2018-01-18,1.0,0.07582074028392125,-0.010005460052770851,0.0
2018-01-19,1.0,0.07576849876145145,-0.010514959848145905,0.0
2018-01-22,1.0,0.07581179591483105,-0.01598766547417283,0.0
2018-01-23,1.0,0.07584048551705341,-0.009480809556077163,0.0
2018-01-24,1.0,0.07575504399187953,-0.007607348983949935,0.0
2018-01-25,1.0,0.07552539808573311,-0.009622346866679385,0.0
2018-01-26,1.0,0.07572005921336342,-0.01255682813202684,0.0
2018-01-29,1.0,0.07587395849312499,-0.012904402364258702,0.0
2018-01-30,1.0,0.0751940640989667,-0.006768604336775064,0.0
2018-01-31,1.0,0.07447750533227135,-0.012364657214172084,0.0
2018-02-01,1.0,0.07399630884380398,-0.01474639803201637,0.0
2018-02-02,1.0,0.07378564854962683,-0.015769901664910824,0.0
2018-02-05,1.0,0.07361194349283756,-0.01938179219673808,0.0
2018-02-06,1.0,0.07371978793249653,-0.017770001453292897,0.0
2018-02-07,1.0,0.07307418612991214,-0.0187771405142287,0.0
2018-02-08,1.0,0.07316944279374922,-0.015743611265425957,0.0
2018-02-09,1.0,0.07318079911733719,-0.008314867450584476,0.0
2018-02-12,1.0,0.07320600617138144,-0.00789272207556102,0.0
2018-02-13,1.0,0.07337811617381508,0.007468255877764188,0.0
2018-02-14,1.0,0.07333958504918736,-0.010387260801082598,0.0
2018-02-15,1.0,0.07328638788524161,-0.011693826877160661,0.0
2018-02-16,1.0,0.07281981700346474,-0.010705611835958327,0.0
2018-02-19,1.0,0.07272129315309095,-0.009863696432820396,0.0
2018-02-20,1.0,0.07293837837557002,-0.011588037474549333,0.0
2018-02-21,1.0,0.07274489392344538,-0.008642096751002068,0.0
2018-02-22,1.0,0.0727948936284837,-0.01299949281972363,0.0
2018-02-26,1.0,0.0722679688669729,-0.015567693865455833,0.0
2018-02-27,1.0,0.07249308644657629,-0.02214660050743502,0.0
2018-02-28,1.0,0.07335188259684162,-0.03495903393893341,0.0
2018-03-01,1.0,0.07342639398268488,-0.012375584865100486,0.0
2018-03-02,1.0,0.07345957758094689,-0.013214959321579324,0.0
2018-03-05,1.0,0.0735280012039744,-0.015402392668375828,0.0
2018-03-06,1.0,0.07340898366795695,-0.017576534421430666,0.0
2018-03-07,1.0,0.07320672640637628,-0.01474847686139652,0.0
2018-03-12,1.0,0.07310350062241526,-0.0029297405456671782,0.0
2018-03-13,1.0,0.07310167416378359,-0.015751515525874338,0.0
2018-03-14,1.0,0.07320590233614548,-0.01796133963460382,0.0
2018-03-15,1.0,0.07364434136926254,-0.01851682671253714,0.0
2018-03-16,1.0,0.07362944094445334,-0.01852840508724809,0.0
2018-03-19,1.0,0.07365176432272207,-0.0172510214299827,0.0
2018-03-20,1.0,0.07342261612593375,-0.013758297873052994,0.0
2018-03-21,1.0,0.07307764029068436,-0.018491513072469004,0.0
2018-03-22,1.0,0.07279207489985853,-0.0184028975509729,0.0
2018-03-23,1.0,0.07277514835565929,-0.017411866751123932,0.0
2018-03-26,1.0,0.07294667012088155,-0.01851590644711626,0.0
2018-03-27,1.0,0.0730601897771422,-0.015686522158087947,0.0
2018-03-28,1.0,0.07305410635404161,-0.01757589259357096,0.0
2018-03-29,1.0,0.07293159354074566,-0.015260946868485559,0.0
2018-03-30,1.0,0.07287033724954016,-0.014985387203335983,0.0
2018-04-02,1.0,0.07287083716545764,-0.018162241910589155,0.0
2018-04-03,1.0,0.07303697972366308,-0.01449762873991111,0.0
2018-04-04,1.0,0.07303511863099116,-0.01639642450482872,0.0
2018-04-05,1.0,0.07304644999184559,-0.014728624216213994,0.0
2018-04-06,1.0,0.0733112598403798,-0.015422133928956583,0.0
2018-04-09,1.0,0.07452708968358789,-0.009112881609454088,0.0
2018-04-10,1.0,0.0766848040964862,-0.003598654442637031,0.0
2018-04-11,1.0,0.07729707201515951,0.0009573835477878628,0.0
2018-04-12,1.0,0.07552426941583577,-0.010065761745979743,0.0
2018-04-13,1.0,0.0756726489141692,-0.011731268142024423,0.0
2018-04-16,1.0,0.07607554210473605,-0.018182008161262274,0.0
2018-04-17,1.0,0.07535032800412018,-0.01199053290904438,0.0
2018-04-18,1.0,0.07533394890230224,-0.0018733050004543922,0.0
2018-04-19,1.0,0.0746987674178734,-0.013947146781909898,0.0
2018-04-20,1.0,0.07494238112639909,-0.01441326026683671,0.0
2018-04-23,1.0,0.07515649840076888,-0.008399474195133247,0.0
2018-04-24,1.0,0.07486028326919647,-0.019087754160818933,0.0
2018-04-25,1.0,0.0749905629818037,-0.01622831799013818,0.0
2018-04-26,1.0,0.07528573375033118,-0.016649121713119205,0.0
2018-04-27,1.0,0.07516734757759559,-0.013675357106012156,0.0
2018-04-28,1.0,0.07497553401249692,-0.016564970018901566,0.0
2018-04-30,1.0,0.07493026352369274,-0.016658412488210275,0.0
2018-05-02,1.0,0.07482033624961697,-0.01681919637783459,0.0
2018-05-03,1.0,0.07516971105442345,-0.015695620755837615,0.0
2018-05-04,1.0,0.07537827146419761,-0.015576207046973954,0.0
2018-05-07,1.0,0.07529814555968015,-0.014911385882728868,0.0
2018-05-08,1.0,0.07550451344730362,-0.01977793264193787,0.0
2018-05-10,1.0,0.07546334693740091,-0.01829486158552293,0.0
2018-05-11,1.0,0.07547077681849579,-0.015107748683252785,0.0
2018-05-14,1.0,0.0755595867818805,-0.022876338084697648,0.0
2018-05-15,1.0,0.07549805702495753,-0.02248265240317525,0.0
2018-05-16,1.0,0.07561419722366884,-0.022260193270908175,0.0
2018-05-17,1.0,0.07559763651767304,-0.012377153195358231,0.0
2018-05-18,1.0,0.07575430716453108,-0.014122029705084048,0.0
2018-05-21,1.0,0.07588852049218742,-0.025445169907443,0.0
2018-05-22,1.0,0.07576135101343422,-0.009475895768277356,0.0
2018-05-23,1.0,0.07550472396174161,-0.006290600477218883,0.0
2018-05-24,1.0,0.07511267397388072,-0.0052794207767248025,0.0
2018-05-25,1.0,0.07511631191552008,-0.009322113892846082,0.0
2018-05-28,1.0,0.07527880408749511,-0.008567424892851117,0.0
2018-05-29,1.0,0.0754511005734727,-0.005365817615898036,0.0
2018-05-30,1.0,0.07548713308168076,-0.007797253304683338,0.0
2018-05-31,1.0,0.07553001838161301,-0.007817509821443455,0.0
2018-06-01,1.0,0.07545766872575255,-0.007642880731867641,0.0
2018-06-04,1.0,0.07542925520603372,-0.007693298102421822,0.0
2018-06-05,1.0,0.075608453502147,-0.007619564170800244,0.0
2018-06-06,1.0,0.07563963107673681,-0.007822447224357612,0.0
2018-06-07,1.0,0.07594370774394082,-0.0078371814620148,0.0
2018-06-08,1.0,0.07652379014696364,-0.00834629814928442,0.0
2018-06-09,1.0,0.07652306700298003,-0.009005782614544683,0.0
2018-06-11,1.0,0.07651309716611501,-0.0086457907527209,0.0
2018-06-13,1.0,0.07683867048302871,-0.008816733729843249,0.0
2018-06-14,1.0,0.07668122910981212,-0.008940519014959153,0.0
2018-06-15,1.0,0.07708682397361946,-0.009286361895249243,0.0
2018-06-18,1.0,0.07853609037086591,-0.009372977007006969,0.0
2018-06-19,1.0,0.07939795563901283,-0.008286209928893284,0.0
2018-06-20,1.0,0.0779751451447061,-0.0083332953792499,0.0
2018-06-21,1.0,0.07772107797275202,-0.008434315840324863,0.0
2018-06-22,1.0,0.077481853845522,-0.008624452888251755,0.0
2018-06-25,1.0,0.0774962508783228,-0.008223497043286038,0.0
2018-06-26,1.0,0.07792164120060734,-0.008985451677459497,0.0
2018-06-27,1.0,0.07888866851805566,-0.009837379298586607,0.0
2018-06-28,1.0,0.07873355013465407,-0.01016873322190849,0.0
2018-06-29,1.0,0.07818181087487744,-0.009699479730016683,0.0
2018-07-02,1.0,0.07829911778406994,-0.010029639456824543,0.0
2018-07-03,1.0,0.07840455511694094,-0.010306499314203688,0.0
2018-07-04,1.0,0.07840378374430765,-0.010578070410071166,0.0
2018-07-05,1.0,0.07837879957871152,-0.010501133547350494,0.0
2018-07-06,1.0,0.07831055444951052,-0.010456007980343712,0.0
2018-07-09,1.0,0.0781185735969617,-0.01034668083640733,0.0
2018-07-10,1.0,0.07777041193477399,-0.009843887466137485,0.0
2018-07-11,1.0,0.07774911729302539,-0.009794632934629108,0.0
2018-07-12,1.0,0.07751594940188324,-0.009622960570701264,0.0
2018-07-13,1.0,0.07742895050817433,-0.009636340774086871,0.0
2018-07-16,1.0,0.07755002613941568,-0.009776756384431623,0.0
2018-07-17,1.0,0.07784784724709515,-0.009838091463025347,0.0
2018-07-18,1.0,0.07833577141352079,-0.009669681541434716,0.0
2018-07-19,1.0,0.07872122874095208,-0.009944997248693133,0.0
2018-07-20,1.0,0.0787242622731148,-0.00960014048191657,0.0
2018-07-23,1.0,0.07873648047070297,-0.009511839743535436,0.0
2018-07-24,1.0,0.07866969392807353,-0.009731164471018114,0.0
2018-07-25,1.0,0.07902600546519643,-0.009545554806130452,0.0
2018-07-26,1.0,0.07887412423294504,-0.008820734971119806,0.0
2018-07-27,1.0,0.07901478415450144,-0.008748631813901536,0.0
2018-07-30,1.0,0.07892923516456718,-0.008806605050945826,0.0
2018-07-31,1.0,0.07867802602433847,-0.008311964451797021,0.0
2018-08-01,1.0,0.07873654848587822,-0.008111533007360547,0.0
2018-08-02,1.0,0.07940937284151109,-0.00846834230543514,0.0
2018-08-03,1.0,0.07965347089880848,-0.008878331812383705,0.0
2018-08-06,1.0,0.0798354864581074,-0.009047480780459846,0.0
2018-08-07,1.0,0.07996467531829754,-0.009597396955142709,0.0
2018-08-08,1.0,0.08097390931537694,-0.009355605748698953,0.0
2018-08-09,1.0,0.08230670869462167,-0.0094827073384912,0.0
2018-08-10,1.0,0.08292107698343662,-0.010246399670219494,0.0
2018-08-13,1.0,0.08379157945905404,-0.009644505843807105,0.0
2018-08-14,1.0,0.08353423846065094,-0.00892707662045547,0.0
2018-08-15,1.0,0.08414293739843673,-0.00924624198800407,0.0
2018-08-16,1.0,0.08529328899760358,-0.010672967238735329,0.0
2018-08-17,1.0,0.08630455535920427,-0.01150941528559421,0.0
2018-08-20,1.0,0.08663963933248754,-0.012700419500772081,0.0
2018-08-21,1.0,0.08613927690652026,-0.01279497389255195,0.0
2018-08-22,1.0,0.08608771477807098,-0.013609014959654359,0.0
2018-08-23,1.0,0.0865579037671329,-0.012552430951973365,0.0
2018-08-24,1.0,0.08633061959431487,-0.012492275546300793,0.0
2018-08-27,1.0,0.08635450637842342,-0.013493102821479613,0.0
2018-08-28,1.0,0.08638657372166336,-0.013395123019192962,0.0
2018-08-29,1.0,0.08670600925899982,-0.013324417119739904,0.0
2018-08-30,1.0,0.08705921580432642,-0.01423257968070249,0.0
2018-08-31,1.0,0.08702608703051348,-0.013929767014196168,0.0
2018-09-03,1.0,0.08682314130668609,-0.015727298879483334,0.0
2018-09-04,1.0,0.08747600882470696,-0.014323569872228659,0.0
2018-09-05,1.0,0.0886691119164286,-0.014566610846934391,0.0
2018-09-06,1.0,0.09010982019804863,-0.015426385619693464,0.0
2018-09-07,1.0,0.0917711073300233,-0.014171643927207905,0.0
2018-09-10,1.0,0.09264663083980557,-0.01418936841239428,0.0
2018-09-11,1.0,0.09068548401478344,-0.014694662184540061,0.0
2018-09-12,1.0,0.088875790974208,-0.012603795589196415,0.0
2018-09-13,1.0,0.08821937547701873,-0.012280325845904563,0.0
2018-09-14,1.0,0.08854373674359856,-0.012695908065524175,0.0
2018-09-17,1.0,0.08903873752643127,-0.01216595022746407,0.0
2018-09-18,1.0,0.08857951446585904,-0.01283857005254399,0.0
2018-09-19,1.0,0.08762516318521718,-0.012641790483016724,0.0
2018-09-20,1.0,0.08709949503040154,-0.012229652266564028,0.0
2018-09-21,1.0,0.0870130387034545,-0.012859373582022993,0.0
2018-09-24,1.0,0.08662768683747372,-0.012559058914580853,0.0
2018-09-25,1.0,0.08681742371717548,-0.013682894771865434,0.0
2018-09-26,1.0,0.0868868183407487,-0.012870058065199683,0.0
2018-09-27,1.0,0.08661875175814279,-0.01446725225429639,0.0
2018-09-28,1.0,0.08605839879038757,-0.014206892370838248,0.0
2018-10-01,1.0,0.08574337140345306,-0.014684821474210283,0.0
2018-10-02,1.0,0.08527005797731357,-0.013108201088856242,0.0
2018-10-03,1.0,0.08545849424667322,-0.012743511499479249,0.0
2018-10-04,1.0,0.08698072889752097,-0.013971769096355557,0.0
2018-10-05,1.0,0.08783406503288434,-0.014421994512355166,0.0
2018-10-08,1.0,0.08879661637128694,-0.014996779816633013,0.0
2018-10-09,1.0,0.08904546349066834,-0.015715476046312335,0.0
2018-10-10,1.0,0.08873672600830904,-0.015500034203850488,0.0
2018-10-11,1.0,0.088943027942017,-0.015600165343243808,0.0
2018-10-12,1.0,0.08835865245865684,-0.015731211170837603,0.0
2018-10-15,1.0,0.08849126727430229,-0.015380666163896106,0.0
2018-10-16,1.0,0.08656984305683507,-0.013294953533506057,0.0
2018-10-17,1.0,0.08636066030665612,-0.012957267472307549,0.0
2018-10-18,1.0,0.08660868714866682,-0.012830865298287641,0.0
2018-10-19,1.0,0.08675806059397961,-0.012620889350405201,0.0
2018-10-22,1.0,0.08605876096257148,-0.011589639579312805,0.0
2018-10-23,1.0,0.08625897112798842,-0.01118779657661867,0.0
2018-10-24,1.0,0.08627712854177856,-0.011296309202807067,0.0
2018-10-25,1.0,0.08667357878282585,-0.011335350183421342,0.0
2018-10-26,1.0,0.08684350623492941,-0.011399031964125186,0.0
2018-10-29,1.0,0.0866056428480741,-0.010775728894077088,0.0
2018-10-30,1.0,0.08656783495791587,-0.011006873981420168,0.0
2018-10-31,1.0,0.08649545883265411,-0.011125583254100402,0.0
2018-11-01,1.0,0.08664598322182966,-0.011509397421585132,0.0
2018-11-02,1.0,0.08659671556207964,-0.01169564555943016,0.0
2018-11-06,1.0,0.08664117947461321,-0.010902828849729262,0.0
2018-11-07,1.0,0.08704810883338915,-0.01169398022662746,0.0
2018-11-08,1.0,0.08788064136709678,-0.01195063903996224,0.0
2018-11-09,1.0,0.0891382444717258,-0.013258297227432325,0.0
2018-11-12,1.0,0.09002351656705154,-0.013953701967835963,0.0
2018-11-13,1.0,0.09039035546363458,-0.014305952120780868,0.0
2018-11-14,1.0,0.08883898135816234,-0.013994993909778888,0.0
2018-11-15,1.0,0.08780303802177757,-0.012726097746668802,0.0
2018-11-16,1.0,0.08758523210100219,-0.01340898500595647,0.0
2018-11-19,1.0,0.08752373804269957,-0.013531958523611859,0.0
2018-11-20,1.0,0.08803250508527402,-0.013984407522739689,0.0
2018-11-21,1.0,0.0879482958528102,-0.013910468729248615,0.0
2018-11-22,1.0,0.08779268981371272,-0.012546088758405335,0.0
2018-11-23,1.0,0.08835589071218966,-0.014247953564240842,0.0
2018-11-26,1.0,0.08958418841811606,-0.015228958690196387,0.0
2018-11-27,1.0,0.08898469095762229,-0.014405649080567753,0.0
2018-11-28,1.0,0.08894514282103748,-0.013835819024718449,0.0
2018-11-29,1.0,0.08811422512301555,-0.012726690187568127,0.0
2018-11-30,1.0,0.08782044801156526,-0.011843629309430462,0.0
2018-12-03,1.0,0.08729229165440236,-0.011335231903944532,0.0
2018-12-04,1.0,0.08706195196609681,-0.010667035622694498,0.0
2018-12-05,1.0,0.08784534461463528,-0.011860730358515606,0.0
2018-12-06,1.0,0.08801334122736991,-0.012051341907907728,0.0
2018-12-07,1.0,0.087709874190566,-0.011622600096429861,0.0
2018-12-10,1.0,0.08744833034196313,-0.011653969772158004,0.0
2018-12-11,1.0,0.0879419658635517,-0.01181751446297348,0.0
2018-12-12,1.0,0.0877304349029238,-0.012035148919860142,0.0
2018-12-13,1.0,0.08758415166453087,-0.011068219617941355,0.0
2018-12-14,1.0,0.08781947634797077,-0.010781237735301902,0.0
2018-12-17,1.0,0.08798510679440882,-0.010706386224502984,0.0
2018-12-18,1.0,0.08834359796143705,-0.010867538166227736,0.0
2018-12-19,1.0,0.08858036024152637,-0.010797445010196596,0.0
2018-12-20,1.0,0.08776995641967028,-0.010025197827871812,0.0
2018-12-21,1.0,0.0878732651944998,-0.009761297677994926,0.0
2018-12-24,1.0,0.08785162033302472,-0.010594569748394636,0.0
2018-12-25,1.0,0.08832409898741211,-0.01155372290078005,0.0
2018-12-26,1.0,0.08808040434711467,-0.014980473561840457,0.0
2018-12-27,1.0,0.08762142768820429,-0.014593099129275908,0.0
2018-12-28,1.0,0.0875166736478244,-0.014673645694805407,0.0
2018-12-29,1.0,0.08718012871859973,-0.015489606821511862,0.0
2019-01-03,1.0,0.08719887757596426,-0.01690242253247387,0.0
2019-01-04,1.0,0.08700877649326466,-0.017073892536906943,0.0
2019-01-08,1.0,0.08692210199198763,-0.01656830201143064,0.0
2019-01-09,1.0,0.08592558732960083,-0.011080667711909117,0.0
2019-01-10,1.0,0.08551329697865316,-0.010794941508188355,0.0
2019-01-11,1.0,0.08476364661160406,-0.009797225163435147,0.0
2019-01-14,1.0,0.0850439932300447,-0.009758387348400635,0.0
2019-01-15,1.0,0.0844752354328913,-0.0090902936328955,0.0
2019-01-16,1.0,0.0838112716915879,-0.008913383527144533,0.0
2019-01-17,1.0,0.08407355038518902,-0.009900710928719372,0.0
2019-01-18,1.0,0.08392757111864795,-0.009396425866001895,0.0
2019-01-21,1.0,0.08385355178830411,-0.009162917148135205,0.0
2019-01-22,1.0,0.08401152026057908,-0.009322856169801164,0.0
2019-01-23,1.0,0.08422517725912795,-0.009434430029773302,0.0
2019-01-24,1.0,0.0839778819363319,-0.008768380163867925,0.0
2019-01-25,1.0,0.08400238892771306,-0.008684012580690278,0.0
2019-01-28,1.0,0.08409929360383574,-0.008622740872918658,0.0
2019-01-29,1.0,0.08441512258151479,-0.008419825264445152,0.0
2019-01-30,1.0,0.0841878974646398,-0.007589723818002561,0.0
2019-01-31,1.0,0.0829186705437588,-0.006527351869089537,0.0
2019-02-01,1.0,0.08290082746996513,-0.006456313573864503,0.0
2019-02-04,1.0,0.0829611626339771,-0.006039353148971888,0.0
2019-02-05,1.0,0.08275829280320597,-0.006049634137208201,0.0
2019-02-06,1.0,0.08270451455534847,-0.0065295742896307185,0.0
2019-02-07,1.0,0.08308954312212484,-0.007099128805612198,0.0
2019-02-08,1.0,0.0831187459403683,-0.0064282903428263816,0.0
2019-02-11,1.0,0.08300930715537037,-0.0068781517641940265,0.0
2019-02-12,1.0,0.08351809979979533,-0.007202131905740636,0.0
2019-02-13,1.0,0.0838300546415436,-0.007520756463776118,0.0
2019-02-14,1.0,0.08545143791825743,-0.008115279956670565,0.0
2019-02-15,1.0,0.08477262796315192,-0.00792294462329711,0.0
2019-02-18,1.0,0.08471995983509975,-0.008297536013455273,0.0
2019-02-19,1.0,0.0849547585818039,-0.008973189974756865,0.0
2019-02-20,1.0,0.08524171405826791,-0.009527716795610389,0.0
2019-02-21,1.0,0.08487774350239127,-0.00989383384474156,0.0
2019-02-22,1.0,0.08494928629122284,-0.010563513297178168,0.0
2019-02-25,1.0,0.08462109831858197,-0.009980858879264615,0.0
2019-02-26,1.0,0.08509743524755084,-0.01063731380467936,0.0
2019-02-27,1.0,0.0850279059173191,-0.010928487916213467,0.0
2019-02-28,1.0,0.08489492454675063,-0.010770654875041849,0.0
2019-03-01,1.0,0.08467557863578044,-0.011262433202407579,0.0
2019-03-04,1.0,0.08468432884742876,-0.01254729463412907,0.0
2019-03-05,1.0,0.08496672106796074,-0.012923302944541457,0.0
2019-03-06,1.0,0.08513958968665643,-0.012979014974844216,0.0
2019-03-07,1.0,0.08504770843992207,-0.01330633712910989,0.0
2019-03-11,1.0,0.08496863584771816,-0.01315544879067261,0.0
2019-03-12,1.0,0.08495851132885303,-0.013213217479023015,0.0
2019-03-13,1.0,0.08492733406681446,-0.012745046871496815,0.0
2019-03-14,1.0,0.08488522454811685,-0.012595988770243163,0.0
2019-03-15,1.0,0.08487639401267796,-0.012406607595701058,0.0
2019-03-18,1.0,0.08436220669381499,-0.012254531442929581,0.0
2019-03-19,1.0,0.08392900225162349,-0.011225199863964266,0.0
2019-03-20,1.0,0.08411738397865784,-0.011524334329742009,0.0
2019-03-21,1.0,0.0830734210931904,-0.010324074537307687,0.0
2019-03-22,1.0,0.08338817897940934,-0.01082478624836132,0.0
2019-03-25,1.0,0.08310311504328323,-0.009897346065437837,0.0
2019-03-26,1.0,0.08320815268102975,-0.009703852467286764,0.0
2019-03-27,1.0,0.08348422579596476,-0.00993799401316564,0.0
2019-03-28,1.0,0.084170115371984,-0.00972456890840806,0.0
2019-03-29,1.0,0.08422438545453502,-0.010332110039182815,0.0
2019-04-01,1.0,0.0848275240168957,-0.009993255834946632,0.0
2019-04-02,1.0,0.08491238098497542,-0.009764049703789496,0.0
2019-04-03,1.0,0.08478788253361352,-0.008977477042646204,0.0
2019-04-04,1.0,0.08499952218132834,-0.008252828818081273,0.0
2019-04-05,1.0,0.08476317162055595,-0.007975482203359627,0.0
2019-04-08,1.0,0.08439147061145842,-0.007783119064928581,0.0
2019-04-09,1.0,0.08411899686514253,-0.007903754873959709,0.0
2019-04-10,1.0,0.08393302616322217,-0.007806980295568866,0.0
2019-04-11,1.0,0.08350260870848125,-0.007385337685685625,0.0
2019-04-12,1.0,0.08359654952684523,-0.007357827473753145,0.0
2019-04-15,1.0,0.08379849199668177,-0.007699880191352038,0.0
2019-04-16,1.0,0.08411505730670428,-0.007677682441321776,0.0
2019-04-17,1.0,0.08407917711315535,-0.007532762558055531,0.0
2019-04-18,1.0,0.0843541656724735,-0.007681030108379311,0.0
2019-04-19,1.0,0.08422503884448794,-0.0076754868722374026,0.0
2019-04-22,1.0,0.08438142203949231,-0.007308703307001604,0.0
2019-04-23,1.0,0.08460680191208315,-0.007811317983663857,0.0
2019-04-24,1.0,0.0845884152196589,-0.008123668318467961,0.0
2019-04-25,1.0,0.08465514600525623,-0.008506537757925287,0.0
2019-04-26,1.0,0.08454024821036492,-0.008882668988887968,0.0
2019-04-29,1.0,0.08411116491180158,-0.009775328194827987,0.0
2019-04-30,1.0,0.08364445000594865,-0.010636041806615204,0.0
2019-05-02,1.0,0.08343687900216612,-0.010612964675414713,0.0
2019-05-03,1.0,0.0834683470345374,-0.010684700215016371,0.0
2019-05-06,1.0,0.08375303131484055,-0.010356335775774952,0.0
2019-05-07,1.0,0.08357938807122782,-0.01085166351807959,0.0
2019-05-08,1.0,0.08338599697276732,-0.010572862370100786,0.0
2019-05-10,1.0,0.08354678738356791,-0.011035081939039237,0.0
2019-05-13,1.0,0.0836509793448108,-0.011323615248924418,0.0
2019-05-14,1.0,0.08368847170013798,-0.010921387071368027,0.0
2019-05-15,1.0,0.08360883956012696,-0.01146291246237062,0.0
2019-05-16,1.0,0.08305084536328594,-0.011287551653935676,0.0
2019-05-17,1.0,0.0826628376648105,-0.011906729268200245,0.0
2019-05-20,1.0,0.08209998253858113,-0.011920325577009033,0.0
2019-05-21,1.0,0.08177493882862073,-0.011247846424295771,0.0
2019-05-22,1.0,0.08077577922176776,-0.010205994660479209,0.0
2019-05-23,1.0,0.08081187943999163,-0.009830863918774024,0.0
2019-05-24,1.0,0.08089822397154232,-0.009871683571169479,0.0
2019-05-27,1.0,0.08093157581017821,-0.00895422391125468,0.0
2019-05-28,1.0,0.08107696955472588,-0.008510430568341512,0.0
2019-05-29,1.0,0.08135680135199155,-0.008234575127196664,0.0
2019-05-30,1.0,0.08087475109914705,-0.007714219952538959,0.0
2019-05-31,1.0,0.08081795984660525,-0.007598416825362747,0.0
2019-06-03,1.0,0.08094846047121669,-0.007650460762566702,0.0
2019-06-04,1.0,0.08062618917378625,-0.007225564351416122,0.0
2019-06-05,1.0,0.0799541309565055,-0.0065328021166367045,0.0
2019-06-06,1.0,0.07942232904786481,-0.006042644312642828,0.0
2019-06-07,1.0,0.07903151937586159,-0.005567874298953918,0.0
2019-06-10,1.0,0.07874505133156998,-0.005962068940951082,0.0
2019-06-11,1.0,0.07863684619305082,-0.005835369769250351,0.0
2019-06-13,1.0,0.07873368500296155,-0.005886845009331204,0.0
2019-06-14,1.0,0.07836327546482166,-0.005729076667370991,0.0
2019-06-17,1.0,0.07794038995914215,-0.006178254821225207,0.0
2019-06-18,1.0,0.0776061814293568,-0.006755186977943417,0.0
2019-06-19,1.0,0.07692078616642314,-0.0056284953199538384,0.0
2019-06-20,1.0,0.07578587749437947,-0.005035245541573877,0.0
2019-06-21,1.0,0.07625628083328256,-0.0059175460293678095,0.0
2019-06-24,1.0,0.07598565297714067,-0.005808669960065821,0.0
2019-06-25,1.0,0.07596205128983521,-0.005424735130271974,0.0
2019-06-26,1.0,0.07614709555571236,-0.005616526527721891,0.0
2019-06-27,1.0,0.07630684529219534,-0.006436445594562704,0.0
2019-06-28,1.0,0.0761533432241948,-0.006035362040446468,0.0
2019-07-01,1.0,0.07597808728476563,-0.005385591721552646,0.0
2019-07-02,1.0,0.07592171060413166,-0.005888248822581238,0.0
2019-07-03,1.0,0.07577298737937611,-0.005942359066111139,0.0
2019-07-04,1.0,0.07584840384033543,-0.006271541533375724,0.0
2019-07-05,1.0,0.0757184877511969,-0.005958166604264556,0.0
2019-07-08,1.0,0.07584787695953094,-0.0059963121776328565,0.0
2019-07-09,1.0,0.0757787580409567,-0.005486142108477629,0.0
2019-07-10,1.0,0.07571244657011432,-0.005856577460997006,0.0
2019-07-11,1.0,0.07554249051864895,-0.005696994352672985,0.0
2019-07-12,1.0,0.07581513885532468,-0.0058011473693761195,0.0
2019-07-15,1.0,0.0757042023374254,-0.006030916632616956,0.0
2019-07-16,1.0,0.07588174863797709,-0.005905201918245756,0.0
2019-07-17,1.0,0.07586422031673307,-0.006319484502173456,0.0
2019-07-18,1.0,0.07610105374955828,-0.006727982830318141,0.0
2019-07-19,1.0,0.07605082385276168,-0.0068248581827818205,0.0
2019-07-22,1.0,0.07521916643236894,-0.00581847629533308,0.0
2019-07-23,1.0,0.07542464706594167,-0.0062569790759356425,0.0
2019-07-24,1.0,0.0751856085643633,-0.006364642115394101,0.0
2019-07-25,1.0,0.07491812450508986,-0.00633714041180089,0.0
2019-07-26,1.0,0.07519117817901955,-0.006489029535063057,0.0
2019-07-29,1.0,0.07567332301250584,-0.007884941989795113,0.0
2019-07-30,1.0,0.07574908109028927,-0.009166178132674091,0.0
2019-07-31,1.0,0.07571756067192105,-0.008443564057565092,0.0
2019-08-01,1.0,0.07586112450899729,-0.009550577758288145,0.0
2019-08-02,1.0,0.07656877891660391,-0.009764917687619765,0.0
2019-08-05,1.0,0.07636276503912257,-0.007970950450340186,0.0
2019-08-06,1.0,0.07595820873386779,-0.008043040825349304,0.0
2019-08-07,1.0,0.07563898858566517,-0.007870917019442175,0.0
2019-08-08,1.0,0.07534763430768059,-0.007821330920857988,0.0
2019-08-09,1.0,0.07532056488247252,-0.008163916448832298,0.0
2019-08-12,1.0,0.07561626272110417,-0.008203712420137302,0.0
2019-08-13,1.0,0.07562194851935686,-0.008174566742645231,0.0
2019-08-14,1.0,0.07568121139585368,-0.008457075342070838,0.0
2019-08-15,1.0,0.07585818966402609,-0.008078092559807099,0.0
2019-08-16,1.0,0.07564931658538201,-0.008126190133404695,0.0
2019-08-19,1.0,0.0756897933752734,-0.008524574023646828,0.0
2019-08-20,1.0,0.075515592644159,-0.008280795527771376,0.0
2019-08-21,1.0,0.07480979903506704,-0.007504090311855158,0.0
2019-08-22,1.0,0.07461936881291224,-0.007068224212751245,0.0
2019-08-23,1.0,0.07452866777995264,-0.006587698136365033,0.0
2019-08-26,1.0,0.0745729997453545,-0.006819590443046725,0.0
2019-08-27,1.0,0.07443393309855764,-0.0067088669118245126,0.0
2019-08-28,1.0,0.07426321099865985,-0.006347383486287009,0.0
2019-08-29,1.0,0.07385743411428429,-0.006190292665107899,0.0
2019-08-30,1.0,0.07363681526045603,-0.0063346870331053295,0.0
2019-09-02,1.0,0.07340244048842566,-0.007810957061295615,0.0
2019-09-03,1.0,0.07364419133237637,-0.006245906661793643,0.0
2019-09-04,1.0,0.07311794398835642,-0.005243961757100818,0.0
2019-09-05,1.0,0.07309644025830841,-0.0054882523245304154,0.0
2019-09-06,1.0,0.07299645307420022,-0.005978651478008287,0.0
2019-09-09,1.0,0.07324220802368935,-0.005968819713708676,0.0
2019-09-10,1.0,0.07329849200118907,-0.006643500450581041,0.0
2019-09-11,1.0,0.073160699688553,-0.007102413336949859,0.0
2019-09-12,1.0,0.07293752459820559,-0.007275479065284446,0.0
2019-09-13,1.0,0.07276898296986335,-0.0066700311930363715,0.0
2019-09-16,1.0,0.07284724678550242,-0.006754984534572822,0.0
2019-09-17,1.0,0.07312679808573931,-0.007036703431199359,0.0
2019-09-18,1.0,0.07317074363277848,-0.007175792138826201,0.0
2019-09-19,1.0,0.07295197050258276,-0.007052841014165312,0.0
2019-09-20,1.0,0.07286778049284925,-0.006502708756404615,0.0
2019-09-23,1.0,0.07311795815518253,-0.006913702174815239,0.0
2019-09-24,1.0,0.07299630136573125,-0.007459900985020043,0.0
2019-09-25,1.0,0.07296987998970844,-0.00793093939492763,0.0
2019-09-26,1.0,0.0729257641690038,-0.007892846523388314,0.0
2019-09-27,1.0,0.07294270404909335,-0.007755407040119733,0.0
2019-09-30,1.0,0.0730007829344995,-0.007991955287550978,0.0
2019-10-01,1.0,0.0730349577968527,-0.008439554389544204,0.0
2019-10-02,1.0,0.07310233999711131,-0.00853099495306299,0.0
2019-10-03,1.0,0.0729986296878306,-0.008237933489101151,0.0
2019-10-04,1.0,0.07264607548292733,-0.007958348834894616,0.0
2019-10-07,1.0,0.07196977549891954,-0.007821531238980536,0.0
2019-10-08,1.0,0.07173974996452379,-0.004846085418034815,0.0
2019-10-09,1.0,0.07157830879340818,-0.007280705895843662,0.0
2019-10-10,1.0,0.0705982416098841,-0.007120660975640944,0.0
2019-10-11,1.0,0.070230128481994,-0.0062897797319750315,0.0
2019-10-14,1.0,0.06972998963095539,-0.006164613692463239,0.0
2019-10-15,1.0,0.06965319881985198,-0.006203351496401596,0.0
2019-10-16,1.0,0.06961640746379726,-0.006456334646902387,0.0
2019-10-17,1.0,0.06949553413247447,-0.005042632842824954,0.0
2019-10-18,1.0,0.06873198966682491,-0.007449913331824536,0.0
2019-10-21,1.0,0.06858760272633081,-0.007460718992711689,0.0
2019-10-22,1.0,0.06813337570222947,-0.008199577606233237,0.0
2019-10-23,1.0,0.06759069230335071,-0.00684853909592395,0.0
2019-10-24,1.0,0.06771024762076112,-0.0060079046268726385,0.0
2019-10-25,1.0,0.06727811013472523,-0.006244173354514805,0.0
2019-10-28,1.0,0.06692572888359621,-0.006655963491634824,0.0
2019-10-29,1.0,0.0669735346312799,-0.006566409300760766,0.0
2019-10-30,1.0,0.06700728485327469,-0.007380777421094227,0.0
2019-10-31,1.0,0.06759844019996578,-0.008057911439233324,0.0
2019-11-01,1.0,0.06724237625506257,-0.007732950417397126,0.0
2019-11-05,1.0,0.06674811874152153,-0.007894783365966447,0.0
2019-11-06,1.0,0.06686035197649966,-0.00825075106674028,0.0
2019-11-07,1.0,0.0668895662983874,-0.008335307247319672,0.0
2019-11-08,1.0,0.06711700706478924,-0.008637747908156787,0.0
2019-11-11,1.0,0.06755092236319517,-0.009067480933234465,0.0
2019-11-12,1.0,0.06783697823441755,-0.008608723818464385,0.0
2019-11-13,1.0,0.06843182339446174,-0.00850937325470337,0.0
2019-11-14,1.0,0.06808030415824151,-0.008860963837106883,0.0
2019-11-15,1.0,0.06786693254802258,-0.00933731294422404,0.0
2019-11-18,1.0,0.06767098317629933,-0.008893152878760774,0.0
2019-11-19,1.0,0.06733979888596442,-0.0076656610807166944,0.0
2019-11-20,1.0,0.06726296121841,-0.007192577868927283,0.0
2019-11-21,1.0,0.06704689359984509,-0.0071507601375155605,0.0
2019-11-22,1.0,0.06694095798695594,-0.007489003578927206,0.0
2019-11-25,1.0,0.06710741507607901,-0.00844986806153556,0.0
2019-11-26,1.0,0.06722333438784678,-0.008057027927309952,0.0
2019-11-27,1.0,0.06713045540244396,-0.008190918471825945,0.0
2019-11-28,1.0,0.06717640647179653,-0.008348932378178277,0.0
2019-11-29,1.0,0.0674834558835039,-0.008426729951654673,0.0
2019-12-02,1.0,0.06742526911990945,-0.008513918368352677,0.0
2019-12-03,1.0,0.06730196590797954,-0.009183403972989793,0.0
2019-12-04,1.0,0.06710682867501194,-0.009174071424383465,0.0
2019-12-05,1.0,0.06713542762015215,-0.008793896478068178,0.0
2019-12-06,1.0,0.06703318028563766,-0.008878240992601913,0.0
2019-12-09,1.0,0.06701391135867213,-0.009227632472571655,0.0
2019-12-10,1.0,0.06709361253755705,-0.00843258601336433,0.0
2019-12-11,1.0,0.06701965617806838,-0.008731565593584512,0.0
2019-12-12,1.0,0.06672344870775786,-0.009386955984325984,0.0
2019-12-13,1.0,0.06643998287266834,-0.010249534577328974,0.0
2019-12-16,1.0,0.06654968836006135,-0.010330154444329553,0.0
2019-12-17,1.0,0.06642956612071378,-0.01023150064942098,0.0
2019-12-18,1.0,0.06683461654249893,-0.010824597401302948,0.0
2019-12-19,1.0,0.0666203081321392,-0.011182882709129122,0.0
2019-12-20,1.0,0.06693659354349052,-0.011741944742771349,0.0
2019-12-23,1.0,0.06687766964105196,-0.01193947489073608,0.0
2019-12-24,1.0,0.06649282275900634,-0.012175468052705217,0.0
2019-12-25,1.0,0.06622822078628395,-0.012860573428068567,0.0
2019-12-26,1.0,0.06615897555701172,-0.013030692801955054,0.0
2019-12-27,1.0,0.06596078661981723,-0.013550290572682061,0.0
2019-12-30,1.0,0.06570248568092883,-0.015980388723675167,0.0
2020-01-03,1.0,0.06578254484533834,-0.01541240396731245,0.0
2020-01-06,1.0,0.06581202767427541,-0.015044879230652092,0.0
2020-01-08,1.0,0.06590089895633686,-0.014065066439728838,0.0
2020-01-09,1.0,0.06539108782648195,-0.010876120048482152,0.0
2020-01-10,1.0,0.06518462880425883,-0.010567412977436665,0.0
2020-01-13,1.0,0.06384986027136179,-0.008437126245015691,0.0
2020-01-14,1.0,0.06401657713739074,-0.009400584536745332,0.0
2020-01-15,1.0,0.06437078168021994,-0.009733505142452477,0.0
2020-01-16,1.0,0.06406551981860376,-0.00940658061969147,0.0
2020-01-17,1.0,0.06400319287806892,-0.010134528601491208,0.0
2020-01-20,1.0,0.06390293289981994,-0.00995477842344105,0.0
2020-01-21,1.0,0.06408987921677765,-0.010184037404108025,0.0
2020-01-22,1.0,0.06411910137609206,-0.010075393981354742,0.0
2020-01-23,1.0,0.0640296901975169,-0.01002808722801482,0.0
2020-01-24,1.0,0.06404683344786544,-0.010699817259358,0.0
2020-01-27,1.0,0.0646338844635559,-0.009771751578168036,0.0
2020-01-28,1.0,0.06476768724557685,-0.013887873825112418,0.0
2020-01-29,1.0,0.06446251089602359,-0.01257240369228025,0.0
2020-01-30,1.0,0.06458138007298811,-0.013970067264911498,0.0
2020-01-31,1.0,0.06452865356543436,-0.014861019792361353,0.0
2020-02-03,1.0,0.06477242914170842,-0.014757969861026232,0.0
2020-02-04,1.0,0.06450311414025546,-0.013868111197421908,0.0
2020-02-05,1.0,0.06420420717599512,-0.013981646124537984,0.0
2020-02-06,1.0,0.06418803814474583,-0.014147264800184307,0.0
2020-02-07,1.0,0.06395090434025878,-0.013752422033892646,0.0
2020-02-10,1.0,0.06375126276832027,-0.012391808943164898,0.0
2020-02-11,1.0,0.06374985743211298,-0.012178428116927903,0.0
2020-02-12,1.0,0.06350725460048268,-0.01042452284930219,0.0
2020-02-13,1.0,0.06345272205690537,-0.011118141245023992,0.0
2020-02-14,1.0,0.06327874072071754,-0.011192893851866573,0.0
2020-02-17,1.0,0.06301592075130694,-0.011176802578199252,0.0
2020-02-18,1.0,0.06299732233108457,-0.011078459697235858,0.0
2020-02-19,1.0,0.06274215162711036,-0.011126670667042989,0.0
2020-02-20,1.0,0.062393743111506,-0.010932212454262465,0.0
2020-02-21,1.0,0.06321073779996475,-0.011749207715986067,0.0
2020-02-25,1.0,0.06314685896318863,-0.010496437113965806,0.0
2020-02-26,1.0,0.06399501493294286,-0.010727885365633162,0.0
2020-02-27,1.0,0.06433159403993509,-0.01090664527409186,0.0
2020-02-28,1.0,0.06721166361874437,-0.009348275889787892,0.0
2020-03-02,1.0,0.06649715308596238,-0.009764717844793644,0.0
2020-03-03,1.0,0.06541361013831751,-0.010715351735359542,0.0
2020-03-04,1.0,0.06352482644898602,-0.009428265530250508,0.0
2020-03-05,1.0,0.06360192256030177,-0.010591498755779818,0.0
2020-03-06,1.0,0.06700551858547621,-0.011078756435781115,0.0
2020-03-10,1.0,0.07254959725432912,-0.007115418099365833,0.0
2020-03-11,1.0,0.07326333833979073,-0.010680499895811948,0.0
2020-03-12,1.0,0.08003034628415175,-0.01060769376458881,0.0
2020-03-13,1.0,0.07991754419507335,-0.010891905078173003,0.0
2020-03-16,1.0,0.08245653441443976,-0.011884964253217611,0.0
2020-03-17,1.0,0.08197654186180847,-0.011219520259332413,0.0
2020-03-18,1.0,0.08453365487577927,-0.012831445106163117,0.0
2020-03-19,1.0,0.0840058281203118,-0.012438702748576905,0.0
2020-03-20,1.0,0.07917232610503287,-0.015502613045850683,0.0
2020-03-23,1.0,0.07916843052831174,-0.01016077879115937,0.0
2020-03-24,1.0,0.07354213480318772,-0.012066200807910571,0.0
2020-03-25,1.0,0.0733596502201632,-0.013022734245338397,0.0
2020-03-26,1.0,0.0728187834914085,-0.01252373589139661,0.0
2020-03-27,1.0,0.07145151858993207,-0.011593534995943691,0.0
2020-03-30,1.0,0.0722169445162667,-0.012479052114391188,0.0
2020-03-31,1.0,0.06998491396374341,-0.010965400475110042,0.0
2020-04-01,1.0,0.07035804467210058,-0.011148665715695026,0.0
2020-04-02,1.0,0.07047813877007666,-0.012022307681776936,0.0
2020-04-03,1.0,0.06943013356422942,-0.010641023254272394,0.0
2020-04-06,1.0,0.0690581987708801,-0.011528340155764913,0.0
2020-04-07,1.0,0.0686985967042907,-0.011581891047990685,0.0
2020-04-08,1.0,0.06884414803814899,-0.010592398222564615,0.0
2020-04-09,1.0,0.06858192631562282,-0.01093198493729678,0.0
2020-04-10,1.0,0.06837644661605247,-0.010860352423783963,0.0
2020-04-13,1.0,0.06831992511234586,-0.011609682642575184,0.0
2020-04-14,1.0,0.0683333927022067,-0.011591767807996575,0.0
2020-04-15,1.0,0.06908499783828548,-0.011633656365223503,0.0
2020-04-16,1.0,0.06842236302587147,-0.011474794525913545,0.0
2020-04-17,1.0,0.06631272327726934,-0.010732153187666446,0.0
2020-04-20,1.0,0.06382699858655762,-0.008873682188956913,0.0
2020-04-21,1.0,0.06505113408074187,-0.009776284175549523,0.0
2020-04-22,1.0,0.06455893677548336,-0.009520112988226859,0.0
2020-04-23,1.0,0.06339010074310583,-0.0093532035917583,0.0
2020-04-24,1.0,0.06290368602836115,-0.010625817022284587,0.0
2020-04-27,1.0,0.06295324097613372,-0.011229044700494684,0.0
2020-04-28,1.0,0.0630234897825694,-0.010938755240688512,0.0
2020-04-29,1.0,0.06284131387198877,-0.011777551080398935,0.0
2020-04-30,1.0,0.06292808974385024,-0.011776938712784568,0.0
2020-05-04,1.0,0.06292699762918545,-0.01236997956048997,0.0
2020-05-05,1.0,0.06273477733478788,-0.013592325191350015,0.0
2020-05-06,1.0,0.06286098953006022,-0.012073557275788141,0.0
2020-05-07,1.0,0.0628931814379335,-0.011048532087229161,0.0
2020-05-08,1.0,0.06253295725264997,-0.011635045399814449,0.0
2020-05-12,1.0,0.0619267429912151,-0.012461014898746521,0.0
2020-05-13,1.0,0.061939515459707745,-0.012873046238425466,0.0
2020-05-14,1.0,0.06171525145656915,-0.01154426998920232,0.0
2020-05-15,1.0,0.06039689041973355,-0.0125540796425292,0.0
2020-05-18,1.0,0.05799571371150793,-0.01051107528519312,0.0
2020-05-19,1.0,0.05815655542010902,-0.011048211847783256,0.0
2020-05-20,1.0,0.05796200020229645,-0.010818931702370964,0.0
2020-05-21,1.0,0.05787885751882625,-0.01121858651046085,0.0
2020-05-22,1.0,0.05806714407566007,-0.011407876876503471,0.0
2020-05-25,1.0,0.05825532962336877,-0.012262037228858186,0.0
2020-05-26,1.0,0.058270484642529145,-0.012816284237562724,0.0
2020-05-27,1.0,0.058650100091946204,-0.013107006315847429,0.0
2020-05-28,1.0,0.05878380921857789,-0.013737156416404689,0.0
2020-05-29,1.0,0.0585045893215397,-0.014578704597547294,0.0
2020-06-01,1.0,0.05838635781325087,-0.01550511851986601,0.0
2020-06-02,1.0,0.058311075365675605,-0.015785864218755302,0.0
2020-06-03,1.0,0.058759212221509594,-0.01652078552867938,0.0
2020-06-04,1.0,0.05951937675802574,-0.017176435356062822,0.0
2020-06-05,1.0,0.06013296937709396,-0.018329806356881646,0.0
2020-06-08,1.0,0.0604608848174674,-0.01918781432238193,0.0
2020-06-09,1.0,0.060663995295810444,-0.019505334469618316,0.0
2020-06-10,1.0,0.059878097594528744,-0.018689174840348162,0.0
2020-06-11,1.0,0.05999959588149358,-0.017989570836589384,0.0
2020-06-15,1.0,0.06029632837762637,-0.018114754739724737,0.0
2020-06-16,1.0,0.059756469172431624,-0.01844323459145296,0.0
2020-06-17,1.0,0.05898825341174749,-0.01763103759717731,0.0
2020-06-18,1.0,0.05885583000645672,-0.01791439332201636,0.0
2020-06-19,1.0,0.05848524906405876,-0.018061705328595544,0.0
2020-06-22,1.0,0.05924011317715079,-0.016661274629965278,0.0
2020-06-23,1.0,0.05966989742487283,-0.016750155263700002,0.0
2020-06-25,1.0,0.0602308716809396,-0.01720942380845407,0.0
2020-06-26,1.0,0.06020596885707497,-0.017222804491921942,0.0
2020-06-29,1.0,0.06029229018718614,-0.017878163881287844,0.0
2020-06-30,1.0,0.06149975049187319,-0.018957723175108007,0.0
2020-07-02,1.0,0.06132119084797272,-0.019226099622032485,0.0
2020-07-03,1.0,0.062491758801011946,-0.021224508616440797,0.0
2020-07-06,1.0,0.06285058474646044,-0.0218916626404742,0.0
2020-07-07,1.0,0.06233838652251516,-0.022300761682920223,0.0
2020-07-08,1.0,0.06193485806615687,-0.021827668915669465,0.0
2020-07-09,1.0,0.06123843664643963,-0.021287886379185966,0.0
2020-07-10,1.0,0.061309298406060045,-0.021155126981922297,0.0
2020-07-13,1.0,0.06128175639178526,-0.020344788609534932,0.0
