Бумага;ISIN;Торговый код;Номер платежа;Дата фактической выплаты;Ставка купона, % годовых;Сумма купона, RUB;Погашение номинала, RUB
Россия, 26205;RU000A0JREQ7;SU26205RMFS3;1;26.10.2011;7.6;40.81;
Россия, 26205;RU000A0JREQ7;SU26205RMFS3;2;25.04.2012;7.6;37.9;
Россия, 26205;RU000A0JREQ7;SU26205RMFS3;3;24.10.2012;7.6;37.9;
Россия, 26205;RU000A0JREQ7;SU26205RMFS3;4;24.04.2013;7.6;37.9;
Россия, 26205;RU000A0JREQ7;SU26205RMFS3;5;23.10.2013;7.6;37.9;
Россия, 26205;RU000A0JREQ7;SU26205RMFS3;6;23.04.2014;7.6;37.9;
Россия, 26205;RU000A0JREQ7;SU26205RMFS3;7;22.10.2014;7.6;37.9;
Россия, 26205;RU000A0JREQ7;SU26205RMFS3;8;22.04.2015;7.6;37.9;
Россия, 26205;RU000A0JREQ7;SU26205RMFS3;9;21.10.2015;7.6;37.9;
Россия, 26205;RU000A0JREQ7;SU26205RMFS3;10;20.04.2016;7.6;37.9;
Россия, 26205;RU000A0JREQ7;SU26205RMFS3;11;19.10.2016;7.6;37.9;
Россия, 26205;RU000A0JREQ7;SU26205RMFS3;12;19.04.2017;7.6;37.9;
Россия, 26205;RU000A0JREQ7;SU26205RMFS3;13;18.10.2017;7.6;37.9;
Россия, 26205;RU000A0JREQ7;SU26205RMFS3;14;18.04.2018;7.6;37.9;
Россия, 26205;RU000A0JREQ7;SU26205RMFS3;15;17.10.2018;7.6;37.9;
Россия, 26205;RU000A0JREQ7;SU26205RMFS3;16;17.04.2019;7.6;37.9;
Россия, 26205;RU000A0JREQ7;SU26205RMFS3;17;16.10.2019;7.6;37.9;
Россия, 26205;RU000A0JREQ7;SU26205RMFS3;18;15.04.2020;7.6;37.9;
Россия, 26205;RU000A0JREQ7;SU26205RMFS3;19;14.10.2020;7.6;37.9;
Россия, 26205;RU000A0JREQ7;SU26205RMFS3;20;14.04.2021;7.6;37.9;1 000
Россия, 26207;RU000A0JS3W6;SU26207RMFS9;1;22.08.2012;8.15;40.64;
Россия, 26207;RU000A0JS3W6;SU26207RMFS9;2;20.02.2013;8.15;40.64;
Россия, 26207;RU000A0JS3W6;SU26207RMFS9;3;21.08.2013;8.15;40.64;
Россия, 26207;RU000A0JS3W6;SU26207RMFS9;4;19.02.2014;8.15;40.64;
Россия, 26207;RU000A0JS3W6;SU26207RMFS9;5;20.08.2014;8.15;40.64;
Россия, 26207;RU000A0JS3W6;SU26207RMFS9;6;18.02.2015;8.15;40.64;
Россия, 26207;RU000A0JS3W6;SU26207RMFS9;7;19.08.2015;8.15;40.64;
Россия, 26207;RU000A0JS3W6;SU26207RMFS9;8;17.02.2016;8.15;40.64;
Россия, 26207;RU000A0JS3W6;SU26207RMFS9;9;17.08.2016;8.15;40.64;
Россия, 26207;RU000A0JS3W6;SU26207RMFS9;10;15.02.2017;8.15;40.64;
Россия, 26207;RU000A0JS3W6;SU26207RMFS9;11;16.08.2017;8.15;40.64;
Россия, 26207;RU000A0JS3W6;SU26207RMFS9;12;14.02.2018;8.15;40.64;
Россия, 26207;RU000A0JS3W6;SU26207RMFS9;13;15.08.2018;8.15;40.64;
Россия, 26207;RU000A0JS3W6;SU26207RMFS9;14;13.02.2019;8.15;40.64;
Россия, 26207;RU000A0JS3W6;SU26207RMFS9;15;14.08.2019;8.15;40.64;
Россия, 26207;RU000A0JS3W6;SU26207RMFS9;16;12.02.2020;8.15;40.64;
Россия, 26207;RU000A0JS3W6;SU26207RMFS9;17;12.08.2020;8.15;40.64;
Россия, 26207;RU000A0JS3W6;SU26207RMFS9;18;10.02.2021;8.15;40.64;
Россия, 26207;RU000A0JS3W6;SU26207RMFS9;19;11.08.2021;8.15;40.64;
Россия, 26207;RU000A0JS3W6;SU26207RMFS9;20;09.02.2022;8.15;40.64;
Россия, 26207;RU000A0JS3W6;SU26207RMFS9;21;10.08.2022;8.15;40.64;
Россия, 26207;RU000A0JS3W6;SU26207RMFS9;22;08.02.2023;8.15;40.64;
Россия, 26207;RU000A0JS3W6;SU26207RMFS9;23;09.08.2023;8.15;40.64;
Россия, 26207;RU000A0JS3W6;SU26207RMFS9;24;07.02.2024;8.15;40.64;
Россия, 26207;RU000A0JS3W6;SU26207RMFS9;25;07.08.2024;8.15;40.64;
Россия, 26207;RU000A0JS3W6;SU26207RMFS9;26;05.02.2025;8.15;40.64;
Россия, 26207;RU000A0JS3W6;SU26207RMFS9;27;06.08.2025;8.15;40.64;
Россия, 26207;RU000A0JS3W6;SU26207RMFS9;28;04.02.2026;8.15;40.64;
Россия, 26207;RU000A0JS3W6;SU26207RMFS9;29;05.08.2026;8.15;40.64;
Россия, 26207;RU000A0JS3W6;SU26207RMFS9;30;03.02.2027;8.15;40.64;1 000
Россия, 26208;RU000A0JS4M5;SU26208RMFS7;1;05.09.2012;7.5;37.4;
Россия, 26208;RU000A0JS4M5;SU26208RMFS7;2;06.03.2013;7.5;37.4;
Россия, 26208;RU000A0JS4M5;SU26208RMFS7;3;04.09.2013;7.5;37.4;
Россия, 26208;RU000A0JS4M5;SU26208RMFS7;4;05.03.2014;7.5;37.4;
Россия, 26208;RU000A0JS4M5;SU26208RMFS7;5;03.09.2014;7.5;37.4;
Россия, 26208;RU000A0JS4M5;SU26208RMFS7;6;04.03.2015;7.5;37.4;
Россия, 26208;RU000A0JS4M5;SU26208RMFS7;7;02.09.2015;7.5;37.4;
Россия, 26208;RU000A0JS4M5;SU26208RMFS7;8;02.03.2016;7.5;37.4;
Россия, 26208;RU000A0JS4M5;SU26208RMFS7;9;31.08.2016;7.5;37.4;
Россия, 26208;RU000A0JS4M5;SU26208RMFS7;10;01.03.2017;7.5;37.4;
Россия, 26208;RU000A0JS4M5;SU26208RMFS7;11;30.08.2017;7.5;37.4;
Россия, 26208;RU000A0JS4M5;SU26208RMFS7;12;28.02.2018;7.5;37.4;
Россия, 26208;RU000A0JS4M5;SU26208RMFS7;13;29.08.2018;7.5;37.4;
Россия, 26208;RU000A0JS4M5;SU26208RMFS7;14;27.02.2019;7.5;37.4;1 000
Россия, 26209;RU000A0JSMA2;SU26209RMFS5;1;30.01.2013;7.6;37.9;
Россия, 26209;RU000A0JSMA2;SU26209RMFS5;2;31.07.2013;7.6;37.9;
Россия, 26209;RU000A0JSMA2;SU26209RMFS5;3;29.01.2014;7.6;37.9;
Россия, 26209;RU000A0JSMA2;SU26209RMFS5;4;30.07.2014;7.6;37.9;
Россия, 26209;RU000A0JSMA2;SU26209RMFS5;5;28.01.2015;7.6;37.9;
Россия, 26209;RU000A0JSMA2;SU26209RMFS5;6;29.07.2015;7.6;37.9;
Россия, 26209;RU000A0JSMA2;SU26209RMFS5;7;27.01.2016;7.6;37.9;
Россия, 26209;RU000A0JSMA2;SU26209RMFS5;8;27.07.2016;7.6;37.9;
Россия, 26209;RU000A0JSMA2;SU26209RMFS5;9;25.01.2017;7.6;37.9;
Россия, 26209;RU000A0JSMA2;SU26209RMFS5;10;26.07.2017;7.6;37.9;
Россия, 26209;RU000A0JSMA2;SU26209RMFS5;11;24.01.2018;7.6;37.9;
Россия, 26209;RU000A0JSMA2;SU26209RMFS5;12;25.07.2018;7.6;37.9;
Россия, 26209;RU000A0JSMA2;SU26209RMFS5;13;23.01.2019;7.6;37.9;
Россия, 26209;RU000A0JSMA2;SU26209RMFS5;14;24.07.2019;7.6;37.9;
Россия, 26209;RU000A0JSMA2;SU26209RMFS5;15;22.01.2020;7.6;37.9;
Россия, 26209;RU000A0JSMA2;SU26209RMFS5;16;22.07.2020;7.6;37.9;
Россия, 26209;RU000A0JSMA2;SU26209RMFS5;17;20.01.2021;7.6;37.9;
Россия, 26209;RU000A0JSMA2;SU26209RMFS5;18;21.07.2021;7.6;37.9;
Россия, 26209;RU000A0JSMA2;SU26209RMFS5;19;19.01.2022;7.6;37.9;
Россия, 26209;RU000A0JSMA2;SU26209RMFS5;20;20.07.2022;7.6;37.9;1 000
Россия, 26210;RU000A0JTG59;SU26210RMFS3;1;19.06.2013;6.8;33.91;
Россия, 26210;RU000A0JTG59;SU26210RMFS3;2;18.12.2013;6.8;33.91;
Россия, 26210;RU000A0JTG59;SU26210RMFS3;3;18.06.2014;6.8;33.91;
Россия, 26210;RU000A0JTG59;SU26210RMFS3;4;17.12.2014;6.8;33.91;
Россия, 26210;RU000A0JTG59;SU26210RMFS3;5;17.06.2015;6.8;33.91;
Россия, 26210;RU000A0JTG59;SU26210RMFS3;6;16.12.2015;6.8;33.91;
Россия, 26210;RU000A0JTG59;SU26210RMFS3;7;15.06.2016;6.8;33.91;
Россия, 26210;RU000A0JTG59;SU26210RMFS3;8;14.12.2016;6.8;33.91;
Россия, 26210;RU000A0JTG59;SU26210RMFS3;9;14.06.2017;6.8;33.91;
Россия, 26210;RU000A0JTG59;SU26210RMFS3;10;13.12.2017;6.8;33.91;
Россия, 26210;RU000A0JTG59;SU26210RMFS3;11;13.06.2018;6.8;33.91;
Россия, 26210;RU000A0JTG59;SU26210RMFS3;12;12.12.2018;6.8;33.91;
Россия, 26210;RU000A0JTG59;SU26210RMFS3;13;13.06.2019;6.8;33.91;
Россия, 26210;RU000A0JTG59;SU26210RMFS3;14;11.12.2019;6.8;33.91;1 000
Россия, 26211;RU000A0JTJL3;SU26211RMFS1;1;07.08.2013;7;38.93;
Россия, 26211;RU000A0JTJL3;SU26211RMFS1;2;05.02.2014;7;34.9;
Россия, 26211;RU000A0JTJL3;SU26211RMFS1;3;06.08.2014;7;34.9;
Россия, 26211;RU000A0JTJL3;SU26211RMFS1;4;04.02.2015;7;34.9;
Россия, 26211;RU000A0JTJL3;SU26211RMFS1;5;05.08.2015;7;34.9;
Россия, 26211;RU000A0JTJL3;SU26211RMFS1;6;03.02.2016;7;34.9;
Россия, 26211;RU000A0JTJL3;SU26211RMFS1;7;03.08.2016;7;34.9;
Россия, 26211;RU000A0JTJL3;SU26211RMFS1;8;01.02.2017;7;34.9;
Россия, 26211;RU000A0JTJL3;SU26211RMFS1;9;02.08.2017;7;34.9;
Россия, 26211;RU000A0JTJL3;SU26211RMFS1;10;31.01.2018;7;34.9;
Россия, 26211;RU000A0JTJL3;SU26211RMFS1;11;01.08.2018;7;34.9;
Россия, 26211;RU000A0JTJL3;SU26211RMFS1;12;30.01.2019;7;34.9;
Россия, 26211;RU000A0JTJL3;SU26211RMFS1;13;31.07.2019;7;34.9;
Россия, 26211;RU000A0JTJL3;SU26211RMFS1;14;29.01.2020;7;34.9;
Россия, 26211;RU000A0JTJL3;SU26211RMFS1;15;29.07.2020;7;34.9;
Россия, 26211;RU000A0JTJL3;SU26211RMFS1;16;27.01.2021;7;34.9;
Россия, 26211;RU000A0JTJL3;SU26211RMFS1;17;28.07.2021;7;34.9;
Россия, 26211;RU000A0JTJL3;SU26211RMFS1;18;26.01.2022;7;34.9;
Россия, 26211;RU000A0JTJL3;SU26211RMFS1;19;27.07.2022;7;34.9;
Россия, 26211;RU000A0JTJL3;SU26211RMFS1;20;25.01.2023;7;34.9;1 000
Россия, 26212;RU000A0JTK38;SU26212RMFS9;1;07.08.2013;7.05;37.86;
Россия, 26212;RU000A0JTK38;SU26212RMFS9;2;05.02.2014;7.05;35.15;
Россия, 26212;RU000A0JTK38;SU26212RMFS9;3;06.08.2014;7.05;35.15;
Россия, 26212;RU000A0JTK38;SU26212RMFS9;4;04.02.2015;7.05;35.15;
Россия, 26212;RU000A0JTK38;SU26212RMFS9;5;05.08.2015;7.05;35.15;
Россия, 26212;RU000A0JTK38;SU26212RMFS9;6;03.02.2016;7.05;35.15;
Россия, 26212;RU000A0JTK38;SU26212RMFS9;7;03.08.2016;7.05;35.15;
Россия, 26212;RU000A0JTK38;SU26212RMFS9;8;01.02.2017;7.05;35.15;
Россия, 26212;RU000A0JTK38;SU26212RMFS9;9;02.08.2017;7.05;35.15;
Россия, 26212;RU000A0JTK38;SU26212RMFS9;10;31.01.2018;7.05;35.15;
Россия, 26212;RU000A0JTK38;SU26212RMFS9;11;01.08.2018;7.05;35.15;
Россия, 26212;RU000A0JTK38;SU26212RMFS9;12;30.01.2019;7.05;35.15;
Россия, 26212;RU000A0JTK38;SU26212RMFS9;13;31.07.2019;7.05;35.15;
Россия, 26212;RU000A0JTK38;SU26212RMFS9;14;29.01.2020;7.05;35.15;
Россия, 26212;RU000A0JTK38;SU26212RMFS9;15;29.07.2020;7.05;35.15;
Россия, 26212;RU000A0JTK38;SU26212RMFS9;16;27.01.2021;7.05;35.15;
Россия, 26212;RU000A0JTK38;SU26212RMFS9;17;28.07.2021;7.05;35.15;
Россия, 26212;RU000A0JTK38;SU26212RMFS9;18;26.01.2022;7.05;35.15;
Россия, 26212;RU000A0JTK38;SU26212RMFS9;19;27.07.2022;7.05;35.15;
Россия, 26212;RU000A0JTK38;SU26212RMFS9;20;25.01.2023;7.05;35.15;
Россия, 26212;RU000A0JTK38;SU26212RMFS9;21;26.07.2023;7.05;35.15;
Россия, 26212;RU000A0JTK38;SU26212RMFS9;22;24.01.2024;7.05;35.15;
Россия, 26212;RU000A0JTK38;SU26212RMFS9;23;24.07.2024;7.05;35.15;
Россия, 26212;RU000A0JTK38;SU26212RMFS9;24;22.01.2025;7.05;35.15;
Россия, 26212;RU000A0JTK38;SU26212RMFS9;25;23.07.2025;7.05;35.15;
Россия, 26212;RU000A0JTK38;SU26212RMFS9;26;21.01.2026;7.05;35.15;
Россия, 26212;RU000A0JTK38;SU26212RMFS9;27;22.07.2026;7.05;35.15;
Россия, 26212;RU000A0JTK38;SU26212RMFS9;28;20.01.2027;7.05;35.15;
Россия, 26212;RU000A0JTK38;SU26212RMFS9;29;21.07.2027;7.05;35.15;
Россия, 26212;RU000A0JTK38;SU26212RMFS9;30;19.01.2028;7.05;35.15;1 000
Россия, 26214;RU000A0JTYA5;SU26214RMFS5;1;04.12.2013;6.4;31.91;
Россия, 26214;RU000A0JTYA5;SU26214RMFS5;2;04.06.2014;6.4;31.91;
Россия, 26214;RU000A0JTYA5;SU26214RMFS5;3;03.12.2014;6.4;31.91;
Россия, 26214;RU000A0JTYA5;SU26214RMFS5;4;03.06.2015;6.4;31.91;
Россия, 26214;RU000A0JTYA5;SU26214RMFS5;5;02.12.2015;6.4;31.91;
Россия, 26214;RU000A0JTYA5;SU26214RMFS5;6;01.06.2016;6.4;31.91;
Россия, 26214;RU000A0JTYA5;SU26214RMFS5;7;30.11.2016;6.4;31.91;
Россия, 26214;RU000A0JTYA5;SU26214RMFS5;8;31.05.2017;6.4;31.91;
Россия, 26214;RU000A0JTYA5;SU26214RMFS5;9;29.11.2017;6.4;31.91;
Россия, 26214;RU000A0JTYA5;SU26214RMFS5;10;30.05.2018;6.4;31.91;
Россия, 26214;RU000A0JTYA5;SU26214RMFS5;11;28.11.2018;6.4;31.91;
Россия, 26214;RU000A0JTYA5;SU26214RMFS5;12;29.05.2019;6.4;31.91;
Россия, 26214;RU000A0JTYA5;SU26214RMFS5;13;27.11.2019;6.4;31.91;
Россия, 26214;RU000A0JTYA5;SU26214RMFS5;14;27.05.2020;6.4;31.91;1 000
Россия, 26215;RU000A0JU4L3;SU26215RMFS2;1;26.02.2014;7;33.56;
Россия, 26215;RU000A0JU4L3;SU26215RMFS2;2;27.08.2014;7;34.9;
Россия, 26215;RU000A0JU4L3;SU26215RMFS2;3;25.02.2015;7;34.9;
Россия, 26215;RU000A0JU4L3;SU26215RMFS2;4;26.08.2015;7;34.9;
Россия, 26215;RU000A0JU4L3;SU26215RMFS2;5;24.02.2016;7;34.9;
Россия, 26215;RU000A0JU4L3;SU26215RMFS2;6;24.08.2016;7;34.9;
Россия, 26215;RU000A0JU4L3;SU26215RMFS2;7;22.02.2017;7;34.9;
Россия, 26215;RU000A0JU4L3;SU26215RMFS2;8;23.08.2017;7;34.9;
Россия, 26215;RU000A0JU4L3;SU26215RMFS2;9;21.02.2018;7;34.9;
Россия, 26215;RU000A0JU4L3;SU26215RMFS2;10;22.08.2018;7;34.9;
Россия, 26215;RU000A0JU4L3;SU26215RMFS2;11;20.02.2019;7;34.9;
Россия, 26215;RU000A0JU4L3;SU26215RMFS2;12;21.08.2019;7;34.9;
Россия, 26215;RU000A0JU4L3;SU26215RMFS2;13;19.02.2020;7;34.9;
Россия, 26215;RU000A0JU4L3;SU26215RMFS2;14;19.08.2020;7;34.9;
Россия, 26215;RU000A0JU4L3;SU26215RMFS2;15;17.02.2021;7;34.9;
Россия, 26215;RU000A0JU4L3;SU26215RMFS2;16;18.08.2021;7;34.9;
Россия, 26215;RU000A0JU4L3;SU26215RMFS2;17;16.02.2022;7;34.9;
Россия, 26215;RU000A0JU4L3;SU26215RMFS2;18;17.08.2022;7;34.9;
Россия, 26215;RU000A0JU4L3;SU26215RMFS2;19;15.02.2023;7;34.9;
Россия, 26215;RU000A0JU4L3;SU26215RMFS2;20;16.08.2023;7;34.9;1 000
Россия, 26216;RU000A0JU9V1;SU26216RMFS0;1;21.05.2014;6.7;34.69;
Россия, 26216;RU000A0JU9V1;SU26216RMFS0;2;19.11.2014;6.7;33.41;
Россия, 26216;RU000A0JU9V1;SU26216RMFS0;3;20.05.2015;6.7;33.41;
Россия, 26216;RU000A0JU9V1;SU26216RMFS0;4;18.11.2015;6.7;33.41;
Россия, 26216;RU000A0JU9V1;SU26216RMFS0;5;18.05.2016;6.7;33.41;
Россия, 26216;RU000A0JU9V1;SU26216RMFS0;6;16.11.2016;6.7;33.41;
Россия, 26216;RU000A0JU9V1;SU26216RMFS0;7;17.05.2017;6.7;33.41;
Россия, 26216;RU000A0JU9V1;SU26216RMFS0;8;15.11.2017;6.7;33.41;
Россия, 26216;RU000A0JU9V1;SU26216RMFS0;9;16.05.2018;6.7;33.41;
Россия, 26216;RU000A0JU9V1;SU26216RMFS0;10;14.11.2018;6.7;33.41;
Россия, 26216;RU000A0JU9V1;SU26216RMFS0;11;15.05.2019;6.7;33.41;1 000
Россия, 26217;RU000A0JVW30;SU26217RMFS8;1;24.02.2016;7.5;24.45;
Россия, 26217;RU000A0JVW30;SU26217RMFS8;2;24.08.2016;7.5;37.4;
Россия, 26217;RU000A0JVW30;SU26217RMFS8;3;22.02.2017;7.5;37.4;
Россия, 26217;RU000A0JVW30;SU26217RMFS8;4;23.08.2017;7.5;37.4;
Россия, 26217;RU000A0JVW30;SU26217RMFS8;5;21.02.2018;7.5;37.4;
Россия, 26217;RU000A0JVW30;SU26217RMFS8;6;22.08.2018;7.5;37.4;
Россия, 26217;RU000A0JVW30;SU26217RMFS8;7;20.02.2019;7.5;37.4;
Россия, 26217;RU000A0JVW30;SU26217RMFS8;8;21.08.2019;7.5;37.4;
Россия, 26217;RU000A0JVW30;SU26217RMFS8;9;19.02.2020;7.5;37.4;
Россия, 26217;RU000A0JVW30;SU26217RMFS8;10;19.08.2020;7.5;37.4;
Россия, 26217;RU000A0JVW30;SU26217RMFS8;11;17.02.2021;7.5;37.4;
Россия, 26217;RU000A0JVW30;SU26217RMFS8;12;18.08.2021;7.5;37.4;1 000
Россия, 26218;RU000A0JVW48;SU26218RMFS6;1;06.04.2016;8.5;37.49;
Россия, 26218;RU000A0JVW48;SU26218RMFS6;2;05.10.2016;8.5;42.38;
Россия, 26218;RU000A0JVW48;SU26218RMFS6;3;05.04.2017;8.5;42.38;
Россия, 26218;RU000A0JVW48;SU26218RMFS6;4;04.10.2017;8.5;42.38;
Россия, 26218;RU000A0JVW48;SU26218RMFS6;5;04.04.2018;8.5;42.38;
Россия, 26218;RU000A0JVW48;SU26218RMFS6;6;03.10.2018;8.5;42.38;
Россия, 26218;RU000A0JVW48;SU26218RMFS6;7;03.04.2019;8.5;42.38;
Россия, 26218;RU000A0JVW48;SU26218RMFS6;8;02.10.2019;8.5;42.38;
Россия, 26218;RU000A0JVW48;SU26218RMFS6;9;01.04.2020;8.5;42.38;
Россия, 26218;RU000A0JVW48;SU26218RMFS6;10;30.09.2020;8.5;42.38;
Россия, 26218;RU000A0JVW48;SU26218RMFS6;11;31.03.2021;8.5;42.38;
Россия, 26218;RU000A0JVW48;SU26218RMFS6;12;29.09.2021;8.5;42.38;
Россия, 26218;RU000A0JVW48;SU26218RMFS6;13;30.03.2022;8.5;42.38;
Россия, 26218;RU000A0JVW48;SU26218RMFS6;14;28.09.2022;8.5;42.38;
Россия, 26218;RU000A0JVW48;SU26218RMFS6;15;29.03.2023;8.5;42.38;
Россия, 26218;RU000A0JVW48;SU26218RMFS6;16;27.09.2023;8.5;42.38;
Россия, 26218;RU000A0JVW48;SU26218RMFS6;17;27.03.2024;8.5;42.38;
Россия, 26218;RU000A0JVW48;SU26218RMFS6;18;25.09.2024;8.5;42.38;
Россия, 26218;RU000A0JVW48;SU26218RMFS6;19;26.03.2025;8.5;42.38;
Россия, 26218;RU000A0JVW48;SU26218RMFS6;20;24.09.2025;8.5;42.38;
Россия, 26218;RU000A0JVW48;SU26218RMFS6;21;25.03.2026;8.5;42.38;
Россия, 26218;RU000A0JVW48;SU26218RMFS6;22;23.09.2026;8.5;42.38;
Россия, 26218;RU000A0JVW48;SU26218RMFS6;23;24.03.2027;8.5;42.38;
Россия, 26218;RU000A0JVW48;SU26218RMFS6;24;22.09.2027;8.5;42.38;
Россия, 26218;RU000A0JVW48;SU26218RMFS6;25;22.03.2028;8.5;42.38;
Россия, 26218;RU000A0JVW48;SU26218RMFS6;26;20.09.2028;8.5;42.38;
Россия, 26218;RU000A0JVW48;SU26218RMFS6;27;21.03.2029;8.5;42.38;
Россия, 26218;RU000A0JVW48;SU26218RMFS6;28;19.09.2029;8.5;42.38;
Россия, 26218;RU000A0JVW48;SU26218RMFS6;29;20.03.2030;8.5;42.38;
Россия, 26218;RU000A0JVW48;SU26218RMFS6;30;18.09.2030;8.5;42.38;
Россия, 26218;RU000A0JVW48;SU26218RMFS6;31;19.03.2031;8.5;42.38;
Россия, 26218;RU000A0JVW48;SU26218RMFS6;32;17.09.2031;8.5;42.38;1 000
Россия, 26219;RU000A0JWM07;SU26219RMFS4;1;28.09.2016;7.75;19.32;
Россия, 26219;RU000A0JWM07;SU26219RMFS4;2;29.03.2017;7.75;38.64;
Россия, 26219;RU000A0JWM07;SU26219RMFS4;3;27.09.2017;7.75;38.64;
Россия, 26219;RU000A0JWM07;SU26219RMFS4;4;28.03.2018;7.75;38.64;
Россия, 26219;RU000A0JWM07;SU26219RMFS4;5;26.09.2018;7.75;38.64;
Россия, 26219;RU000A0JWM07;SU26219RMFS4;6;27.03.2019;7.75;38.64;
Россия, 26219;RU000A0JWM07;SU26219RMFS4;7;25.09.2019;7.75;38.64;
Россия, 26219;RU000A0JWM07;SU26219RMFS4;8;25.03.2020;7.75;38.64;
Россия, 26219;RU000A0JWM07;SU26219RMFS4;9;23.09.2020;7.75;38.64;
Россия, 26219;RU000A0JWM07;SU26219RMFS4;10;24.03.2021;7.75;38.64;
Россия, 26219;RU000A0JWM07;SU26219RMFS4;11;22.09.2021;7.75;38.64;
Россия, 26219;RU000A0JWM07;SU26219RMFS4;12;23.03.2022;7.75;38.64;
Россия, 26219;RU000A0JWM07;SU26219RMFS4;13;21.09.2022;7.75;38.64;
Россия, 26219;RU000A0JWM07;SU26219RMFS4;14;22.03.2023;7.75;38.64;
Россия, 26219;RU000A0JWM07;SU26219RMFS4;15;20.09.2023;7.75;38.64;
Россия, 26219;RU000A0JWM07;SU26219RMFS4;16;20.03.2024;7.75;38.64;
Россия, 26219;RU000A0JWM07;SU26219RMFS4;17;18.09.2024;7.75;38.64;
Россия, 26219;RU000A0JWM07;SU26219RMFS4;18;19.03.2025;7.75;38.64;
Россия, 26219;RU000A0JWM07;SU26219RMFS4;19;17.09.2025;7.75;38.64;
Россия, 26219;RU000A0JWM07;SU26219RMFS4;20;18.03.2026;7.75;38.64;
Россия, 26219;RU000A0JWM07;SU26219RMFS4;21;16.09.2026;7.75;38.64;1 000
Россия, 46011;RU0002867854;SU46011RMFS1;1;17.09.2003;0;0;
Россия, 46011;RU0002867854;SU46011RMFS1;2;15.09.2004;0;0;
Россия, 46011;RU0002867854;SU46011RMFS1;3;14.09.2005;0;0;
Россия, 46011;RU0002867854;SU46011RMFS1;4;13.09.2006;0;0;
Россия, 46011;RU0002867854;SU46011RMFS1;5;12.09.2007;0;0;
Россия, 46011;RU0002867854;SU46011RMFS1;6;10.09.2008;0;0;
Россия, 46011;RU0002867854;SU46011RMFS1;7;09.09.2009;0;0;
Россия, 46011;RU0002867854;SU46011RMFS1;8;08.09.2010;0;0;
Россия, 46011;RU0002867854;SU46011RMFS1;9;07.09.2011;0;0;
Россия, 46011;RU0002867854;SU46011RMFS1;10;05.09.2012;0;0;
Россия, 46011;RU0002867854;SU46011RMFS1;11;04.09.2013;10;99.73;
Россия, 46011;RU0002867854;SU46011RMFS1;12;03.09.2014;10;99.73;
Россия, 46011;RU0002867854;SU46011RMFS1;13;02.09.2015;10;99.73;
Россия, 46011;RU0002867854;SU46011RMFS1;14;31.08.2016;10;99.73;
Россия, 46011;RU0002867854;SU46011RMFS1;15;30.08.2017;10;99.73;
Россия, 46011;RU0002867854;SU46011RMFS1;16;29.08.2018;10;99.73;
Россия, 46011;RU0002867854;SU46011RMFS1;17;28.08.2019;10;99.73;
Россия, 46011;RU0002867854;SU46011RMFS1;18;26.08.2020;10;99.73;100
Россия, 46011;RU0002867854;SU46011RMFS1;19;25.08.2021;10;89.75;100
Россия, 46011;RU0002867854;SU46011RMFS1;20;24.08.2022;10;79.78;200
Россия, 46011;RU0002867854;SU46011RMFS1;21;23.08.2023;10;59.84;100
Россия, 46011;RU0002867854;SU46011RMFS1;22;21.08.2024;10;49.86;200
Россия, 46011;RU0002867854;SU46011RMFS1;23;20.08.2025;10;29.92;300
Россия, 46012;RU0002868001;SU46012RMFS9;1;08.10.2003;3.084;19.94;
Россия, 46012;RU0002868001;SU46012RMFS9;2;06.10.2004;1.045;10.42;
Россия, 46012;RU0002868001;SU46012RMFS9;3;05.10.2005;0.341;3.4;
Россия, 46012;RU0002868001;SU46012RMFS9;4;04.10.2006;1.211;12.08;
Россия, 46012;RU0002868001;SU46012RMFS9;5;03.10.2007;0.705;7.03;
Россия, 46012;RU0002868001;SU46012RMFS9;6;01.10.2008;1.566;15.62;
Россия, 46012;RU0002868001;SU46012RMFS9;7;30.09.2009;0.888;8.86;
Россия, 46012;RU0002868001;SU46012RMFS9;8;29.09.2010;1.948;19.43;
Россия, 46012;RU0002868001;SU46012RMFS9;9;28.09.2011;2.903;28.95;
Россия, 46012;RU0002868001;SU46012RMFS9;10;26.09.2012;3.741;37.31;
Россия, 46012;RU0002868001;SU46012RMFS9;11;25.09.2013;1.359;13.55;
Россия, 46012;RU0002868001;SU46012RMFS9;12;24.09.2014;1.697;16.92;
Россия, 46012;RU0002868001;SU46012RMFS9;13;23.09.2015;4.673;46.6;
Россия, 46012;RU0002868001;SU46012RMFS9;14;21.09.2016;3.351;33.42;
Россия, 46012;RU0002868001;SU46012RMFS9;15;20.09.2017;3.281;32.72;
Россия, 46012;RU0002868001;SU46012RMFS9;16;19.09.2018;8.386;83.63;25
Россия, 46012;RU0002868001;SU46012RMFS9;17;18.09.2019;8.656;84.16;25
Россия, 46012;RU0002868001;SU46012RMFS9;18;16.09.2020;6.269;59.39;
Россия, 46012;RU0002868001;SU46012RMFS9;19;15.09.2021;9.718;92.07;
Россия, 46012;RU0002868001;SU46012RMFS9;20;14.09.2022;6.573;62.27;
Россия, 46012;RU0002868001;SU46012RMFS9;21;13.09.2023;9.496;89.96;
Россия, 46012;RU0002868001;SU46012RMFS9;22;11.09.2024;8.799;83.36;
Россия, 46012;RU0002868001;SU46012RMFS9;23;10.09.2025;6.517;61.74;
Россия, 46012;RU0002868001;SU46012RMFS9;24;09.09.2026;7.673;72.69;125
Россия, 46012;RU0002868001;SU46012RMFS9;25;08.09.2027;0.141;1.16;125
Россия, 46012;RU0002868001;SU46012RMFS9;26;06.09.2028;8.896;62.1;125
Россия, 46012;RU0002868001;SU46012RMFS9;27;05.09.2029;2.271;13.02;575
Россия, 46018;RU000A0D0G29;SU46018RMFS6;1;15.06.2005;9.5;23.68;
Россия, 46018;RU000A0D0G29;SU46018RMFS6;2;14.09.2005;9.5;23.68;
Россия, 46018;RU000A0D0G29;SU46018RMFS6;3;14.12.2005;9.5;23.68;
Россия, 46018;RU000A0D0G29;SU46018RMFS6;4;15.03.2006;9.5;23.68;
Россия, 46018;RU000A0D0G29;SU46018RMFS6;5;14.06.2006;9.5;23.68;
Россия, 46018;RU000A0D0G29;SU46018RMFS6;6;13.09.2006;9.5;23.68;
Россия, 46018;RU000A0D0G29;SU46018RMFS6;7;13.12.2006;9.5;23.68;
Россия, 46018;RU000A0D0G29;SU46018RMFS6;8;14.03.2007;9;22.44;
Россия, 46018;RU000A0D0G29;SU46018RMFS6;9;13.06.2007;9;22.44;
Россия, 46018;RU000A0D0G29;SU46018RMFS6;10;12.09.2007;9;22.44;
Россия, 46018;RU000A0D0G29;SU46018RMFS6;11;12.12.2007;9;22.44;
Россия, 46018;RU000A0D0G29;SU46018RMFS6;12;12.03.2008;9;22.44;
Россия, 46018;RU000A0D0G29;SU46018RMFS6;13;11.06.2008;9;22.44;
Россия, 46018;RU000A0D0G29;SU46018RMFS6;14;10.09.2008;9;22.44;
Россия, 46018;RU000A0D0G29;SU46018RMFS6;15;10.12.2008;9;22.44;
Россия, 46018;RU000A0D0G29;SU46018RMFS6;16;11.03.2009;8.5;21.19;
Россия, 46018;RU000A0D0G29;SU46018RMFS6;17;10.06.2009;8.5;21.19;
Россия, 46018;RU000A0D0G29;SU46018RMFS6;18;09.09.2009;8.5;21.19;
Россия, 46018;RU000A0D0G29;SU46018RMFS6;19;09.12.2009;8.5;21.19;
Россия, 46018;RU000A0D0G29;SU46018RMFS6;20;10.03.2010;8.5;21.19;
Россия, 46018;RU000A0D0G29;SU46018RMFS6;21;09.06.2010;8.5;21.19;
Россия, 46018;RU000A0D0G29;SU46018RMFS6;22;08.09.2010;8.5;21.19;
Россия, 46018;RU000A0D0G29;SU46018RMFS6;23;08.12.2010;8.5;21.19;
Россия, 46018;RU000A0D0G29;SU46018RMFS6;24;09.03.2011;8;19.95;
Россия, 46018;RU000A0D0G29;SU46018RMFS6;25;08.06.2011;8;19.95;
Россия, 46018;RU000A0D0G29;SU46018RMFS6;26;07.09.2011;8;19.95;
Россия, 46018;RU000A0D0G29;SU46018RMFS6;27;07.12.2011;8;19.95;
Россия, 46018;RU000A0D0G29;SU46018RMFS6;28;07.03.2012;8;19.95;
Россия, 46018;RU000A0D0G29;SU46018RMFS6;29;06.06.2012;8;19.95;
Россия, 46018;RU000A0D0G29;SU46018RMFS6;30;05.09.2012;8;19.95;
Россия, 46018;RU000A0D0G29;SU46018RMFS6;31;05.12.2012;8;19.95;
Россия, 46018;RU000A0D0G29;SU46018RMFS6;32;06.03.2013;7;17.45;
Россия, 46018;RU000A0D0G29;SU46018RMFS6;33;05.06.2013;7;17.45;
Россия, 46018;RU000A0D0G29;SU46018RMFS6;34;04.09.2013;7;17.45;
Россия, 46018;RU000A0D0G29;SU46018RMFS6;35;04.12.2013;7;17.45;
Россия, 46018;RU000A0D0G29;SU46018RMFS6;36;05.03.2014;7;17.45;
Россия, 46018;RU000A0D0G29;SU46018RMFS6;37;04.06.2014;7;17.45;
Россия, 46018;RU000A0D0G29;SU46018RMFS6;38;03.09.2014;7;17.45;
Россия, 46018;RU000A0D0G29;SU46018RMFS6;39;03.12.2014;7;17.45;
Россия, 46018;RU000A0D0G29;SU46018RMFS6;40;04.03.2015;6.5;16.21;
Россия, 46018;RU000A0D0G29;SU46018RMFS6;41;03.06.2015;6.5;16.21;
Россия, 46018;RU000A0D0G29;SU46018RMFS6;42;02.09.2015;6.5;16.21;
Россия, 46018;RU000A0D0G29;SU46018RMFS6;43;02.12.2015;6.5;16.21;
Россия, 46018;RU000A0D0G29;SU46018RMFS6;44;02.03.2016;6.5;16.21;
Россия, 46018;RU000A0D0G29;SU46018RMFS6;45;01.06.2016;6.5;16.21;
Россия, 46018;RU000A0D0G29;SU46018RMFS6;46;31.08.2016;6.5;16.21;
Россия, 46018;RU000A0D0G29;SU46018RMFS6;47;30.11.2016;6.5;16.21;
Россия, 46018;RU000A0D0G29;SU46018RMFS6;48;01.03.2017;6.5;16.21;
Россия, 46018;RU000A0D0G29;SU46018RMFS6;49;31.05.2017;6.5;16.21;
Россия, 46018;RU000A0D0G29;SU46018RMFS6;50;30.08.2017;6.5;16.21;
Россия, 46018;RU000A0D0G29;SU46018RMFS6;51;29.11.2017;6.5;16.21;
Россия, 46018;RU000A0D0G29;SU46018RMFS6;52;28.02.2018;6.5;16.21;
Россия, 46018;RU000A0D0G29;SU46018RMFS6;53;30.05.2018;6.5;16.21;
Россия, 46018;RU000A0D0G29;SU46018RMFS6;54;29.08.2018;6.5;16.21;
Россия, 46018;RU000A0D0G29;SU46018RMFS6;55;28.11.2018;6.5;16.21;
Россия, 46018;RU000A0D0G29;SU46018RMFS6;56;27.02.2019;6.5;16.21;
Россия, 46018;RU000A0D0G29;SU46018RMFS6;57;29.05.2019;6.5;16.21;
Россия, 46018;RU000A0D0G29;SU46018RMFS6;58;28.08.2019;6.5;16.21;
Россия, 46018;RU000A0D0G29;SU46018RMFS6;59;27.11.2019;6.5;16.21;300
Россия, 46018;RU000A0D0G29;SU46018RMFS6;60;26.02.2020;6.5;11.34;
Россия, 46018;RU000A0D0G29;SU46018RMFS6;61;27.05.2020;6.5;11.34;
Россия, 46018;RU000A0D0G29;SU46018RMFS6;62;26.08.2020;6.5;11.34;
Россия, 46018;RU000A0D0G29;SU46018RMFS6;63;25.11.2020;6.5;11.34;300
Россия, 46018;RU000A0D0G29;SU46018RMFS6;64;24.02.2021;6.5;6.48;
Россия, 46018;RU000A0D0G29;SU46018RMFS6;65;26.05.2021;6.5;6.48;
Россия, 46018;RU000A0D0G29;SU46018RMFS6;66;25.08.2021;6.5;6.48;
Россия, 46018;RU000A0D0G29;SU46018RMFS6;67;24.11.2021;6.5;6.48;400
Россия, 46019;RU000A0JNHJ4;SU46019RMFS4;1;05.04.2006;0;0;
Россия, 46019;RU000A0JNHJ4;SU46019RMFS4;2;04.04.2007;0;0;
Россия, 46019;RU000A0JNHJ4;SU46019RMFS4;3;02.04.2008;0;0;
Россия, 46019;RU000A0JNHJ4;SU46019RMFS4;4;01.04.2009;0;0;
Россия, 46019;RU000A0JNHJ4;SU46019RMFS4;5;31.03.2010;0;0;
Россия, 46019;RU000A0JNHJ4;SU46019RMFS4;6;30.03.2011;0;0;
Россия, 46019;RU000A0JNHJ4;SU46019RMFS4;7;28.03.2012;0;0;
Россия, 46019;RU000A0JNHJ4;SU46019RMFS4;8;27.03.2013;3.008;30;100
Россия, 46019;RU000A0JNHJ4;SU46019RMFS4;9;26.03.2014;2.005;18;100
Россия, 46019;RU000A0JNHJ4;SU46019RMFS4;10;25.03.2015;2.005;16;100
Россия, 46019;RU000A0JNHJ4;SU46019RMFS4;11;23.03.2016;2.005;14;100
Россия, 46019;RU000A0JNHJ4;SU46019RMFS4;12;22.03.2017;2.005;12;200
Россия, 46019;RU000A0JNHJ4;SU46019RMFS4;13;21.03.2018;2.005;8;200
Россия, 46019;RU000A0JNHJ4;SU46019RMFS4;14;20.03.2019;2.005;4;200
Россия, 46020;RU000A0GN9A7;SU46020RMFS2;1;16.08.2006;6.95;34.65;
Россия, 46020;RU000A0GN9A7;SU46020RMFS2;2;14.02.2007;6.9;34.41;
Россия, 46020;RU000A0GN9A7;SU46020RMFS2;3;15.08.2007;6.9;34.41;
Россия, 46020;RU000A0GN9A7;SU46020RMFS2;4;13.02.2008;6.9;34.41;
Россия, 46020;RU000A0GN9A7;SU46020RMFS2;5;13.08.2008;6.9;34.41;
Россия, 46020;RU000A0GN9A7;SU46020RMFS2;6;11.02.2009;6.9;34.41;
Россия, 46020;RU000A0GN9A7;SU46020RMFS2;7;12.08.2009;6.9;34.41;
Россия, 46020;RU000A0GN9A7;SU46020RMFS2;8;10.02.2010;6.9;34.41;
Россия, 46020;RU000A0GN9A7;SU46020RMFS2;9;11.08.2010;6.9;34.41;
Россия, 46020;RU000A0GN9A7;SU46020RMFS2;10;09.02.2011;6.9;34.41;
Россия, 46020;RU000A0GN9A7;SU46020RMFS2;11;10.08.2011;6.9;34.41;
Россия, 46020;RU000A0GN9A7;SU46020RMFS2;12;15.02.2012;6.9;35.73;
Россия, 46020;RU000A0GN9A7;SU46020RMFS2;13;15.08.2012;6.9;34.41;
Россия, 46020;RU000A0GN9A7;SU46020RMFS2;14;13.02.2013;6.9;34.41;
Россия, 46020;RU000A0GN9A7;SU46020RMFS2;15;14.08.2013;6.9;34.41;
Россия, 46020;RU000A0GN9A7;SU46020RMFS2;16;12.02.2014;6.9;34.41;
Россия, 46020;RU000A0GN9A7;SU46020RMFS2;17;13.08.2014;6.9;34.41;
Россия, 46020;RU000A0GN9A7;SU46020RMFS2;18;11.02.2015;6.9;34.41;
Россия, 46020;RU000A0GN9A7;SU46020RMFS2;19;12.08.2015;6.9;34.41;
Россия, 46020;RU000A0GN9A7;SU46020RMFS2;20;10.02.2016;6.9;34.41;
Россия, 46020;RU000A0GN9A7;SU46020RMFS2;21;10.08.2016;6.9;34.41;
Россия, 46020;RU000A0GN9A7;SU46020RMFS2;22;15.02.2017;6.9;35.73;
Россия, 46020;RU000A0GN9A7;SU46020RMFS2;23;16.08.2017;6.9;34.41;
Россия, 46020;RU000A0GN9A7;SU46020RMFS2;24;14.02.2018;6.9;34.41;
Россия, 46020;RU000A0GN9A7;SU46020RMFS2;25;15.08.2018;6.9;34.41;
Россия, 46020;RU000A0GN9A7;SU46020RMFS2;26;13.02.2019;6.9;34.41;
Россия, 46020;RU000A0GN9A7;SU46020RMFS2;27;14.08.2019;6.9;34.41;
Россия, 46020;RU000A0GN9A7;SU46020RMFS2;28;12.02.2020;6.9;34.41;
Россия, 46020;RU000A0GN9A7;SU46020RMFS2;29;12.08.2020;6.9;34.41;
Россия, 46020;RU000A0GN9A7;SU46020RMFS2;30;10.02.2021;6.9;34.41;
Россия, 46020;RU000A0GN9A7;SU46020RMFS2;31;11.08.2021;6.9;34.41;
Россия, 46020;RU000A0GN9A7;SU46020RMFS2;32;09.02.2022;6.9;34.41;
Россия, 46020;RU000A0GN9A7;SU46020RMFS2;33;10.08.2022;6.9;34.41;
Россия, 46020;RU000A0GN9A7;SU46020RMFS2;34;15.02.2023;6.9;35.73;
Россия, 46020;RU000A0GN9A7;SU46020RMFS2;35;16.08.2023;6.9;34.41;
Россия, 46020;RU000A0GN9A7;SU46020RMFS2;36;14.02.2024;6.9;34.41;
Россия, 46020;RU000A0GN9A7;SU46020RMFS2;37;14.08.2024;6.9;34.41;
Россия, 46020;RU000A0GN9A7;SU46020RMFS2;38;12.02.2025;6.9;34.41;
Россия, 46020;RU000A0GN9A7;SU46020RMFS2;39;13.08.2025;6.9;34.41;
Россия, 46020;RU000A0GN9A7;SU46020RMFS2;40;11.02.2026;6.9;34.41;
Россия, 46020;RU000A0GN9A7;SU46020RMFS2;41;12.08.2026;6.9;34.41;
Россия, 46020;RU000A0GN9A7;SU46020RMFS2;42;10.02.2027;6.9;34.41;
Россия, 46020;RU000A0GN9A7;SU46020RMFS2;43;11.08.2027;6.9;34.41;
Россия, 46020;RU000A0GN9A7;SU46020RMFS2;44;09.02.2028;6.9;34.41;
Россия, 46020;RU000A0GN9A7;SU46020RMFS2;45;09.08.2028;6.9;34.41;
Россия, 46020;RU000A0GN9A7;SU46020RMFS2;46;14.02.2029;6.9;35.73;
Россия, 46020;RU000A0GN9A7;SU46020RMFS2;47;15.08.2029;6.9;34.41;
Россия, 46020;RU000A0GN9A7;SU46020RMFS2;48;13.02.2030;6.9;34.41;
Россия, 46020;RU000A0GN9A7;SU46020RMFS2;49;14.08.2030;6.9;34.41;
Россия, 46020;RU000A0GN9A7;SU46020RMFS2;50;12.02.2031;6.9;34.41;
Россия, 46020;RU000A0GN9A7;SU46020RMFS2;51;13.08.2031;6.9;34.41;
Россия, 46020;RU000A0GN9A7;SU46020RMFS2;52;11.02.2032;6.9;34.41;
Россия, 46020;RU000A0GN9A7;SU46020RMFS2;53;11.08.2032;6.9;34.41;
Россия, 46020;RU000A0GN9A7;SU46020RMFS2;54;09.02.2033;6.9;34.41;
Россия, 46020;RU000A0GN9A7;SU46020RMFS2;55;10.08.2033;6.9;34.41;
Россия, 46020;RU000A0GN9A7;SU46020RMFS2;56;08.02.2034;6.9;34.41;
Россия, 46020;RU000A0GN9A7;SU46020RMFS2;57;09.08.2034;6.9;34.41;250
Россия, 46020;RU000A0GN9A7;SU46020RMFS2;58;07.02.2035;6.9;25.8;250
Россия, 46020;RU000A0GN9A7;SU46020RMFS2;59;08.08.2035;6.9;17.2;250
Россия, 46020;RU000A0GN9A7;SU46020RMFS2;60;06.02.2036;6.9;8.6;250
Россия, 46022;RU000A0JPLH5;SU46022RMFS8;1;23.07.2008;8;39.89;
Россия, 46022;RU000A0JPLH5;SU46022RMFS8;2;21.01.2009;7.5;37.4;
Россия, 46022;RU000A0JPLH5;SU46022RMFS8;3;22.07.2009;7.5;37.4;
Россия, 46022;RU000A0JPLH5;SU46022RMFS8;4;20.01.2010;7.5;37.4;
Россия, 46022;RU000A0JPLH5;SU46022RMFS8;5;21.07.2010;7.5;37.4;
Россия, 46022;RU000A0JPLH5;SU46022RMFS8;6;19.01.2011;7;34.9;
Россия, 46022;RU000A0JPLH5;SU46022RMFS8;7;20.07.2011;7;34.9;
Россия, 46022;RU000A0JPLH5;SU46022RMFS8;8;18.01.2012;6.5;32.41;
Россия, 46022;RU000A0JPLH5;SU46022RMFS8;9;18.07.2012;6.5;32.41;
Россия, 46022;RU000A0JPLH5;SU46022RMFS8;10;23.01.2013;6.5;33.66;
Россия, 46022;RU000A0JPLH5;SU46022RMFS8;11;24.07.2013;6.5;32.41;
Россия, 46022;RU000A0JPLH5;SU46022RMFS8;12;22.01.2014;6;29.92;
Россия, 46022;RU000A0JPLH5;SU46022RMFS8;13;23.07.2014;6;29.92;
Россия, 46022;RU000A0JPLH5;SU46022RMFS8;14;21.01.2015;6;29.92;
Россия, 46022;RU000A0JPLH5;SU46022RMFS8;15;22.07.2015;6;29.92;
Россия, 46022;RU000A0JPLH5;SU46022RMFS8;16;20.01.2016;6;29.92;
Россия, 46022;RU000A0JPLH5;SU46022RMFS8;17;20.07.2016;6;29.92;
Россия, 46022;RU000A0JPLH5;SU46022RMFS8;18;18.01.2017;6;29.92;
Россия, 46022;RU000A0JPLH5;SU46022RMFS8;19;19.07.2017;6;29.92;
Россия, 46022;RU000A0JPLH5;SU46022RMFS8;20;24.01.2018;6;31.07;
Россия, 46022;RU000A0JPLH5;SU46022RMFS8;21;25.07.2018;6;29.92;
Россия, 46022;RU000A0JPLH5;SU46022RMFS8;22;23.01.2019;5.5;27.42;
Россия, 46022;RU000A0JPLH5;SU46022RMFS8;23;24.07.2019;5.5;27.42;
Россия, 46022;RU000A0JPLH5;SU46022RMFS8;24;22.01.2020;5.5;27.42;
Россия, 46022;RU000A0JPLH5;SU46022RMFS8;25;22.07.2020;5.5;27.42;
Россия, 46022;RU000A0JPLH5;SU46022RMFS8;26;20.01.2021;5.5;27.42;
Россия, 46022;RU000A0JPLH5;SU46022RMFS8;27;21.07.2021;5.5;27.42;
Россия, 46022;RU000A0JPLH5;SU46022RMFS8;28;19.01.2022;5.5;27.42;
Россия, 46022;RU000A0JPLH5;SU46022RMFS8;29;20.07.2022;5.5;27.42;500
Россия, 46022;RU000A0JPLH5;SU46022RMFS8;30;18.01.2023;5.5;13.71;
Россия, 46022;RU000A0JPLH5;SU46022RMFS8;31;19.07.2023;5.5;13.71;500
Россия, 46023;RU000A0JRTL6;SU46023RMFS6;1;09.02.2012;8.16;29.51;
Россия, 46023;RU000A0JRTL6;SU46023RMFS6;2;09.08.2012;8.16;40.69;
Россия, 46023;RU000A0JRTL6;SU46023RMFS6;3;07.02.2013;8.16;40.69;
Россия, 46023;RU000A0JRTL6;SU46023RMFS6;4;08.08.2013;8.16;40.69;
Россия, 46023;RU000A0JRTL6;SU46023RMFS6;5;06.02.2014;8.16;40.69;
Россия, 46023;RU000A0JRTL6;SU46023RMFS6;6;07.08.2014;8.16;40.69;
Россия, 46023;RU000A0JRTL6;SU46023RMFS6;7;05.02.2015;8.16;40.69;
Россия, 46023;RU000A0JRTL6;SU46023RMFS6;8;06.08.2015;8.16;40.69;
Россия, 46023;RU000A0JRTL6;SU46023RMFS6;9;04.02.2016;8.16;40.69;
Россия, 46023;RU000A0JRTL6;SU46023RMFS6;10;04.08.2016;8.16;40.69;
Россия, 46023;RU000A0JRTL6;SU46023RMFS6;11;02.02.2017;8.16;40.69;100
Россия, 46023;RU000A0JRTL6;SU46023RMFS6;12;03.08.2017;8.16;36.62;
Россия, 46023;RU000A0JRTL6;SU46023RMFS6;13;01.02.2018;8.16;36.62;100
Россия, 46023;RU000A0JRTL6;SU46023RMFS6;14;02.08.2018;8.16;32.55;
Россия, 46023;RU000A0JRTL6;SU46023RMFS6;15;31.01.2019;8.16;32.55;100
Россия, 46023;RU000A0JRTL6;SU46023RMFS6;16;01.08.2019;8.16;28.48;
Россия, 46023;RU000A0JRTL6;SU46023RMFS6;17;30.01.2020;8.16;28.48;100
Россия, 46023;RU000A0JRTL6;SU46023RMFS6;18;30.07.2020;8.16;24.41;
Россия, 46023;RU000A0JRTL6;SU46023RMFS6;19;28.01.2021;8.16;24.41;100
Россия, 46023;RU000A0JRTL6;SU46023RMFS6;20;29.07.2021;8.16;20.34;
Россия, 46023;RU000A0JRTL6;SU46023RMFS6;21;27.01.2022;8.16;20.34;100
Россия, 46023;RU000A0JRTL6;SU46023RMFS6;22;28.07.2022;8.16;16.28;
Россия, 46023;RU000A0JRTL6;SU46023RMFS6;23;26.01.2023;8.16;16.28;100
Россия, 46023;RU000A0JRTL6;SU46023RMFS6;24;27.07.2023;8.16;12.21;
Россия, 46023;RU000A0JRTL6;SU46023RMFS6;25;25.01.2024;8.16;12.21;100
Россия, 46023;RU000A0JRTL6;SU46023RMFS6;26;25.07.2024;8.16;8.14;
Россия, 46023;RU000A0JRTL6;SU46023RMFS6;27;23.01.2025;8.16;8.14;100
Россия, 46023;RU000A0JRTL6;SU46023RMFS6;28;24.07.2025;8.16;4.07;
Россия, 46023;RU000A0JRTL6;SU46023RMFS6;29;22.01.2026;8.16;4.07;
Россия, 46023;RU000A0JRTL6;SU46023RMFS6;30;23.07.2026;8.16;4.07;100