TRADEDATE,SU26205RMFS3,SU26207RMFS9,SU26208RMFS7,SU26209RMFS5,SU26210RMFS3,SU26211RMFS1,SU26212RMFS9,SU26214RMFS5,SU26215RMFS2,SU26216RMFS0,SU26217RMFS8,SU26218RMFS6,SU26219RMFS4,SU46011RMFS1,SU46012RMFS9,SU46018RMFS6,SU46019RMFS4,SU46020RMFS2,SU46022RMFS8,SU46023RMFS6
2016-01-04,0.10120671621628757,0.09889456617126116,0.10834052236157976,,,,0.10065685150456591,,0.10253716884501295,,,,,,,,,,,
2016-01-05,0.10127399997715578,0.09876813696626265,0.10930372211305417,0.10419647858026063,0.10042313733058975,0.10418755132411375,0.1005200984533923,0.10055216752538525,0.10161825960622457,0.10089199519954715,,,,,,,,0.09840328854753068,,
2016-01-06,0.10203307525600303,0.09947579466012123,0.10941757216775218,0.1044994610289337,0.10196019864688374,0.10424353880077467,0.10117422203910295,0.1009533179766896,0.10295379243740972,0.1022998722541527,,,,,0.08441766290306149,0.08974664921223878,,0.09763704658411392,0.09816746964552125,
2016-01-11,0.10701973386306282,0.10361586051150391,0.1147893872943672,0.11101739685849696,0.10740131347795526,0.10987646122329361,0.10671886619609099,0.09506879840463442,0.10859191088937308,0.10654167021194538,,,,,,,,0.09925927667275701,,0.0707137699133608
2016-01-12,0.11054349958140103,0.10630994313894292,0.11622272666466021,0.11415305553539098,0.10945157899156552,0.11332153084582822,0.10891344353266595,0.09865910254350233,0.11040853894632328,0.11065973345073511,,,,,,0.1028755587832507,,0.10078145930731994,,
2016-01-13,0.1097801024729381,0.10626376455834152,0.11762100193983319,0.11419707982181682,0.10996788959445479,0.11300333757685915,0.10868591907449572,0.09841027460822675,0.11070207749826434,0.10998300179108027,,,,,,0.10355436001536492,,0.10259401648461407,,
2016-01-14,0.11026191674889944,0.10747810081569094,0.11752503448419846,0.11441962520575125,0.10932739653470765,0.11319559039876995,0.10999227146707827,0.09851466490799983,0.11075916639878906,0.11009245604937094,,,,,,0.09999890418052733,,0.10160896712801745,0.10486682292205293,
2016-01-15,0.11223247563947353,0.10944177363370966,0.11787192102326444,0.11568435891784017,0.11034422752729826,0.11506769405487614,0.11235651163732623,0.09890978700516545,0.11272624348417991,0.11060887474351734,,,,,0.08632267534521806,0.10446052706917881,,0.10413487704990908,0.10429574998627589,
2016-01-18,0.1124898032526055,0.11031892688464308,0.11953735127129914,0.11560228253278007,0.11155151557001211,0.11549175722786051,0.11298626854968007,0.09974441233545968,0.11335883135614917,0.1113042288304139,,,,,,,,0.10438877564005196,,
2016-01-19,0.11063367055707989,0.10881257260406703,0.1184178611682186,0.11423774848430193,0.1100141579103679,0.11450288174061031,0.11241654834854511,0.098259577522302,0.11233360129252594,0.11174440979348624,,,,,,0.10352102692715025,,0.10441295156548487,0.10326842931864882,
2016-01-20,0.11409151712988633,0.11352793139646242,0.12095917666611498,0.11731658629801553,0.1113706906616884,0.11835198263116371,0.1164113357767297,0.10087089221156026,0.11628483923978795,0.1138614698649298,,,,,,,,0.10443473974996266,,
2016-01-21,0.11380430445946327,0.11319252098996527,0.12108408951021984,0.1181811853220994,0.11299793647387209,0.11789430592030727,0.11574171974346491,0.1012732726274062,0.11577869421709648,0.11313426066939548,,,,,,0.10642669332998607,,0.10418353276693572,,
2016-01-22,0.11065390582362437,0.10920514533711986,0.11830797142761254,0.11483541392560973,0.10955664147556374,0.11433591650815252,0.11158813790197697,0.09776415746313923,0.11241171565529744,0.10990821935320937,,,,,,0.10465137767301168,,0.1043757305262609,,
2016-01-25,0.11196380127773019,0.11008084451698838,0.12012010685068049,0.11568772602133384,0.11021464090971037,0.11578658287371597,0.11231236037012934,0.09944143702220841,0.11270667224787131,0.11156295604097474,,,,,0.09016964183909648,0.1050280930340671,,0.10463313561014749,,
2016-01-26,0.11086662890697643,0.10837634573934694,0.11836902609671573,0.11432091988344768,0.10874943889891849,0.1136965492471842,0.11050093370033559,0.09814856200503395,0.11125516837777667,0.10929895922283997,,,,,,0.1046962855220396,,0.10489098171745567,,
2016-01-27,0.10904902994908285,0.1066607893670806,0.11698155397675811,0.11238610005808257,0.10758925183657939,0.11261650986627368,0.1091944161554271,0.09666898120859646,0.10984139333195736,0.10981889015791278,,,,,,0.10329493103046483,,0.10409512292067201,,
2016-01-28,0.1079621711441793,0.10566579846543749,0.11431928796756001,0.10220989024037365,0.1057045418915233,0.11124230106992557,0.10781220114545495,0.09513428667051163,0.10837089012616888,0.10703140325523909,,,,,,0.10270864626269857,,0.10361178825358286,,
2016-01-29,0.107464602300259,0.10562028881566633,0.11545798672506602,0.10202678213901281,0.1072226464739754,0.11100350736514555,0.1076306249348938,0.09523626453834393,0.10971825277621648,0.10816787542148472,,,,,0.08422786813872947,0.1016178006294732,-0.08964628681041906,0.10606360426129115,0.09531790405293415,
2016-02-01,0.11072866212150564,0.1072789004583926,0.1158313454004472,0.10429355390442628,0.10805408201687433,0.1136946224251068,0.10931593388432312,0.0977722710580274,0.11107599472436333,0.10952520671243282,,,,,0.10500023085490433,,,0.10616296219396451,0.10273123743336786,
2016-02-02,0.11095682583750777,0.10805050079531439,0.11881521562324665,0.1051786127708309,0.10925884225142427,0.11488695443557766,0.11061379943033307,0.09885005994702178,0.11221107459835405,0.11067712851273864,,,,,0.11069861574310642,0.10427607489509777,,0.10652567175934165,0.10278383029746077,
2016-02-03,0.11044636670169343,0.10782188401239735,0.11625926537348982,0.1035247825295448,0.10916834128809759,0.11318488941196612,0.10949924054833328,0.09798021627858357,0.11142992019576269,0.10994929375665626,0.11040112153295896,,,,0.10881571971987107,,,0.1062293295747632,0.1003710377379984,
2016-02-04,0.10833744916810452,0.10654436914356552,0.1001800246665572,0.1030965719871741,0.10851888114512515,0.11147613561273863,0.10858557858223021,0.09565833647157797,0.10958699077017395,0.10818330574281088,0.10798548869117201,,,,0.11078022661788729,0.09776944416732736,,0.1052819311382093,0.10165048194089744,
2016-02-05,0.10884694786566601,0.10601394266227938,0.09965402343046323,0.1027904599381959,0.10809476102512769,0.1119293796508406,0.1081549902006771,0.09601776950397008,0.10964378123911447,0.10849682163451212,0.10830554191338085,,,,0.1108210824352015,0.09813426907750329,-0.0902354019816295,0.10580358736144024,,
2016-02-08,0.11053153380863448,0.10713719903444348,0.1022421684252273,0.10430542513155704,0.10981013094609178,0.1134342590247304,0.10942959284139635,0.09782636990712375,0.1110025933115144,0.11007288148972817,0.10991545116738194,,,,0.10901563070182477,0.09833367481934191,,0.1050888097281477,,
2016-02-09,0.11190363948857578,0.10827355451928213,0.10218287282291877,0.1052955552277251,0.11041091379819262,0.1142328470150085,0.11043832212445813,0.09792734847990835,0.11225914545979714,0.11039165013902963,0.11055001329571905,,,,0.11001549916917426,,,0.10659435563615428,0.1031535523054885,
2016-02-10,0.10986239526545181,0.10704489114600511,0.10143826462558027,0.10393341775254061,0.10888143203244607,0.11326128523802603,0.1085603931120425,0.09751139098881739,0.11111818772284261,0.1097870863114645,0.10963702418215751,,,,0.10173077328826455,0.0981672122498863,,0.10484685748705501,0.10320659542185893,
2016-02-11,0.11090649595540476,0.10818072178093249,0.10257391804463435,0.10448209710822748,0.11077207630782829,0.1145925004730735,0.10946457681495081,0.09856318555494636,0.11268957986015479,0.11132693623222444,0.11069407376383886,,,,0.10724149374049825,0.09778458251945281,,0.10649583532110814,,
2016-02-12,0.10966209238684284,0.10704327281533639,0.10186159834754453,0.10417347504510682,0.10909070546588368,0.11314247034347477,0.10914378505176821,0.09765645782360646,0.11113839367338497,0.11013088898616723,0.1096688574957973,,,,,0.0992631585490928,,0.10654595163883859,0.10331285185969474,
2016-02-15,0.10871958224618632,0.10618471181263932,0.10132649152717665,0.10324929697459939,0.10794878958624213,0.11229230408411477,0.108301164490777,0.09722207544566615,0.11057203955470528,0.10928527888886326,0.10901158340863519,,,,,0.09745151156425887,-0.08508947202138548,0.10556234740990739,0.10357284490021808,
2016-02-16,0.11025787455879404,0.10676902548794359,0.10185877711440212,0.10453195241760269,0.10928455681120412,0.11407905126289525,0.10901193119004626,0.0977501638799949,0.11098775629605212,0.1105441230511439,0.10841248148985962,,,0.1652975647800163,,0.09886949032562169,-0.08351280019309582,0.10666324916367813,0.10334929006872517,
2016-02-17,0.10924903455347072,0.1061740487081649,0.100262127072631,0.103268511411984,0.1099425315604094,0.11216520079869921,0.10791068830239475,0.09660281684780593,0.10987882171897444,0.10901520673176497,0.10778433608963892,0.10605911512273601,,0.15545119413775177,,0.09773403985060121,-0.0839141975852868,0.10669681069165593,0.10383036205848145,0.07828498531785785
2016-02-18,0.10676664204819446,0.0972464269605738,0.09993988562345377,0.10166846735743296,0.10753383916236774,0.11033629302494061,0.10608023274500042,0.09539290149328522,0.1079096620383711,0.10822122715160452,0.10558062482124264,0.10454768716254234,,0.10914412941842015,,0.09600900473697886,-0.08657762197728783,0.10517342514737259,0.10114586554541465,
2016-02-19,0.10814474570141465,0.09836961137013413,0.09961884223358895,0.10128611567153217,0.10695869830395865,0.11029802437601377,0.10724441121707544,0.09539938046851536,0.10879912448146029,0.10703243145769512,0.10692393556991416,0.10527234365611084,,0.11561932859528698,0.10206250889171288,0.09806197068843402,-0.08669929552758976,0.10528711656664448,0.10169236746847561,
2016-02-20,0.1071075176053915,0.09798497236322123,0.09908600468183143,0.10120425159814306,0.10705244752721302,0.1097842395656358,0.10681654160727887,0.09435558185957575,0.10720450212331317,0.10727671566949715,0.1065192090437634,0.10485109276370479,,,,,-0.08934886168340729,0.10544867618991428,0.09639265973490263,
2016-02-22,,0.09723234906658215,,,0.10724007370436021,,0.10606285276841247,,,0.10734069679205556,0.10656331013291677,0.10368003013089055,,,,,,0.10355575439304553,0.09890387869691661,
2016-02-24,0.10691922205306498,0.09682962970883922,0.09948501715392112,0.10110268243755,0.10668404705272556,0.11068444301705993,0.10574698645221327,0.094210333110371,0.10789575551664977,0.10718985081046531,0.10633045102915982,0.10386247022761333,,,0.10404955009416443,0.09603808929386512,,0.10312975684394471,,
2016-02-25,0.1047171579127286,0.09537941161971238,0.09705876071629213,0.09902692339241576,0.1045542466439884,0.10765651306480255,0.10416018445778522,0.09260131754551015,0.09738348635832138,0.10541541900656212,0.0989999774676767,0.10218138167842923,,,,0.09556236188620855,-0.0896985237697306,0.10214397260086355,0.09905582696418293,
2016-02-26,0.10404625901547075,0.09430153130375701,0.09653087801546516,0.09917825682604131,0.10427720570595582,0.10747036562665363,0.10302368944298602,0.09219000118585353,0.09678007562816193,0.1044800946811623,0.09768404681273807,0.10140773119249516,,,,0.09549085355572343,-0.09095075701525579,0.10202009747077001,0.09947294124709645,
2016-02-29,0.10457777948207071,0.09436278454429772,0.09683136704797621,0.09863199401868779,0.104036988420186,0.10728187369629535,0.10341714529733913,0.09143838078974753,0.09688016997127376,0.1044198953102702,0.09744625759940294,0.10087220724526978,,,,0.0961346725963584,-0.09178834575499183,0.10195925817649618,0.09926048621859017,
2016-03-01,0.10191588224748921,0.09180818621821714,0.0944846056504317,0.09574220462959382,0.10188518512928639,0.10429196293654851,0.10042338122104782,0.08906069097583216,0.09394246137019326,0.10203569526005783,0.09140272169560415,0.09909152259591539,,,,0.09382365506552637,-0.09483215370138522,0.09985093139015783,0.09931178819615909,
2016-03-02,0.10198509509434517,0.09239470642881824,0.09534262482343855,0.09602925137740426,0.10179229512967505,0.10401314273968444,0.10077988221255907,0.089348857996914,0.09420156219397076,0.10234495606461429,0.0950751732954112,0.09905502212838775,,,0.0972774872486558,0.09368942468191281,-0.09608001111690065,0.09928140129648962,0.09633883884958323,
2016-03-03,0.10134917307685838,0.09180023137558223,0.09354939223857588,0.0955341158233227,0.10122320824244696,0.09550983571395869,0.09408773022486844,0.08871935661057488,0.09352559423197533,0.10137321805564264,0.0947439972038501,0.09823843201280427,,,,0.0931937035218771,,0.0996111347167712,0.09698879539324937,
2016-03-04,0.10057371999752401,0.09105287857942339,0.09301778079771339,0.09451740660375091,0.10032717390959442,0.09453830070731517,0.09338296089334241,0.08790411883017193,0.09302212901839135,0.10168174320958226,0.09415362684344732,0.09756957657677992,,,,0.09272943407430978,-0.09635260689842631,0.09904349026231112,0.09703885890840093,
2016-03-07,0.10050086535299747,0.09068191505667189,0.09436536117637596,0.09513077324978081,0.10077603209648979,0.09514347537350441,0.09343751929217509,0.08747255206314522,0.09263065871961104,0.10198915717219603,0.09300011848408087,0.09545736190457717,,,,,,0.09651830567734827,0.09718937141388659,
2016-03-09,0.1016854109005225,0.09138332155838605,0.09351149216132064,0.09512289147775478,0.100589776230371,0.08712979660933327,0.08810463264383926,0.08838994050028884,0.09282767386514464,0.10136695307528347,0.09484349645476485,0.09739005939564885,,,0.10643141443726975,0.09233067350646237,-0.09815933713176658,0.09944851758880113,0.09668760675405001,
2016-03-10,0.10152926972716944,0.09182033939728564,0.09445419282134647,0.09567699482812358,0.10177838071233193,0.08808327248279581,0.08844670254443286,0.08922035617825831,0.0942327123250844,0.1016760926235696,0.09438188062998071,0.09747995681787378,,,,0.09248243793062572,-0.09829950894172086,0.09877877275379443,0.096857993882403,
2016-03-11,0.10233800224457508,0.09224193487039344,0.09371053878957353,0.09604784145774369,0.10157453677631317,0.08834561558986062,0.08886809720648557,0.0891606310815133,0.09440753428494966,0.10281965968939429,0.09433808580439326,0.09837290091707562,,,0.09100290831776235,0.09298842600676568,-0.09844006866642256,0.09910630382455121,0.09678773598448062,
2016-03-14,0.10283707374934946,0.09322231389919534,0.0957093312717039,0.09727579182424384,0.10265817529709048,0.08977265131410447,0.0902232129682807,0.09032000514061217,0.09540689057998736,0.10355198578062805,0.09515851822538773,0.09917393182941434,,,,0.09318086164188716,,0.09889872750073327,0.09705896213042693,
2016-03-15,0.1043430578612667,0.09414101825169698,0.09664517331822006,0.09768691878099983,0.10323145720877047,0.09017101795085163,0.09128750369820592,0.09167888380354028,0.0964273747500993,0.10407722006389383,0.09691793197982719,0.10099183923348667,,,,0.09294929137279331,-0.09787906237730665,0.10150247868608725,0.09710933935871771,
2016-03-16,0.10298049515779843,0.09369442855073054,0.09591478710999209,0.09667729883232086,0.10287847996207414,0.08933712647089656,0.09028692023744608,0.09029687388561079,0.09539396493953685,0.10334426734714518,0.09592390238843028,0.09997674238812378,,,,0.09036858294832452,-0.09835923313437116,0.1010726397221887,0.09524033292142163,0.081480170461795
2016-03-17,0.09967603247406628,0.09072766322977895,0.09324900244335887,0.09313683920129448,0.0985951708717943,0.08687995273088547,0.08754597390290726,0.0858893945430632,0.09234919627086308,0.10052669913316052,0.09246203914575031,0.09640955176064073,,0.0736496655516758,,0.0904311847580418,-0.09929166091528609,0.09898911521828517,0.0964866902992792,0.08217605155770581
2016-03-18,0.09873483828916836,0.08967915164013059,0.09398572608273321,0.09224533846371656,0.09956001228532231,0.08552732081505532,0.08645545682854124,0.08662136704265451,0.0911348806934397,0.09942620200596389,0.09226246901569342,0.09510252412142746,,,,,-0.10168356297730378,0.09769177896801062,0.09533889257112878,0.08287580340896432
2016-03-21,0.09922205260272632,0.08971355506566792,0.09458711918013564,0.09321006963373484,0.09964367214618752,0.08555122558681193,0.08681437490767964,0.08681858205509509,0.09158491625440994,0.10072926450746394,0.09256843294404232,0.09581352299351839,,,,0.09068101002675763,-0.1021244979839508,0.09985943662509696,0.09429518421432072,0.0834408642361449
2016-03-22,0.09971359346842916,0.08981925729191108,0.09375061850083212,0.09326546423381933,0.09997165002577107,0.08580716946672265,0.08673000284383905,0.0872007082649045,0.09184056781541271,0.10145845368710842,0.0931465717645019,0.0960944998259689,,,,0.0914781251850372,-0.09583774554185034,0.09839850489819825,0.09434413188779614,0.08401868388722543
2016-03-23,0.10091488004496867,0.09188141312616761,0.09491907112172603,0.09401246979134448,0.10074277884006702,0.08740687985974746,0.08869546045240999,0.08834635726015484,0.0936653792587549,0.1031999795600111,0.09494394022665298,0.09807955286790834,,,,0.08789446027392915,-0.09208318231682858,0.09839764285210073,0.09498830209346515,
2016-03-24,0.10183927987507924,0.09223290199502937,0.09583697790622384,0.0959622031806295,0.10268649767653278,0.08871348729236986,0.08932319028751588,0.08901961982320325,0.09437284437251797,0.10334810935544911,0.09496534246487966,0.0992957986187222,,,,0.0953242956676867,-0.1484545926573609,0.09906691139204654,,0.08479065391444032
2016-03-25,0.10182502962741667,0.09171648178512505,0.09576825834984035,0.09517111358473507,0.10147881050271745,0.08771360707738018,0.08860183121717348,0.08819430121939037,0.09356694020848927,0.1036654915672132,0.0949736364081434,0.09816425085353365,,,,0.0925554749717977,-0.14868185680851947,0.09775387064234349,,
2016-03-28,0.10212536273088565,0.09143099224354656,0.09564832190825374,0.09580497948848846,0.10305691688864228,0.08795772280131561,0.08838344860948918,0.0893926465643632,0.09392056775086291,0.10398621184834146,0.0946831479037221,0.09875102017730163,,,,,-0.15059536727977282,0.09908390170879125,0.09583512590079935,0.08621894256444283
2016-03-29,0.10262683922074103,0.09249183079492168,0.09618328360525458,0.09609575503340026,0.10352371894593183,0.08840943769692663,0.08926854247553896,0.0897387037587395,0.0943959507481272,0.10371193551366106,0.09519139877248585,0.09928555892472117,,,,0.09400578819931223,-0.1493588929837483,0.09936827303394788,,0.0868107282877716
2016-03-30,0.1012686664302993,0.09095266994541368,0.09628760636141298,0.09485720183202997,0.1013794358689168,0.0871345123903894,0.08782335968046866,0.08837179772181565,0.09252389007383732,0.1029297000753449,0.0949364388729685,0.09767457433861788,,,,0.09272935865760022,-0.15424666434268733,0.09863911573374176,,0.08753853471917597
2016-03-31,0.1007709780611955,0.09090826992430852,0.09574322599928227,0.09540464108668964,0.10184267738417531,0.08733130966642137,0.08762172578033631,0.08780105245177575,0.0921470165278753,0.10345972538796987,0.09473426731124869,0.0978638221526959,,,,0.09249682707449669,,0.09777813250212673,0.09601420976013446,
2016-04-01,0.10206327427940325,0.09118000727213685,0.09584725950188444,0.09553001393246426,0.10193476820371468,0.087550244831081,0.08819600098832023,0.08873122503377974,0.09325378471454349,0.10369416974067835,0.09553378980189595,0.09811003367147389,,,,,-0.15462201237445045,0.09803527829142449,,0.08833504445111959
2016-04-04,0.10205550730605849,0.09193200787114895,0.09659518395656128,0.09524970498023622,0.10258611632743309,0.08757661405919095,0.08836788120975739,0.08864688444053137,0.09318050131799142,0.10372340002327073,0.09553341899005553,0.09811518401580693,,,,,-0.15045825445759436,0.09811348085932207,0.09623461327770465,0.07833753384914313
2016-04-05,0.10212757009985966,0.09222492550780599,0.09713624682705992,0.09671805820021499,0.10282955284625198,0.08838665363002596,0.08917263007363246,0.09006354480369475,0.09440416605154008,0.10442405130222279,0.09596617058818363,0.09953281035342415,,,,0.09612732447495172,,0.09867210998287111,0.09623676381222479,0.07952809145133129
2016-04-06,0.10326556579109764,0.09198798045538593,0.09702429414484477,0.09689264893646395,0.10352383826678305,0.08810380495419519,0.08882168608988246,0.08949081818781628,0.0939150779679481,0.10504614776718235,0.09616099597195894,0.09958263397432332,,,,0.09333345024168177,-0.15320960710354325,0.09888176225237834,,0.08034616518995852
2016-04-07,0.10394669621757505,0.09339442590787382,0.09850470856694926,0.09723666611344123,0.10399491327333152,0.08946808995411591,0.09027340831026638,0.09085321107084453,0.09579607029226328,0.10592839996264476,0.09696920654411331,0.10076280222055442,,,,0.09309987285524159,-0.1533977325969571,0.10114743270325947,0.10000638365370369,
2016-04-08,0.10320947312738887,0.09261498065713973,0.0979804983090897,0.09712335643831196,0.10408966486779206,0.08863280552783664,0.08943379335572799,0.09046931108332684,0.0949345928951746,0.10518382605917558,0.09681840762490196,0.0997977310287271,,,,0.09361420304206604,,0.10041504725063537,0.09826142372500059,0.0808411929293095
2016-04-11,0.10328390613047693,0.09272366627765231,0.09817137312841154,0.09722269919121872,0.10409153800202559,0.08850734090820866,0.08874456574138126,0.09009336622351878,0.09458109539726971,0.10654492917724614,0.09647254940252259,0.0996018428072802,,,,0.09231549937718019,-0.15652606644297415,0.09990230157998477,0.09863761095378265,0.07198745832782928
2016-04-12,0.1034737664798955,0.09220399943307667,0.0976652737667081,0.09687386095643323,0.10371772713996422,0.08835552985429969,0.0885561258852577,0.08916244446431919,0.094736732528663,0.10579237549392048,0.09653542880501927,0.09927814038906818,,,,0.09223127064719233,,0.0983657703857715,0.09805208447752205,0.07288404977409293
2016-04-13,0.10348874138703897,0.09271639559093597,0.09891783277083979,0.09721543142046264,0.10456567870961722,0.0885768515253021,0.08912128626088445,0.09029311011426135,0.09489240833609915,0.10594696710163135,0.09713294969170357,0.0993565879869533,,,,0.09140317883333347,,0.09906383124710626,0.09908607827446836,0.07341986162680685
2016-04-14,0.10335988739444536,0.09275324071674641,0.09875710323070366,0.09639105013097869,0.10413078396768731,0.08875458972437335,0.08931057813515941,0.09066134100270329,0.09450737402371884,0.10627013501159037,0.09642083779671305,0.0991625720945,,,,,-0.15232627292828005,0.09931831569412378,0.09791075718430976,
2016-04-15,0.10328843495045341,0.09279761081245455,0.09842978946359739,0.096803867966951,0.10418869889551875,0.08891125853780137,0.08947499953561759,0.09053707322751246,0.09453448069311524,0.10573773656756347,0.09672376762481077,0.09960011140982791,,,,0.09153181267651693,-0.15491899391542208,0.09914112195303133,0.0973518503966213,0.07449870590559092
2016-04-18,0.10394590986241045,0.09321849882791489,0.0995544570443996,0.09745058557652289,0.10519905414162155,0.0895582001507168,0.08973820421566088,0.09078065465482409,0.09552222246258338,0.10607177947611669,0.09719981739192728,0.0999809720894118,,,,0.09220300891513053,-0.1576479220104205,0.10036452732908993,0.09996703663889085,0.0750173977074166
2016-04-19,0.10384386059927611,0.09221915864914859,0.09816274313771355,0.09707655904367492,0.10400132380784603,0.08891951800191115,0.08890219411301571,0.09023182408616796,0.0943152568937743,0.10616204513364128,0.09630686710009594,0.09881011048612147,,,,0.08029061692508115,,0.09924701871665255,0.09694809508489187,0.08087387064740877
2016-04-20,0.10250860816328525,0.09138590200843055,0.09830980427573056,0.09589441136857726,0.10390625909790144,0.08852455330346791,0.08847724587377707,0.09030134726665252,0.09368716592199344,0.10573205411137133,0.09570243532999002,0.09834721040187763,,,,0.09111032012416515,-0.15419544703157023,0.09859588896546304,0.09760922535808522,0.0796458381777439
2016-04-21,0.0929350171338942,0.09229145539251896,0.09886821033929852,0.09666159235643385,0.10437959493505937,0.08821875400397523,0.08882267145276829,0.09004693477489659,0.09419491544020787,0.10575704494435337,0.09632556665930604,0.09895207399986578,,,,0.0914722613031771,-0.15366000079820982,0.09856384823292136,,
2016-04-22,0.09288769494052176,0.09251872372383597,0.09941792345841785,0.09681568182846745,0.1050519377271303,0.08839687589482989,0.0889502175421108,0.09044267862681295,0.09467640527565521,0.10673893438600732,0.0966294688898019,0.09898784464369312,,,,,-0.15911721488844835,0.0985941864839236,0.09771257118916617,
2016-04-25,0.0932987115172811,0.09321943044431205,0.09975196114088522,0.09684170052711695,0.10530491944061397,0.08923078063969904,0.08958251711361419,0.09081841500438348,0.09523009526172099,0.10680554142985121,0.0969535027909584,0.09982728514343327,,,,0.09104017290429649,-0.15854900628947824,0.09868548752908206,,0.07825599186344391
2016-04-26,0.09355532725473133,0.09327224070682778,0.09959515152782927,0.09730456841583414,0.1044841850135167,0.08944366819520805,0.08993156960356453,0.09079116076854167,0.09551761009826555,0.10728068074569982,0.0966677410140651,0.0997764271744545,,,,0.09239598180594027,-0.15874769605856784,0.09886438561456919,,0.0786896795217178
2016-04-27,0.09326085435641158,0.09290543933012521,0.10001653017215664,0.09743360213049349,0.10496392508111639,0.08929048962133321,0.08940898455246675,0.0909572016396133,0.09500086788566237,0.10748264327355826,0.09667736812277923,0.0990356325671963,,,,0.09216141211443493,,0.09911851946225848,,0.07874252508521314
2016-04-28,0.09177882088834308,0.09135779272223189,0.0991916631471457,0.09634160089083411,0.10387576127019177,0.08758420492328445,0.08794968215732268,0.08998373206289839,0.0933443369816331,0.10637037538158213,0.09526869473613397,0.09749609817525524,,,0.12059575403827809,0.09237702202269296,-0.1622590316154791,0.09803755587048917,0.09680084038494984,
2016-04-29,0.09074561347190004,0.08967351746465585,0.0977401081130355,0.0944759767503702,0.10419964193082704,0.08598251392023351,0.08658794878730583,0.08946707203256908,0.09185457932684526,0.10534807390972153,0.09373740351036405,0.09572214726835579,,,,0.09244269842020904,,0.09770024899887533,0.09685221362319452,
2016-05-04,0.09212929775111495,0.09086618403157978,0.0994124144004585,0.09586790979054739,0.10439846588156644,0.08740740246566409,0.08790413349194076,0.09063853729973093,0.09313439996855283,0.10639516528774681,0.0949766091909747,0.09686300424826459,,,,,,0.09789514147523504,0.09662170042234544,
2016-05-05,0.09208206372232974,0.09086929576169882,0.0995196859649982,0.09594929607600414,0.10453049043493462,0.08745203405440398,0.0876226902928884,0.09054454092963625,0.09333155368476653,0.10668042648405407,0.09530860500701846,0.09689466276441262,,,0.09698629649932353,0.09058698538993815,,0.0978810919607728,,
2016-05-06,0.09225570686274757,0.09046635002599084,0.09963396265191247,0.09619529788449745,0.10453580049208124,0.08783002479538227,0.08759336352447805,0.09078060713917674,0.09297152810372505,0.10635974859576275,0.09510157792643639,0.0966111892619513,,,,0.09215088911685124,-0.1639007481145698,0.09754506835592075,,
2016-05-10,0.09239850661275384,0.09092287145082822,0.10031661987096331,0.09630155140912802,0.10450338826922058,0.08779394496142395,0.08759405438476156,0.09077116163601266,0.09359106280697436,0.10681868355036857,0.09562063959310883,0.09707014703087612,,,,0.09166120946944985,-0.1647334360408803,0.09816473216982606,0.09927274766068324,
2016-05-11,0.09135643673031899,0.08978580722824768,0.09951985228322113,0.09492744010523672,0.1036383740117276,0.08673975142492271,0.08663517187452108,0.08965813364418447,0.09176437064072024,0.10626690542579928,0.09447919889384189,0.08994251213385757,,,,0.09172687053029517,,0.09769544440246147,,
2016-05-12,0.09114428941729144,0.08950869734929101,0.09918583953531213,0.09522065699551904,0.10404374012134214,0.08656581375456922,0.08644918228601971,0.08989002329067029,0.09246195773619477,0.10616534441252462,0.09446149108854357,0.09010108127467675,,,0.09723812336361064,0.09149087829095061,-0.15780277017237712,0.09641917918190583,0.09448494462029075,
2016-05-13,0.09117949364862664,0.08922001354143215,0.0995239201668587,0.09456419232621456,0.10421673875483031,0.08596010719504991,0.08602144199795965,0.09005953311109269,0.09212428587014558,0.10628062699227918,0.09408380878100775,0.08968157692740142,,,,0.09178218833766053,-0.1614655356430228,0.09590403285860753,,
2016-05-16,0.0913958620452384,0.08918574463865095,0.09955185065378142,0.09508527524352378,0.10404931327254999,0.08631302742754365,0.08596061150909472,0.09033980683702987,0.09258622459922068,0.10662621858173331,0.0946580295154067,0.09006640064408988,,0.10396200564528585,,0.08980208111827556,,0.0960345049353838,,
2016-05-17,0.09173558017449544,0.08937629474549542,0.09975216075586436,0.09538197812283922,0.10461192134816158,0.0865771876266203,0.08599129729461687,0.09008534220070259,0.0928480438711265,0.10687531121817478,0.09472071574033189,0.09012215750124956,,,,0.08837647753320466,-0.16377065788115408,0.09570668207964611,0.09526955902630123,0.07724983479318773
2016-05-18,0.09235351509547444,0.08974607229717486,0.10100575416391845,0.09624904771995746,0.10502075968206359,0.08739144077318853,0.08620621519403424,0.09065236035089037,0.09353935674181428,0.10753113238006137,0.09599303855677106,0.09060453381144211,,,,0.0944709929792266,-0.1673750459901291,0.09591411450101439,0.0953872193460018,
2016-05-19,0.09297172159003464,0.0910889975783082,0.10135250823397675,0.09717194409935763,0.1063629819606007,0.08854309385062913,0.08728583426449332,0.09175344482169927,0.09434504188070905,0.0939621031241166,0.09672994905458918,0.09095977823095494,,,0.11943846495720083,0.09392927106711473,,0.09634631310596616,0.0955038311473251,
2016-05-20,0.09261808283228577,0.09018163085129834,0.10123961815682765,0.09650713549227886,0.10615542539288023,0.088144145104353,0.08677396300456494,0.0919564093647947,0.09385130969905082,0.09350794285427524,0.09586583283817136,0.09035435938866235,,,0.10555672408711377,0.09250420933983719,-0.16636363377866692,0.0964226211135472,0.0957874777426829,0.07740734374575751
2016-05-23,0.09264638487741275,0.09044692613015269,0.10136016427865993,0.0970401518414855,0.10618382678196225,0.08773327630933424,0.08702345946617712,0.09211318833205707,0.0939977927673747,0.09435551096014647,0.09658342577220824,0.09069118832191755,,,,0.09179414935708642,-0.16749689074358634,0.0958835318922794,0.0965522244427146,
2016-05-24,0.09238177774506556,0.09032602665702123,0.10033254485514612,0.09685843924446758,0.10624636935824136,0.08866603489824727,0.08705452293695856,0.09202007399676294,0.09393780169595238,0.09424076341706723,,0.09052692678490488,,0.1617956676962308,0.09346451529822981,0.09183019704364521,,0.09619536324798736,0.09680019691726367,
2016-05-25,0.09294221188738198,0.09028161728875407,0.10182443116462393,0.0969134270250837,0.10583753347772049,0.08837706751850122,0.08705494531794251,0.09207659959612237,0.09387738469278367,0.09420709752021143,0.09595376516724995,0.09004026851038584,,,,0.09189662720891045,-0.1681747536746494,0.09608511903923994,,
2016-05-26,0.09320665022973858,0.09055293576439707,0.10240394963679891,0.09709169879778572,0.10665758581073094,0.08831302014301037,0.0871929949991234,0.09223057100826429,0.09424880914456522,0.09486142801020829,0.09637249147224483,0.09013492739254317,,,0.09353307772474019,,-0.1695091845181376,0.09620078383289461,,
2016-05-27,0.09334944757385201,0.09043347321681233,0.10252303627980396,0.09758741146555266,0.10645514858417984,0.08836200940585995,0.08727072074192258,0.09230443450436014,0.09429723503029072,0.0944093980183981,0.09724962562606224,0.09055295382831144,,,,0.0918303024448977,,0.09614413172681568,0.09646591185722375,
2016-05-30,0.09388365580379686,0.09077658206952029,0.10264824455768523,0.09771347054970317,0.10768344730374103,0.08888119524489853,0.08738946051445717,0.0930679737909615,0.09422754860445538,0.09508384503929153,0.09766350515835108,0.09032002415405252,,,,0.09216936619037341,,0.09631885789324605,0.09662189907669555,
2016-05-31,0.09417493490141209,0.09042077043546315,0.1029993841750683,0.09769873086973532,0.1066024998248268,0.08868326010688772,0.0873497039673594,0.09293739027272543,0.09416488898811434,0.09485099802535928,0.09726203733039633,0.09083021095363349,,,,0.09153719711949489,,0.09626242384835523,,
2016-06-01,0.0952597035457991,0.09171923074179833,0.10344670675410753,0.09880567558222116,0.10808841709687658,0.09002928641087814,0.08855600012012434,0.09416402179592855,0.09552685678955758,0.09551175018357748,0.09826045112557118,0.09201442674376942,,0.1273742959559647,,0.0924864259469063,,0.0968691338540523,,
2016-06-02,0.0945904135014252,0.0919930235255059,0.10384778927472836,0.09895990388036555,0.1083275005541635,0.0901447317227941,0.08841512984705634,0.09430698367865889,0.09579604639671196,0.09643496010888228,0.09821687446744745,0.0922437802518856,,,,0.09319610839053309,-0.16968411184185225,0.09668055056938692,0.0987576908630322,
2016-06-03,0.09454378555813045,0.09076365974928367,0.10386616690738423,0.0978976152091813,0.10849476928283948,0.08889171903196555,0.08767907874511216,0.09363826941340243,0.09474688667209503,0.09545466345487363,0.09797738780905664,0.0908306702647118,,,,0.09249894378895258,,0.09658618803869876,0.09757037290929325,
2016-06-06,0.09330217614367474,0.08915159903258453,0.10344348134259267,0.09700066076566703,0.1068259442313253,0.08749719177737832,0.0862247060554319,0.09237512702084998,0.09251055032574038,0.0952645749681842,0.09680820547219297,0.08482993432218908,,,,0.0928485317844627,-0.17057495564021827,0.09556202192688108,0.09666791706703884,
2016-06-07,0.09328315885932217,0.08872269445171553,0.10267497439739859,0.09657683908561213,0.10707743428206755,0.08727845148006369,0.08548969912320792,0.09228463623872275,0.0924488275672808,0.09536543813263015,0.096737664686762,0.08473577860075293,,,,0.09291453260123753,,0.0949022758230879,0.0960671700194982,
2016-06-08,0.0928697582197473,0.0887572822879303,0.10279552832611794,0.09663184905157003,0.10726600207210307,0.08659564170962476,0.08531538804204587,0.09168531760015383,0.09236322277415096,0.09509495100920157,0.09625774156107583,0.08458122043907858,,,,0.09175499188227633,,0.09465047907420998,0.09621234344933853,0.07972132612211194
2016-06-09,0.09279496100320758,0.08916468025138238,0.10249470201005904,0.09645025777205471,0.10691615727548578,0.08699551113714633,0.08562726427910192,0.09243259997938723,0.09260801625103965,0.09440615894109639,0.0956456193980269,0.08469306556470697,,,,0.09351974419422125,,0.09522767359012839,0.09547617107847796,0.07977652235750074
2016-06-10,0.09243845471677657,0.08859443830834113,0.10232854389519126,0.09590116842357023,0.10497944290523224,0.08631154293911623,0.08481899592390604,0.09096030677209614,0.09215852658141722,0.0934797021670584,0.09543472807833006,0.08379355170127405,,0.12443992727816397,,0.09113847821859755,-0.17640875214722132,0.09442785605509998,0.09474801584653779,0.07983180042025624
2016-06-14,0.09354519836849076,0.08990245070248973,0.10324052891100817,0.0971028552165036,0.10804966375285124,0.08764909521919231,0.08601343042414711,0.09223031009551251,0.09329978046822984,0.09505250780922274,0.09704531299096236,0.08583871709159788,,0.11104160213147142,0.09757132143210642,0.09192550573002191,-0.174897773565154,0.09553218150286208,0.09803004289651941,
2016-06-15,0.0930506548456042,0.08916002095034876,0.10341088812020567,0.09667347554259323,0.10735563751205754,0.0881189961780652,0.08573440577849498,0.09203410831296709,0.09245574864968001,0.09493661632167853,0.09684976454788571,0.08523054775628773,,0.11045322680265107,,0.09199299218932504,,0.095490056216827,0.09573815889277723,0.08010942492917428
2016-06-16,0.09381860581704267,0.08998988021437747,0.10306168082221322,0.0972199261154837,0.09389703297398452,0.08821075737563981,0.08638186160017464,0.09296007341081534,0.09363818777421573,0.09516927172831188,0.09771203611034607,0.08546496405545483,,,,0.0941560630316507,,0.09516522428172573,,
2016-06-17,0.0933191437887331,0.08960336565096505,0.10318300350320114,0.09679197955685984,0.09335378084964065,0.08734514945402076,0.0863559993618262,0.09203097457053996,0.093035010130978,0.09448673408434859,0.09714553216785723,0.08534535719440997,,0.11233170145541783,,0.0942257373738253,,0.09456025078220454,0.09525467225148582,
2016-06-20,0.0922460538292986,0.088987243579811,0.10265271283502378,0.09572952779834482,0.09299897464523336,0.0863754522240536,0.08489809591373558,0.09139743439167095,0.0921944936665234,0.09435553300501512,0.0954544476956537,0.08423947829774306,,,,,,0.09387900643978749,0.09580231883658824,
2016-06-21,0.09231131362288064,0.08904683314959952,0.10315403773671056,0.09607745614946811,0.09283992974838677,0.08686586856188135,0.08546209910848565,0.09096600987880461,0.0925349221944822,0.09445725708012417,0.09573733346592526,0.08444699133971091,,,0.09443473061255257,0.09172393296194548,,0.09335357479782586,0.09519288938191757,
2016-06-22,0.09181343225888902,0.08909777509579753,0.10237656810828837,0.09514450388210204,0.09269896425870809,0.08624930018624999,0.08511153085857273,0.09104027727567654,0.09208656962000511,0.09412233245561548,0.09536583486760376,0.08453419564971348,,,0.09446961863187231,0.09256069236990572,-0.17422845545111373,0.09306518496427728,0.094147928929323,
2016-06-23,0.091456188095522,0.08866773074302649,0.10297209610373032,0.09459984187720533,0.09184013169561515,0.08585446688929858,0.08521786129973308,0.09057416394415126,0.0917886290073584,0.0937872965827505,0.09369379726185899,0.08419936382189368,,,0.09284964645478982,0.09155228342396864,-0.17823989620258227,0.09327247364567105,0.09419891296180519,
2016-06-24,0.09191511552025558,0.08955860014071279,0.10333292347972399,0.09589154648245278,0.09268341432832763,0.08698366814317342,0.0860103578532317,0.09112153100920467,0.09287467095869209,0.0943700848196669,0.09429881446832224,0.08446729414483017,,,0.0962238313229967,0.09231972005569855,,0.09441292739659764,0.09547135004763824,0.08061439454371885
2016-06-27,0.09129155820194068,0.08826792461779727,0.10299068626181224,0.09446735130740559,0.09237369817822395,0.08636795242767012,0.0848524641132548,0.09039816590423452,0.09200221407725695,0.09443802649108159,0.0940839248276081,0.0840311052881242,,,,0.09259438352309467,,0.09380185356539864,,
2016-06-28,0.0911314761448803,0.08737872490536791,0.1027331141961858,0.09440141881066312,0.09245650215775644,0.08529192461601846,0.08370520144802908,0.08979732530803494,0.0899083460713369,0.09416483608878497,0.09360595702035791,0.0832673371222219,,,0.09808402900759472,0.09204240120758116,-0.17816467396120714,0.09272773393324853,0.09501794136505283,0.08084102142614871
2016-06-29,0.09044123112407484,0.08726047472972609,0.10309519675708467,0.09414671001586102,0.0914856927843606,0.08590990455718774,0.08370499954465441,0.0897057749870785,0.09046618841047496,0.09440336408371511,0.09356133351763589,0.08322234946952692,,,0.09471580678227927,0.0896605326867027,,0.09140095543023927,0.09483865204357113,
2016-06-30,0.08966622765061297,0.08607930570654072,0.10278951579256715,0.09303258441038315,0.09112082213511107,0.08419789044837844,0.08234697728426874,0.0892706049042805,0.08978792815334584,0.09406654193908627,0.09292216154790901,0.081833166453338,,,0.09309067795342965,0.09123505527064743,-0.1786447045361764,0.09116029018125252,0.09486407088148086,0.08363716942486554
2016-07-01,0.0901466641709787,0.08550984434863108,0.10210212173868237,0.09277794548959974,0.09082440626319324,0.08400519934855485,0.08178576547660922,0.08951241919442916,0.08930226176166912,0.09351015640142056,0.09298539382573036,0.0818590084602816,,,,0.09009865649130716,,0.09118799697845266,0.092910506444323,
2016-07-04,0.09067468146800028,0.0858376677042272,0.10336842418904627,0.09311378814195935,0.09130854806063002,0.08414082824492092,0.08213930513821668,0.09024009065936342,0.08925296113954305,0.0942571599358786,0.09331098079316125,0.08205386866137603,,0.11345647194691777,,0.0915289747224482,-0.18140910067877747,0.09241918341686355,0.09144990971562497,
2016-07-05,0.09182901947962377,0.08708700324207237,0.10350851966345373,0.09456262876269336,0.09173742493694086,0.08552519789272237,0.08339079654973133,0.08989072232927983,0.09107046700443887,0.09444414203845598,0.09375447645776563,0.08296476157601156,,,,0.09067359786759764,,0.09292474206708617,0.09250951601832645,
2016-07-06,0.09272916589371016,0.08712302366135632,0.10436085235970811,0.09510312277220724,0.09277667693210374,0.0861233834056083,0.08372092266986642,0.09090368809802671,0.09092514221065202,0.09512325317659723,0.09466562876389245,0.08287251033440539,0.08539483747142433,,0.12283095231579068,0.09399464553995848,,0.09288509047933742,0.0928715009876298,
2016-07-07,0.09251635155661667,0.08715815718185366,0.10433846546075706,0.09552145869817522,0.09343908811155345,0.08628109947429903,0.08352578977927297,0.09182760692801605,0.09193909909241288,0.09611537464345025,0.09527484766690988,0.08260344098508925,0.08519179097353452,,,0.0909318035314244,,0.09162263207838543,,
2016-07-08,0.09314999937979944,0.08739207605563915,0.10388602320267985,0.09606553814473309,0.09341284147226085,0.08688261297706384,0.08355506990592107,0.09156186714251993,0.09177385493729398,0.09622095343440892,0.09588929551821732,0.08304538545866638,0.08609831564300287,,,,,0.09144927360525512,,
2016-07-11,0.09292181593038128,0.08706650551712511,0.10528432714511186,0.09527071412330512,0.09379352328542154,0.0860238818932335,0.08364620649625944,0.0914509395542339,0.09159040091517734,0.09515706301997147,0.09528964370740658,0.0828276291594442,0.0854073812508055,,0.0886282561673684,,,0.092412113226755,,
2016-07-12,0.09213364769249076,0.08664469139068662,0.10366729374889509,0.09484087109016548,0.09284459911988897,0.0857359547639015,0.08307700543874648,0.09049920340875524,0.0913162398070024,0.09486193748360576,0.0943694748992716,0.08297152178675407,0.08528309937037494,,,0.09394750780500186,-0.18157718692501346,0.09109084469113148,,
2016-07-13,0.09248496644206393,0.0876749806091453,0.10461802632728907,0.09526496426830118,0.09320262042571642,0.0861169731934001,0.08408455106220862,0.09074483295204089,0.0914740952413604,0.09563471372131042,0.09457023681862341,0.08377351299312001,0.08639713779597918,,,0.09152584127701412,,0.09315380902630226,,
2016-07-14,0.09167012896899027,0.08761751003003179,0.10319403257762658,0.0945952431519236,0.09259908942163313,,0.08388816566060985,0.08962770575667839,0.09130604859187004,0.09484830449331387,0.09463469921869143,0.08368016256782644,0.08560503860956888,,,0.09221526119600329,,0.09184494285927376,,
2016-07-15,0.09204807392171156,0.08805394748591426,0.10356909887510979,0.09472543988382817,0.09280216883181402,0.08620805110496686,0.08422137372577711,0.09004244197480596,0.09211100266236254,0.09540968396707192,0.09442705134002477,0.08400694074791915,0.0859414492292612,,,0.09228443722132396,,0.09297704137414059,,
2016-07-18,0.09281833462691343,0.08862558096819435,0.10428633153843178,0.09579722116971862,0.09326089635844553,0.08701918638506846,0.08484502743209513,0.09108835159208002,0.09203940833871947,0.09527370340216598,0.09544632681862045,0.08481311083463752,0.08660269565078828,,,,,0.092900629793773,,
2016-07-19,0.09302813160168535,0.08881688685526633,0.1046583579838058,0.09607705817120747,0.09439500613367534,0.08692431162048074,0.08495140865449465,0.09103198493528983,0.09241355409886168,0.09649714001361574,0.09620263082189333,0.08514465720449378,0.0864790871341533,,,,,0.09236605097749688,,
2016-07-20,0.09337920158284296,0.08908631951394093,0.1044453855046423,0.09652861334932895,0.0938270863763908,0.08767422101164458,0.08521252197853801,0.09212395323726119,0.09289755367944497,0.0961546345279138,0.09599245648352181,0.08523291728646754,0.08589129243939406,,,0.09325772018664154,,0.09131185054822194,0.09498766227812222,
2016-07-21,0.09373495670264359,0.08920072628313107,0.10579936970402323,0.09619535920680604,0.09469256572169754,0.08760963592335527,0.08562596317562533,0.09186358441836986,0.09316579330632672,0.09648683846326377,0.09592055105090623,0.08544386997795239,0.08590972894268427,,,0.09332804956530417,-0.18844202743060787,0.09228611912827171,,
2016-07-22,0.09380566032213469,0.09017918360135321,0.10568505832604534,0.09688985858074922,0.09517286624922304,0.08833308330099278,0.08619787126034706,0.0926318585458527,0.09365364436148092,0.09704571502617841,0.09640242232334144,0.08614773303229056,0.0875497059429627,,,0.09371262304134297,,0.09230415706659645,0.08741877339046304,
2016-07-25,0.09372115564945648,0.09060294930016402,0.10657184204815441,0.09719425091782134,0.09544769753739778,0.0885910701666106,0.08660239005615018,0.09141645832242294,0.09358196604876229,0.09647143262869315,0.09674208341881065,0.08623118987257931,0.08838689715033843,,,0.0937426586436478,,0.09315183045312915,0.0878740375657449,0.08240725587239807
2016-07-26,0.09407479912193074,0.09064211075954384,0.10719938561023565,0.09713040322328986,0.0953753599130735,0.08784919131121512,0.08679051120926272,0.09329197154192621,0.09385139359675335,0.09771260992578798,0.09680926149735339,0.08663094463787067,0.08801581505919187,,,,,0.0933871772037856,,0.07977173164203895
2016-07-27,0.09443518699304616,0.09051995592738829,0.10560253051622934,0.09647884239850668,0.09465510482166178,0.08834854346246433,0.08635567879041463,0.09267242722848347,0.09346172289187007,0.09722676208814612,0.09632022966630384,0.08604018994919763,0.08788912635914967,,,0.09470005832849854,,0.09404257156948734,0.08989766658282186,0.0825258712459008
2016-07-28,0.09421444929164746,0.08945366456492818,0.10573361290033131,0.0874395246741494,0.09439428456750605,0.08704585781603763,0.08610376637618398,0.09171707112471322,0.09252586514179541,0.09656463527863846,0.09583206176774967,0.08533049731681262,0.08743831364146029,,,0.09382340759772768,,0.09386255457666688,0.08935124843285232,0.0825853166295266
2016-07-29,0.09428240414524143,0.08895771485231953,0.1047791900949844,0.08679388256937408,0.09425120604863137,0.08664496417946944,0.08480397670002204,0.09092987658947184,0.09159546638102888,0.09622028167789812,0.09534779483368455,0.08462685188113707,0.086747981024412,,,0.09408412509536877,,0.09333709735947487,0.0861963132906048,
2016-08-01,0.09376465507877135,0.08881599503947128,0.10656085356238024,0.08682971731965143,0.09550529226081561,0.08678756907709409,0.084973233336164,0.09167927522975788,0.09217587240542204,0.09736451636344905,0.09590488056278157,0.08488986519464639,0.08597142402732519,,,0.09190587673910436,-0.19303159097503247,0.09381872977130894,,
2016-08-02,0.09411991835240928,0.08947644800574214,0.10689365807449724,0.08700197264955958,0.09599146754419209,0.08761954808570536,0.085310845008926,0.09296785244402647,0.09244249820969516,0.09733755035802513,0.09608265827813967,0.08497922748352366,0.08505166151971529,,,0.09252454855346584,,0.09397080092944589,,
2016-08-03,0.09491824804202034,0.08927916042782374,0.10702740643048722,0.0875168243407473,0.09608901312857172,0.08821194486685138,0.08557089968807674,0.09322641995153967,0.0928203231479166,0.09795492726148085,0.09679086294359492,0.08549535579788088,0.08612086184922099,,,,-0.19032353737758773,0.09409359865373168,,
2016-08-04,0.09498733578894872,0.08923704327987687,0.10711255680152532,0.08710173561346983,0.0961236104209794,0.08699577175718108,0.08537243084082607,0.0926761123543936,0.09210392182786839,0.09756237384038909,0.09685876132703941,0.08479048745132296,0.08607569808057838,,,0.09258676424561728,-0.1934234494931277,0.0936484670201385,0.08731558153125697,
2016-08-05,0.09418117481669375,0.08872566722603559,0.10769722994724831,0.08724612033502682,0.09595577815729271,0.08637256956574088,0.08430492851804758,0.09249324315404303,0.09171737431032985,0.0975767572884156,0.09664701448744531,0.08427242679246293,0.08579098116933236,,0.10039157086713726,0.09264754578332243,-0.19343772739867557,0.09353869267889516,0.0867750034368337,
2016-08-08,0.0946821564929795,0.08774539637036843,0.10595178195740712,0.08671902349657791,0.09520949034349606,0.08544031237048796,0.08389412469871745,0.09240035271350389,0.09110245240418623,0.09708841582797256,0.09606796680557204,0.08345105342665061,0.0850215020055481,,0.09362450049192352,,-0.193996033495249,0.09307276810463619,,
2016-08-09,0.09385013978532242,0.08747245355598736,0.10668630442354547,0.08584568079314735,0.094751596920134,0.08526614229141058,0.0836094104709379,0.09195274692317566,0.09050245523410967,0.09696962246410498,0.09580104982727004,0.08335821885460387,0.08473757398982605,,0.09449504216395291,0.09180602979401145,-0.19529938357267015,0.09323918393415667,0.08684288152197488,
2016-08-10,0.09380222564303757,0.08743107484716293,0.10557029111114737,0.08624452818118739,0.09456827727718388,0.0856477793585964,0.08365372275725115,0.0916825791373514,0.09072343154234563,0.09639307118597107,0.09553346248582395,0.0826704173173117,0.08390666883300836,,0.09708036409553991,,,0.09258071783635444,0.08583602055798939,
2016-08-11,0.09401695650693527,0.08723376844269425,0.10685640164969988,0.0862952875979366,0.09485752561111235,0.08547090344947995,0.08353332530807292,0.09210911680199649,0.09070626316210792,0.09640666526215723,0.09565696229157047,0.0831131924023375,0.08464793405665227,,0.10062290245249271,0.0925449703397905,-0.19713498744696717,0.09275873661589386,0.0867008365593132,
2016-08-12,0.09415905435670664,0.08812086890252364,0.10719224595718244,0.0867625314869035,0.09574108742538057,0.0860324602759407,0.08424532465641146,0.0929583439849017,0.09160093836618251,0.09730202661089869,0.09642161218220029,0.08373847332862952,0.08507819720073319,,0.10066157290643143,0.0912625404412464,-0.1968991845481085,0.09298096988967035,,
2016-08-15,0.09400261002257083,0.08784066128715053,0.10730015508707123,0.08684869637858136,0.09602310890568137,0.08610710400392604,0.08426349579643266,0.09365245953260469,0.09133418390156349,0.09740049459625676,0.09654103359377324,0.08363919099817796,0.0847062101917249,,0.10077778266285667,0.09179611767774636,,0.09286091959925818,0.08648738736114049,
2016-08-16,0.09436324649496507,0.08787622798681897,0.1077910546559752,0.08701587725814147,0.09667421327545554,0.08604271343871764,0.08399060086010748,0.0945434186541025,0.09149041028454506,0.09774311143374097,0.09644667031880752,0.08378632145165638,0.08497793788190734,,0.08982001997643298,0.09195836630720465,,0.09275233478880868,0.08669343304241943,
2016-08-17,0.0948714962902529,0.08836302062341865,0.10762495696310057,0.08741919373543076,0.09661018326748962,0.08633464249655701,0.08455363050854245,0.09398905521851371,0.09186777073872984,0.0982720007352106,0.09634052161090267,0.08405432311552567,0.08525074952683273,,0.09977003475177698,0.09272204120451391,,0.09309115532653078,,
2016-08-18,0.09412539082975004,0.08152576739491181,0.10730628636568552,0.08700252624043109,0.0958284682464038,0.08634857035766196,0.0843561805379042,0.09336388139772067,0.09148014772663181,0.09749512295807622,0.09656244911291227,0.08366004173042074,0.08504688099433137,,0.0965163401978214,0.09259179213553949,,0.09300191546044456,,
2016-08-19,0.09413120927248625,0.08191678421023581,0.10678600126937747,0.08705330325494734,0.09600338906220861,0.08607295686972564,0.08392770792698234,0.0927751526565712,0.09171551946390391,0.09780180667693063,0.09689730930879359,0.08356696651783449,0.08500198370172225,,0.0944999270380107,0.09266306661543212,-0.19937936774723086,0.0930268690260065,0.0870443028119304,
2016-08-22,0.09477931432319671,0.08216152312805378,0.10724901194629041,0.08732398330601397,0.09644723634787217,0.08657508480861047,0.08455538781767008,0.09400257221697181,0.09228649254811047,0.0983735530432683,0.0971060023444257,0.08404527047073115,0.08526471085729243,,0.09443947145015438,0.09287756477293702,-0.20023303507596638,0.09320022776355831,,
2016-08-23,0.09470514308167705,0.08168316479654365,0.10799138073973245,0.08773045186661656,0.09633457063806061,0.0862610769676616,0.08405339921036806,0.09341169647388543,0.0918322230638039,0.09794948142840292,0.09756674557568341,0.0835562673127882,0.0853451144953855,,0.10019546654808781,0.09267111500565335,-0.20077891804272058,0.09226880001373146,0.0874732759076916,
2016-08-24,0.094919822054541,0.08208012292789761,0.10802905355607927,0.08731022772149413,0.09635791434536559,0.08631330222884898,0.08431406806932167,0.09383947890644163,0.09199305300104633,0.0979952546905567,0.09681766912083212,0.08388249034675684,0.0854918272608056,,,0.09274271966674151,-0.20071688995534312,0.09250213568772642,0.08671728836974231,
2016-08-25,0.09469672480806426,0.08186219938801446,0.10769322485443672,0.08724442579971418,0.09597292245272127,0.08624386182025888,0.08411677538165224,0.09321788341799565,0.08468622102228586,0.09801504044692627,0.08635279228946847,0.08354879061562816,0.08433733119381887,,,0.09297361658901737,,0.09232721758684524,,
2016-08-26,0.09447544345020197,0.08141182017019259,0.10805771296012613,0.08694660965292998,0.09567234032875034,0.08617891852082035,0.084071407726884,0.09276547011540023,0.08400154065872098,0.09770851635577675,0.08600789729674685,0.08321649744051934,0.08397700683299869,,0.08094610436788864,0.09240905916221231,-0.20216395593461794,0.09290242626046309,0.08671636329975849,
2016-08-29,0.09468711074036633,0.08165279326734962,0.10775941858482292,0.08757248917214909,0.09595428777552213,0.08652772407278386,0.08416465517162723,0.09350555984238626,0.08450709372940737,0.09800362115599363,0.08631631832044247,0.0836208549250311,0.08376459836488488,,,0.09294285232138672,,0.0924404922585714,0.0878278857895807,
2016-08-30,0.0941664823456899,0.08146260534594228,0.10743860103292281,0.08679940306081901,0.0958483271028329,0.08630511755328173,0.08358694388074285,0.09238380375708559,0.08402787550169012,0.09745826763853958,0.08586685557499298,0.08344260902930688,0.0842715450640815,,0.08557096733695652,0.09300223254859655,-0.20411150582878185,0.09246913778869872,0.08711634702772315,
2016-08-31,0.09335986816588229,0.08098495426544922,0.10680886955518708,0.08661563459549616,0.09474541236563769,0.08552097647463304,0.08308919578587733,0.09242585957136702,0.083593484421567,0.09710816095458329,0.08490266245739361,0.08293139623442398,0.08399010939557901,,,0.09308727359254415,,0.09188465362961368,0.08633699169221501,
2016-09-01,0.09340010071614957,0.081293642708362,0.08828343245530873,0.08631653485597524,0.09463977909464949,0.08556643352098019,0.0833455901988641,0.09183013095819562,0.08343137260870681,0.09652171339113984,0.08534299572175802,0.08270959671382971,0.08433987295820611,,0.09532349519415709,0.0880366624676655,-0.20574189109361918,0.0923895020978801,0.08804182134788807,
2016-09-02,0.09285693217330276,0.0804803333016625,0.0875663037922397,0.08578610244796032,0.09388974936619635,0.0851650413996869,0.08315187991446193,0.09078888463431942,0.08330805652170448,0.09592889400621331,0.08431123488830233,0.08233281715656608,0.08304628777422887,,,,,0.09255465687235012,0.08572645238896848,
2016-09-05,0.09253767706525921,0.08066100539043063,0.08780193353852678,0.08496020031293716,0.09301741441572019,0.08495108278076424,0.08264156789686654,0.0906374671827026,0.08308245534341205,0.09510985639708915,0.0848531657353886,0.08241244035165296,0.0833740085675933,,,0.08767997872430244,-0.20771648883478003,0.09175586480283765,0.08704344182900496,
2016-09-06,0.09190658805338711,0.07993851041288473,0.08597662059303879,0.0854303656515593,0.0927474785529254,0.0848642459128009,0.08222300481348566,0.0899462456454762,0.08304669544668944,0.09470288743493521,0.0839828997283535,0.08202530602637995,0.08278179873033518,,,0.08681163271756534,,0.091716288207848,0.08532305894960689,
2016-09-07,0.09118886314645748,0.07975059548114562,0.08536076341434966,0.08452475637691997,0.09188428068970567,0.083950984794453,0.08165529172753777,0.09001905935835863,0.08193281857837342,0.09444107438016067,0.08340477939633106,0.08117146713297099,0.08281548769851053,,,0.08625463726135348,-0.2097364120612198,0.09067018403599554,0.08478428617130535,
2016-09-08,0.09099529796974563,0.07877697420512227,0.08547150932617938,0.08411169994699533,0.09209659053103979,0.08366092337265911,0.08091597934682457,0.08932672249390801,0.08146219556213811,0.09450529041001883,0.0825375953327522,0.0807898056555255,0.08191718941526382,,,0.08400522134338441,,0.09029875782325077,0.08387442668997097,
2016-09-09,0.09164618758887794,0.08016163789498365,0.08654080630093547,0.08497716172161984,0.09306670465607443,0.08482416363060884,0.08216433833478017,0.09052959111049827,0.08236676713832539,0.09602020843927152,0.0840215015121938,0.08204573437778515,0.08311580884831334,,0.08589034433340015,0.08406925476018813,-0.21332948671504695,0.09139611990373965,0.08371069624786698,
2016-09-12,0.092965066682079,0.07990746106983827,0.08803565460761567,0.08454757021479979,0.09358501625541676,0.08553045900130873,0.08240461693523092,0.09076611048677599,0.08224663050856991,0.09542006939960025,0.08392747104206066,0.08251615210761543,0.08300002817553906,,0.08521661536346004,0.08254315337280657,,0.09080955484511896,0.08419988430709881,
2016-09-13,0.09235958265061572,0.08051814559786019,0.08725834219786081,0.08518029865463989,0.09216505288731347,0.08490387533952587,0.0822253939169369,0.09035092941245225,0.08208294424769824,0.09529789152887877,0.08451678235968563,0.08250712964954726,0.08380412699698155,,0.09748185403433722,0.08463506832774281,,0.09083757192988365,0.08505437843539862,
2016-09-14,0.09275157823437495,0.08062217396665386,0.08465601954567763,0.08499839708487486,0.09321457989091837,0.08483867173739804,0.08261461571021468,0.08968926648544678,0.08299201575268661,0.09451951006797998,0.08444061449683203,0.08243912973361554,0.08324032980491418,,0.09751980449823228,0.08781466331630622,-0.21199209485161893,0.09086561005159362,0.08510617696253076,0.0884170330948283
2016-09-15,0.09264361618218593,0.08072313783386303,0.08624824644327142,0.08493269624733478,0.0929510746995424,0.08477458625705443,0.08271938330903311,0.09073891674660489,0.08276636767667216,0.09482289863214394,0.08396631774830592,0.0828106177598331,0.0840306975149831,,,0.08553973560123303,,0.09132322057821064,0.08468363215229342,
2016-09-16,0.09336238816696428,0.08163632236294362,0.08682128616580896,0.08650764762979507,0.09385053920178335,0.0866270829046731,0.08400849109855184,0.09222218137937788,0.0837645704099101,0.09610840737130862,0.08549342970618758,0.08390403321345978,0.08430263668723306,,,0.08545031858286889,-0.21238868640721845,0.09193312172332381,0.08461258683338937,
2016-09-19,0.09469607489923819,0.08232221101107702,0.08788616868090067,0.08690003544827103,0.09392982948243515,0.08722593962850397,0.08444568812028318,0.09154189250549391,0.08561396741888108,0.09731076972301218,0.0864774460775884,0.08416914421235551,0.08553925729105726,,0.08621233817012222,0.08595872987257674,-0.2185819425625326,0.09181529954189184,0.08746996113918956,
2016-09-20,0.09506483209842267,0.0825767005105392,0.08947068568999252,0.0881353022671536,0.09646327529630898,0.08716385842843431,0.08502016190097933,0.0935862967290822,0.08572260840797938,0.09880432396357441,0.08681392650768634,0.08437868404644841,0.08604233396291822,,,0.08737122300956708,-0.21152816576206943,0.09279988496836006,0.08708869769451782,
2016-09-21,,0.08129362154906458,0.08746394476667899,0.08723782595213167,0.09473257881083837,0.08618932543295972,0.0834040733928766,0.09219856394528206,0.08377250829739066,0.09692386647350193,0.08551780389324368,0.08313956376387682,0.08460448700359502,,0.08943179267345268,0.08718727274246946,,0.091466202419903,0.08636461116332277,
2016-09-22,0.09372663137865661,0.0810175711715929,0.08811639093128218,0.08658135173878728,0.09482489853481324,0.08598682313986797,0.0830415208780777,0.09192219252070552,0.08350299128687033,0.09632690141474778,0.08504184337281377,0.08286773105030006,0.08379726206143363,,,0.08690916964606349,,0.09175161056544102,0.08666046597773654,
2016-09-23,0.09468484352813303,0.08141831288284411,0.08808082013865591,0.0867548479647619,0.09512496255615648,0.08685407264223391,0.08379805176819659,0.09235927610832322,0.08459197894466866,0.09667464322705867,0.0866853431041194,0.08313500538949892,0.08494349539151941,,0.09023443537699954,0.08732164471751276,-0.209796392516567,0.09145711698281747,0.08528836988611577,
2016-09-26,0.09430760253372178,0.08207390340142873,0.08886375888634492,0.08726509998985699,0.09583266945547665,0.08677353086657279,0.08465565643601287,0.09296534105598336,0.08482709586543151,0.09726151755284544,0.08608233424154191,0.08345520221672309,,,,0.08648685568849131,-0.21554717126662545,0.09187971974180399,0.08680351447335523,
2016-09-27,0.09482536826097582,0.0822096126565587,0.0895183348792496,0.0876770107880311,0.09641519781113762,0.08773640145878586,0.08438325376818614,0.09408599884436594,0.08518911526791266,0.09809718879150892,0.08573672082059892,0.08372335307180519,0.08548407111297143,,,0.08743488434888587,-0.21533703386542852,0.09294804966020673,0.08725546966988883,
2016-09-28,0.09430257005565514,0.08208836167847669,0.0886442485629512,0.08713610026843031,0.09561317317247608,0.08778595147226369,0.08441286622971794,0.09330987414216392,0.08512302974628128,0.09773569755410078,0.08579584863056391,0.083631555768734,0.08576049062988302,,,0.08646379484125373,,0.09261960181073087,,
2016-09-29,0.0946691978656089,0.08138873409590457,0.08850915661122573,0.08671209446842756,0.09509596088831591,0.08623693105868001,0.08368122994013512,0.09231204110590933,0.08403740280510405,0.09694658539825848,0.08585478920485261,0.08323785689836787,0.08210207389501589,,,0.08688912340898709,,0.09278602161204051,,
2016-09-30,0.09367207724909596,0.08149398357630333,0.0893597108698975,0.08688557144216805,0.09507073076358953,0.08708361840848852,0.08363769928979947,0.09221444571094617,0.08405972096446705,0.09739395562863701,0.08567108141043205,0.08375717511784074,0.08190156070682267,,,,,0.09281481870447708,0.08635753101141756,
2016-10-03,0.09346577733001035,0.0810005384987129,0.08930900858859789,0.08645019708379786,0.0954051974496033,0.08584045323255625,0.08334961643278582,0.0917404546404852,0.08397808611216258,0.09688189517277125,0.08460777551539277,0.08256796703491232,0.08192214128667942,,,,-0.2214188254928035,0.08715854140668115,0.08754301138972799,
2016-10-04,0.09398290172828458,0.08132613478623414,0.08842969931531623,0.08687876647258712,0.09538018948534806,0.08636411269324551,0.0834113292991175,0.09218204071604638,0.08379395615984984,0.09817962640477237,0.08520817248310987,0.08295410571172691,0.08110310313203913,,,0.086489516708549,-0.21920492180654086,0.08724790927258431,,
2016-10-05,0.09525590213224736,0.08187394469412526,0.08993417592123168,0.08774498837589798,0.09646231849371734,0.08698663527971946,0.0840971298816026,0.09352956676472224,0.08448883061347512,0.09794160060607031,0.08634759373498828,0.08355631155292337,0.08214449048685908,,0.09175853570522913,0.08687211281664284,-0.220597630361598,0.08823418299174364,,
2016-10-06,0.09605152856121504,0.08212747572351023,0.0894113213418853,0.08834967506512582,0.09660696705185608,0.0874948428574151,0.08451052336916531,0.09433539522224395,0.08495460824790106,0.09844040186537634,0.08654401909261526,0.08354919829827614,0.08249017836051835,,0.09428972827668618,,,0.08775864801883604,,
2016-10-07,0.09675323413685517,0.08249654539355805,0.0892748050516562,0.08891218462272509,0.0968367632562026,0.08846596561838539,0.08500687077731052,0.09355130946438871,0.08563403250344365,0.09856399873850615,0.08783562428989455,0.08436203994113133,0.08291560304601382,,0.08860684699206592,0.08907384107667521,-0.2212079592262083,0.08777215946992514,0.08753982371375109,
2016-10-10,0.09774236013994206,0.08289814613924892,0.09138761513262364,0.08945654420694474,0.09763222640867025,0.08884850845451425,0.0850252635544019,0.09588626531548096,0.08604377543790473,0.09954074002705192,0.0881540356621396,0.08493338827688905,0.08325246793579674,,0.08902345295712405,0.08778057246939014,-0.2206576347395736,0.08383142275513064,,
2016-10-11,0.0975130667593929,0.08378596978599033,0.0914091466751566,0.08951174479457435,0.09940282412285778,0.08878149113985805,0.08575460875028934,0.09585802813512398,0.08623901945489582,0.10065428610273278,0.08931776349522969,0.08545248201540914,0.08349144079949906,,0.09280639386593724,,-0.22259946620061014,0.08443889225070766,,
2016-10-12,0.09780141240097133,0.08412087079481258,0.09203751967496035,0.09005116696214245,0.099456367339497,0.08964820463637097,0.08640959825014083,0.09649549279618756,0.0869169161100186,0.10097530411339088,0.08910688337379312,0.08579094935834833,0.08426932785550334,,0.0912765602873871,0.09025908658884732,,0.08421833781380708,,
2016-10-13,0.09754966251783781,0.08407878318851156,0.09215720358786936,0.0909583378807453,0.09848017367137654,0.0901670709860166,0.08675668059920576,0.09619599639135042,0.08794168110993413,0.10114830242585712,0.08947333729337234,0.08569650983966369,0.0846560330828696,,0.0918822738585021,0.0927277449315846,-0.22354135229491245,0.08439028629321789,0.09131587309663178,
2016-10-14,0.09789089080595806,0.08388540038066662,0.09176661232306668,0.09098754637944557,0.09887602968030895,0.08975059114489858,0.08609338115785627,0.09593038711225992,0.08744875879226012,0.1010752323942303,0.08964377679279593,0.08553879345902078,0.08410061956890395,,,0.08996895323507231,,0.08414345709078197,0.0892565975135423,
2016-10-17,0.09919115254984269,0.08581216619852707,0.09289753941293931,0.09208807030944059,0.09940159732353997,0.09154908488915443,0.08831520137848992,0.0974906278776983,0.08866940863098034,0.10224099282585841,0.0908046246840213,0.08756235255105141,0.08669837377325314,,,0.08982603686445718,-0.2235577592546718,0.0855673118259146,0.08995814594708823,
2016-10-18,0.09819441924950646,0.08592282022882079,0.09301967821100177,0.09160534493394856,0.10056261886831193,0.0911296537113686,0.08805983552747806,0.09776564816192752,0.08891195779164589,0.10138387794818289,0.09048067742123679,0.08708654962062581,0.08592255134787337,,0.09205233973297845,0.09342214224951913,-0.22459955592484032,0.08617383585055723,0.09256071050894576,
2016-10-19,0.09842286115581882,0.08480875103606095,0.09365076478893011,0.09090299697454443,0.09975466629197205,0.08884118400978146,0.0867968677055511,0.09618520252805625,0.08767457209086836,0.10219414823094695,0.09004526693464235,0.08598997973664974,0.08523181352868842,,0.09142833383220586,0.09081684713594416,-0.22370001219543376,0.08549112547765828,0.09411098362811839,
2016-10-20,0.08717192372092217,0.08476696706571545,0.09266072362239557,0.09061659476884269,0.09908224960971719,0.0899420339451597,0.08682919733242489,0.09608764358253637,0.08750969543745137,0.10162777726874751,0.08974340884056134,0.08615866228021375,0.08441763767747652,,,,-0.22349936074475393,0.08486035654696605,,
2016-10-21,0.08593125367989717,0.0841938841675759,0.0918451468923298,0.0900089305252666,0.09854931377777831,0.08917528019956428,0.0865480750410385,0.09584105535294622,0.0873729449523159,0.1007640843278082,0.08911157281270679,0.08617007978301511,0.08489969002535806,,,0.0902214066029827,-0.2238426246626958,0.0857381712650048,0.09012512362324451,
2016-10-24,0.08653309033255276,0.08424880849084158,0.09222030930979197,0.09083982247601548,0.09949418559912043,0.08956240065466184,0.08664613265370497,0.09606561858575467,0.08726310700137398,0.10114217596972447,0.08943912188857533,0.08573551510372147,0.08452352835895371,,,,,0.08500589731871677,,
2016-10-25,0.08676670439798628,0.08463161816919067,0.09238441348085243,0.09077422109949485,0.09981099428888317,0.08984886813383364,0.08723097957900752,0.09726777393088987,0.08741715519249238,0.10201207708066311,0.09000381267410112,0.0862856652904076,0.08407906503612982,,,,,0.0850161737829557,,
2016-10-26,0.08741359459132078,0.08518406873075095,0.09348429915043467,0.0913209420831092,0.10012781448509285,0.09084161146313988,0.08747561340510782,0.09720712234427809,0.08829916204006061,0.10189033305737749,0.09006729406326909,0.08625300031182652,0.08571807403242006,,,0.09032538028796558,-0.22666710543013519,0.08536137892994632,,
2016-10-27,0.08821059847628993,0.08592298591068655,0.09309592798638638,0.09196819192628139,0.10044634692107512,0.09196025378334305,0.08833126778294875,0.09714643357175155,0.08913989867024016,0.10226666360522205,0.09130889101747633,0.08753792364948246,0.08664586377970279,,,,,0.08531152016637852,,
2016-10-28,0.08851104978686822,0.08639937768071902,0.09296035880114886,0.09253959776913186,0.10055349739152068,0.0918920358145042,0.08886967460796712,0.09721219204178148,0.08984391487593898,0.10214439991128799,0.09114835496213326,0.08819631653823103,0.0864050295063733,,,0.09137625714188402,,0.08602027350750709,,
2016-10-31,0.08876769091282996,0.08681309935049561,0.09378629878948062,0.09300996081010955,0.10154358010800746,0.09228974044541371,0.08940953007782672,0.09836323685338914,0.08991804504767754,0.10342526587556167,0.0917088451098173,0.0883300779543842,0.08662683814938858,,,0.09225022472876239,-0.23045143513994684,0.08665857902912284,0.09187463561583828,
2016-11-01,0.08865701426795504,0.08679183097760042,0.09354005616871933,0.09276317329295863,0.1016228106666142,0.0923414657626185,0.08930354708411715,0.09815301381108191,0.0897058555726881,0.10315026810972625,0.09123767825542738,0.08832136514936381,0.08658121239064978,,,0.0919956125403831,-0.23070026416964157,0.08668336618599085,0.09228937748173949,
2016-11-02,0.08962962872393519,0.08752587307567672,0.09337653784972261,0.09355397197716445,0.10171852845037223,0.09335505470441034,0.08998484181176504,0.09854383125823689,0.09041393512447522,0.10344130589577033,0.0924046186067064,0.08886437730557606,0.08792723882639858,,0.09190421948142757,,,0.08708796167721368,0.09259060473390299,
2016-11-03,0.08881590084191643,0.08740520575324426,0.0944062287634965,0.09270048087178281,0.10055426976142874,0.09233066700915953,0.08961332890026172,0.09840899914025708,0.09001907937669104,0.10392268490517963,0.09201722593421659,0.08881681233004014,0.08801252682874644,,,0.09266731937448017,-0.23158266455121193,0.08711496745824682,0.09225077814579336,
2016-11-07,0.08775707378050833,0.08583975353850164,0.0936890448696985,0.09234982611511551,0.10055392138464478,0.09099860216808076,0.0883812562822406,0.097789531779212,0.08911259382451263,0.10242509885424309,0.09075166416305112,0.0877844030094019,0.08679141498035221,,0.07261437309984686,0.09210291013430671,-0.2326488286695818,0.08607522548923882,,
2016-11-08,0.0880781709452229,0.0858301071924602,0.09355316021392626,0.0921334787821601,0.10010899308100474,0.09102194976718622,0.08833187428415788,0.09791797944448757,0.08881301444148482,0.10209999582163216,0.09039413354893587,0.08763640964626541,0.08650230536040639,,,0.09083581580475059,,0.08615198027438922,,0.09014614392271428
2016-11-09,0.08803502605093981,0.08629469669002583,0.0943116006512336,0.09199407519643561,0.10094066946647288,0.09160363315000501,0.0895452172368352,0.09804554502661561,0.0893183865818727,0.1031900310888622,0.0911632396382543,0.08817482967983106,0.08710872651195051,,,0.09391254074300454,,0.08634972287021676,0.0948195139047193,
2016-11-10,0.0891073568643316,0.08823477973934551,0.09565605570943966,0.09437370473365525,0.10217132051502473,0.09391300860119978,0.09116326390847161,0.09963550973506809,0.0909111658623224,0.1048487188788855,0.09236298927585178,0.09007843273723388,0.08871498062440217,,0.07281595222795624,0.09144226454332109,-0.23462675430073435,0.08870240699659418,0.09136187811083044,
2016-11-11,0.09039478531427236,0.09032292028782325,0.09619499750271836,0.0953153473403813,0.10324229479059341,0.09517940347158572,0.09359888112706236,0.10059385569715329,0.0929714601360699,0.10523363520897304,0.09371521598206577,0.09222643733705192,0.09042977820399582,,,0.09306738082592039,,0.0899219494178638,0.09306621138527602,
2016-11-14,0.09059846729265673,0.09001539707893058,0.09639374324555997,0.0952699101272843,0.10347962065274485,0.09559271197237147,0.09321793131376445,0.09983404110452693,0.09299328783189706,0.10520600666773706,0.09377317911606001,0.09145519679692277,0.09088103440260212,,,,-0.2361092301572579,0.09038505514598782,0.09357184219697984,
2016-11-15,0.09020164523545073,0.08924093953978077,0.09639127746611682,0.09482039294490892,0.10272313056745193,0.09415637204089301,0.09167130715468778,0.09991405171485963,0.0920447267080156,0.10567294447769525,0.09284024542993989,0.09069074508339929,0.08973534222565424,,0.08496161735108,0.09340159134586062,,0.08923484376858917,0.09417122546489959,
2016-11-16,0.09067524577879015,0.08960729292485736,0.09670818707809442,0.0952319687061126,0.10302982513322842,0.0949723169656935,0.09270394815160742,0.09962902154428399,0.09254750775616156,0.10560301664018062,0.09347698397273639,0.0913842192356954,0.09026303912646105,,,,-0.2364696446880156,0.09017116517607845,0.09818114871230108,
2016-11-17,0.09020348031725003,0.08892774324406577,0.09635592338769026,0.09461211094470166,0.10264062468062518,0.09381298810011776,0.09223838979069784,0.09934512693759963,0.09192380527069725,0.08863000679517136,0.09297066435854295,0.09088462448839134,0.08964363908854088,,,,-0.23767501603486638,0.08960279817041754,,
2016-11-18,0.08967560668966117,0.088884735675461,0.09670567555053088,0.09487120849745126,0.10305728743216964,0.094473159101315,0.09189331538505255,0.09936043456568605,0.09141521454150063,0.0881531888012301,0.09332390635430364,0.09111361868775698,0.08934122127654771,,,,,0.09009074313390553,0.09444269671392198,
2016-11-21,0.09001325942464887,0.0886598935096791,0.09629807333737068,0.09427147117933396,0.10238706147838379,0.09439453672674228,0.09138733941010863,0.09838065903802029,0.0917773462494551,0.08773916549656822,0.0929511043447862,0.09061274956298251,0.0892056518452197,,0.08931489548998195,0.0965130241847218,-0.2391902255035162,0.08959702577912597,0.09384417427594287,
2016-11-22,0.09042659469141767,0.0887118725376945,0.09637695952986682,0.09448060749217682,0.1024113716712903,0.09384496029717018,0.09180326348696455,0.09904300903596933,0.0915005614881849,0.08783316262833889,0.09273153009064525,0.0906436304996797,0.08965873829227941,,0.09097421411407042,0.09299840583129516,-0.24040407678671435,0.08992941292193045,0.09465720642380875,
2016-11-23,0.09076595847073116,0.08970363741607992,0.09656383402360275,0.09524120546866406,0.1028735155772852,0.09536212517948485,0.09278947136849122,0.0995226130636298,0.09251505049758901,0.08859935460450286,0.09399226743733688,0.0919216068775148,0.09020548244142237,,,0.09478027808813465,,0.09022097455193101,0.093443929936657,
2016-11-24,0.09068379592753922,0.08986714312934717,0.09696560996110323,0.09475197495880851,0.10285361828517241,0.09473384149159522,0.09257496594633562,0.0999941706920129,0.09227251090436861,0.08856096565923326,0.09358450599661952,0.09149988347154785,0.09032667419191398,,,,,0.09038011106293536,,
2016-11-25,0.0912010672319384,0.09043843494289784,0.09737199918027241,0.09557241910414004,0.1042851619984789,0.09559604878611296,0.0933663401788665,0.10004511808803424,0.09311152566000384,0.08891672310850716,0.09351086985177563,0.092066949190353,0.0910433048383322,,,0.0949349434241309,-0.24155844945718355,0.09067439556425332,,
2016-11-28,0.09177351176692976,0.09020929500304176,0.09826720109182976,0.09572860541125601,0.10330385467725305,0.09555660527254957,0.0932228997619423,0.09999069697917363,0.09325952967644147,0.08879080268105047,0.09400260899602193,0.09229424434611468,0.09064846999281674,,,0.09358815542719379,-0.24272310677273998,0.09061876252082386,,
2016-11-29,0.09181194378377507,0.09088990661663165,0.09762892088415005,0.0964220434159031,0.10449370308945016,0.09631450651070576,0.09367765016613322,0.10065644816352017,0.09360868605948483,0.08896948400895878,0.09436093243144288,0.0927975938842252,0.09170983986708013,,,0.09368110907027298,-0.2450076612160343,0.0909143924085504,0.09460249168418855,
2016-11-30,0.09109920534957693,0.08996143387682988,0.09804625986905995,0.09613161575987723,0.1037557158949709,0.09624751451753033,0.09279122906155239,0.10075073764480462,0.09354546975936057,0.0892234095651564,0.0944287849420863,0.0920236052305767,0.09132043175359074,,0.09268897132347625,0.09374096890873598,-0.24406362455615307,0.09067129964144224,,
2016-12-01,0.09116478226717747,0.08967548322932617,0.09788615294218728,0.09527449942630749,0.10430704145710049,0.09458764619615853,0.0924069451090291,0.08879433651984862,0.09223861222596859,0.08932974239832853,0.09420432387986802,0.09145311965802723,0.09067547264422239,,,0.08902560488242675,,0.09023266685477727,,
2016-12-02,0.09181282742079439,0.08971224655402461,0.09813063063533148,0.09497927538788734,0.10420006817213251,0.0943991942989119,0.09252775217213235,0.0885043020729818,0.0925143773627724,0.08895555226190831,0.09398398473326534,0.091484484792675,0.09029182890318806,,,0.08817777039847594,-0.24496351125951116,0.09079105478408353,,
2016-12-05,0.09075092052695667,0.08942183548272226,0.09818987934985372,0.09513475219354896,0.10432266298667639,0.09454169603674659,0.09204982222421786,0.08837655846985684,0.09237071935677087,0.08948270234200884,0.09404253477463125,0.09124618740496594,0.09015311682488301,,0.0928638448440773,0.08839027254732539,,0.09047010572052236,,
2016-12-06,0.09000451278664082,0.08875728488000605,0.09797099762254932,0.09433061653530468,0.10377699247860515,0.09352757657655802,0.09168593066249499,0.08790395553786706,0.09107380173965696,0.08914747640675273,0.09338659643232658,0.09112356999068559,0.08985274002839837,,,0.0905430473171231,,0.08950113031125242,0.09447142028645909,
2016-12-07,0.09007312715072324,0.08845817362010845,0.09791435702500445,0.09337860925626473,0.10417939250954059,0.09321229965212612,0.0910261938248839,0.0875745162166992,0.09067583366208874,0.08950690818840609,0.0928762501470417,0.09002971312566696,0.08941677495692402,,0.09170440332817897,0.08896082292078503,-0.2492562050667722,0.08861016176264644,0.09495989938843848,
2016-12-08,0.08932804339751985,0.0877056104024738,0.09810787236276242,0.0929336753710731,0.10289144602957745,0.09210910650182427,0.09074682396013416,0.08732130373505327,0.08961232044131894,0.0884244147367473,0.09207562873596768,0.0897581336658235,0.08900092928811884,,0.09173928458652661,0.08969364401439706,,0.08824715708164176,0.09424793461650077,
2016-12-09,0.08810559276816766,0.08766102862367044,0.09708621498911714,0.09299101683211342,0.10234485039651008,0.0917533198555095,0.09028947823046143,0.08637565017590076,0.08921775532099879,0.08818644969345522,0.09128033313214767,0.08942626007275645,0.0887017434853722,,,0.09074506644581422,,0.08840149400967673,0.09412437830895933,
2016-12-12,0.0875555818473252,0.08734390143073993,0.09596417037726705,0.09165876087683106,0.10143978811381564,0.09150643504272395,0.0896595328271004,0.08518006545583225,0.0891195185409506,0.08732349162368268,0.09030563829689782,0.08884307375556853,0.0880641456270763,,,0.09097210888646445,-0.2489201987873388,0.08757874259509361,0.09326840920845836,
2016-12-13,0.0865813768799892,0.08709749591008249,0.09598960887141524,0.09096939763192918,0.10168535364683601,0.09148886035888737,0.08945199157721573,0.08496468428582282,0.08896678006661396,0.0872842858338173,0.0901171270575956,0.08893785749410008,0.08770238947687489,,,0.08784135977564701,-0.24699832611825215,0.08709614445388428,0.09332456813396295,0.09396490383344183
2016-12-14,0.08709214366378835,0.08635230776547811,0.09530026390202816,0.09077859617716615,0.1009124112236797,0.09010510495541399,0.08932213943567284,0.085406719008772,0.08890387319990696,0.08649742510792875,0.08975456497509572,0.08877452530075376,0.08739292219633911,,,0.08617162394500363,-0.25300138131977074,0.0873703354397665,0.09619373313743922,
2016-12-15,0.08710287121118247,0.0880828147463473,0.09543615927974822,0.09151097642884955,0.08682589946884849,0.09099383070339873,0.0906826678827121,0.08526622881724759,0.0897057393750872,0.08710586571559714,0.08999198985592274,0.0903563923271437,0.08884312547626591,,,0.08755365068099794,-0.2534713474211987,0.08907702483512928,0.09335297842102735,
2016-12-16,0.08815923803065273,0.08788120481371807,0.09556638239382241,0.09139400944214451,0.0866864721455585,0.09116741003623623,0.09023326026292297,0.08567394025330285,0.08900306856144001,0.08726286935044612,0.09017155965625413,0.09007120475718373,0.0883786962189376,,,0.08631132828444131,-0.2538860774374791,0.08869618716292889,0.0918886648254121,
2016-12-19,0.08773156156037558,0.08778417201516035,0.0957014818509039,0.09194512322998345,0.08717604122582456,,0.09047959720432783,0.0859836051400024,0.08948103484209052,0.08709817358685297,0.09008392573952419,0.089836588552363,0.08815685173081268,,,0.08720805916049207,-0.2551388955242259,0.08847600200423884,0.09204768537343498,
2016-12-20,0.0880967743027414,0.08766179604925635,0.09556540657820149,0.09161516393379011,0.08705753413880415,0.0916974134507874,0.09034967250907655,0.08587193860072692,0.08926384828736582,0.08695836014109941,0.090866808277348,0.08990586424878637,0.0885271773108282,,,0.08724953601647745,-0.25725451393296983,0.08823874101446323,,
2016-12-21,0.08831762931658056,0.08776130141974937,0.0958669209073076,0.09173708857372692,0.08698127386807915,0.09143832509661055,0.09038245234453769,0.08647552994291578,0.08969029438145205,0.08757141138751648,0.09067487085556947,0.09002893503101804,0.08906725664211909,,,0.08843442997133673,-0.2562634879150909,0.08825415209535797,0.09215359334054878,
2016-12-22,0.08847434337565523,0.0873087820939506,0.09583229867862283,0.09199434226916431,0.08682016323045909,0.09108580964476592,0.08952096545898423,0.08548161525622183,0.08929267038271797,0.08757610021559314,0.09099994529716764,0.0894723645636179,0.08826809258758615,,,0.08673222735560215,-0.2552741795474194,0.08834446873105306,0.09220676826578386,0.09340287615731664
2016-12-23,0.08830034262449588,0.08729529021919574,0.09586321144640596,0.09199686820473163,0.08674412072770415,0.09118577020390807,0.08980007926849626,0.08555529156800074,0.08942353029412915,0.08767104755008226,0.09103653895852054,0.08956794393915851,0.08805471216235203,,0.08402055664514216,0.08680278371192464,-0.25727462835955556,0.08772437962312235,,0.09347988724674194
2016-12-26,0.0882073887728541,0.08786085660579283,0.09611336749674237,0.09222076183168275,0.08715156308643776,0.09171284913910746,0.09023346437965896,0.08579638969472873,0.08948972803265794,0.08787892113700572,0.09170193508800041,0.08966020511682653,0.0888263159257573,,,0.08898545870805474,,0.08805821747104692,0.0926737434283914,
2016-12-27,0.08827523079973691,0.08759793960881064,0.09636398904176605,0.09216586445281641,0.08698995258111579,0.09176781237371644,0.08970429425813571,0.0860600715933058,0.08953428443649106,0.08779140681037316,0.0917660681350936,0.0897562092607418,0.08820330386029052,,,0.08670438563434799,-0.2592180594175438,0.08795461852603759,0.09247359541300049,0.09378932601998423
2016-12-28,0.08819011253952166,0.08630019323331001,0.09665964210618835,0.09158984139178108,0.087147757829426,0.09178867987386116,0.08899771386303025,0.08576924479152424,0.08958803509033375,0.08785428788509189,0.09024813587138791,0.08917463096469712,0.08782335011590471,,,0.08707892754812561,-0.25908930340704805,0.08791558596206468,0.09482722069541652,
2016-12-29,0.08735562753595083,0.08617878879242209,0.09596809823196996,0.09027355779660151,0.0871770310406771,0.0911516211662328,0.08919410592011372,0.08584693307090609,0.08863663660357224,0.08796758300463912,0.09031381766250307,0.08916627212548275,0.08719644613418816,,,0.08722825661318374,-0.2599686704295774,0.08749114011305893,0.09154170904129037,
2016-12-30,0.08787462694192145,0.08676150981755318,0.0963876715688378,0.09095801681873507,0.08692932293313958,0.09150419053820542,0.089555663518194,0.08537124081371457,0.08923125999165074,0.08731961241016753,0.09051281845820129,0.08935302743127498,0.0884819555174338,,,0.08404339183834596,-0.2626637591594651,0.08694270540966687,0.09033846827064113,
