TRADEDATE,tau1,tau2,beta0,beta1,beta2,beta3
2016-01-04,23.809065800852817,17.400125163932493,1.8044473973889756,7.163004882461619,9.313954735714729,0.0289292166881426
2016-01-05,23.809393409773936,17.400125148907748,1.8225716160528995,7.177946486962224,9.316223605360918,0.03141990404625335
2016-01-06,23.80913422827381,17.400125317108035,1.6914372667536188,7.067342826483248,9.298560161398179,0.009603327354826854
2016-01-11,23.80957103735042,17.400124973413465,1.9085547105779872,7.24872493740317,9.329347144203977,0.047636939329584495
2016-01-12,23.809414415136374,17.40012468788573,2.144737073442153,7.454076380090756,9.356645214275634,0.08199132173996919
2016-01-13,23.809672279465794,17.400124682422728,2.1596168255368258,7.464994748481824,9.359741581200138,0.0855795695834298
2016-01-14,23.809505447144087,17.400124333605092,2.1431286055354284,7.4514478339140275,9.357417004700853,0.0828533759199733
2016-01-15,23.809533690317483,17.400124491820492,2.101059685697063,7.415856152975118,9.351660079066319,0.0756247797870043
2016-01-18,23.810062807986597,17.400124372647777,2.2809462069013287,7.5649137969993605,9.378003877973832,0.10799066535094987
2016-01-19,23.809884124925574,17.40012418040603,2.2008275110368363,7.497911589079014,9.36673455402418,0.0940909415133281
2016-01-20,23.81005313319169,17.40012411583947,2.3710372619243314,7.6416415288140875,9.389774295201356,0.1227290027530001
2016-01-21,23.809834144789665,17.40012424680883,2.3528687957594925,7.62859389555741,9.385580490193073,0.11773236833536006
2016-01-22,23.809957234363683,17.40012448879609,2.2174498415665265,7.511584448285544,9.36921674778439,0.0971136808358116
2016-01-25,23.809738891160134,17.400124376083138,2.142781037541238,7.4498094705465645,9.358196326899213,0.08357125785885071
2016-01-26,23.810016398379588,17.4001245629326,2.1891863532850633,7.487100048625644,9.365803734968873,0.09277729224865727
2016-01-27,23.809953390755776,17.400124702301884,2.1240729968575813,7.43175805220151,9.357311130016827,0.08221762248378157
2016-01-28,23.80994319669492,17.40012480773489,2.0663753483053333,7.382034715423889,9.35032258103472,0.07347999310476401
2016-01-29,23.80969149697762,17.40012484932606,1.9800388775638533,7.313485713120489,9.33501119026819,0.05461945731125484
2016-02-01,23.81024505430986,17.400124238038853,2.1638499688731803,7.461797993769507,9.365476419447065,0.09209768999925788
2016-02-02,23.810262477333175,17.40012402215624,2.227328355523139,7.516057289448262,9.37355975440405,0.10219388918079195
2016-02-03,23.8102747165728,17.400124008315696,2.235671147938612,7.521648401981577,9.375977285102696,0.10519884749670755
2016-02-04,23.810199354033774,17.400124137295627,2.179721450512593,7.474114386394483,9.368697900172243,0.09616953746454841
2016-02-05,23.81027293703869,17.400124049621493,2.218146615898241,7.508926090026652,9.37175009423245,0.09991400088848297
2016-02-08,23.81018135825612,17.400124081799962,2.209733651995423,7.500432186379792,9.371966184127977,0.10028282396545014
2016-02-09,23.810265705029416,17.400123839141553,2.2696092482849552,7.550770277898936,9.380223632721796,0.11052420671691114
2016-02-10,23.81048231031989,17.40012409139587,2.1908339241100125,7.482697538909826,9.3704657839093,0.09807995115117084
2016-02-11,23.810908397513447,17.4001238184931,2.271733430729909,7.548355029078585,9.383250192476414,0.11359784262796357
2016-02-12,23.810688811955174,17.400124008550858,2.23367095596751,7.51862154429851,9.376210931952057,0.10505012980301878
2016-02-15,23.81049336002293,17.400124066138922,2.225108249568584,7.515235742357387,9.371934443684093,0.09992272076400985
2016-02-16,23.809995250936865,17.400123237778374,2.451298426955286,7.712417420593836,9.398155049507464,0.133305752872636
2016-02-17,23.810608628066745,17.400123654854443,2.296454255228793,7.573356239851537,9.383431581582268,0.11416827129784762
2016-02-18,23.810711621517086,17.400124322858677,2.116277588910779,7.4187910906304,9.360770739836289,0.08568758364357888
2016-02-19,23.81069917369132,17.400124147438685,2.154151181633582,7.450404012560858,9.36631255204293,0.09263007625334144
2016-02-20,23.811096617466664,17.400124302015186,2.131934808235823,7.4290902825893586,9.364922651056236,0.09044833187051313
2016-02-22,23.812011116503882,17.40012468179729,2.0999592698170533,7.392298439099277,9.367850051162822,0.09306687140613085
2016-02-24,23.810882140393677,17.400124409908127,2.0626094822540337,7.368555612801957,9.357546822191406,0.08144273904584212
2016-02-25,23.810523308548216,17.400124704418886,1.9973162675407847,7.318229521614827,9.344879954412077,0.06600722384482349
2016-02-26,23.810457218326444,17.400124752751683,1.9669955839302462,7.2928659959154185,9.340615601421868,0.06074562243728742
2016-02-29,23.810421165184263,17.400124828932242,1.9562614991262854,7.283905447184875,9.339110482790222,0.05890203865159778
2016-03-01,23.810175421342052,17.400125073430917,1.8239499540431594,7.172198383215401,9.3213662379398,0.03696688635424884
2016-03-02,23.809967249077506,17.400125146447657,1.7894500325230678,7.145469901706638,9.314828703659312,0.02902404705493272
2016-03-03,23.81009249529631,17.40012522769175,1.7408548507204575,7.101249585414986,9.310802282475215,0.023842030512914558
2016-03-04,23.80992635195978,17.40012525195648,1.7348739716841464,7.099472318458963,9.307337316992337,0.019698193868579364
2016-03-07,23.809608208629168,17.400125329766205,1.6631306760152504,7.038590592022273,9.298270055978366,0.008701814953977519
2016-03-09,23.810027447073928,17.400125259009585,1.7306421625215969,7.094476512777417,9.30787716497142,0.0202536713850839
2016-03-10,23.80981899436322,17.400125318517127,1.689911201428202,7.0624342619828155,9.300518606655038,0.01128924451756168
2016-03-11,23.809764692172685,17.400125308653234,1.6805611851326991,7.054752595083464,9.299130704283012,0.009613599725125202
2016-03-14,23.809976629865275,17.4001252800412,1.7129247695437624,7.078697566815933,9.306240506469114,0.01826495364417418
2016-03-15,23.810240379974132,17.400125140870607,1.7997182535126988,7.152999164806224,9.316819043892767,0.031214699975997604
2016-03-16,23.81021807069145,17.40012528990905,1.72069855592233,7.084959684559028,9.30720816372929,0.019207785018921397
2016-03-17,23.810066599428403,17.400125483044974,1.4776244147907704,6.877839133697538,9.275835989732117,-0.01988887144604734
2016-03-18,23.809696959869772,17.400125441291614,1.5437644160033648,6.9378710041372935,9.281731619809477,-0.01208870614737054
2016-03-21,23.809944627166207,17.4001254012235,1.5673496162857103,6.956058511125619,9.286111976933524,-0.00688483814322249
2016-03-22,23.80977961890898,17.400125413987396,1.5652484969501808,6.955616630842714,9.284897373067054,-0.008219989145847307
2016-03-23,23.80950875665238,17.400125362612545,1.6267857324950692,7.00851233390391,9.292916052453364,0.0021097913154353165
2016-03-24,23.80997617004079,17.400125332881412,1.6757029410616004,7.048896074831773,9.299707616813768,0.010094276208159302
2016-03-25,23.809747111672532,17.400125361324143,1.6522665424005705,7.030834375104008,9.295317822687831,0.004858393500392003
2016-03-28,23.809908084606494,17.400125386510183,1.6509774919333446,7.028387844946658,9.29609703060507,0.005653448422575669
2016-03-29,23.809982663780303,17.400125337780565,1.674974177175219,7.048291492227035,9.299588159866655,0.009937807544230341
2016-03-30,23.80984158429969,17.400125407159866,1.6117101599194563,6.995303398183305,9.290759768137033,-0.000951696270072658
2016-03-31,23.8098077890483,17.400125416917746,1.590602387732219,6.975362706902897,9.289798362119996,-0.0021233877950788487
2016-04-01,23.809123633247314,17.400125366334198,1.6229859850231387,7.007523466071563,9.291021601785104,0.00016722340433439342
2016-04-04,23.809808887214324,17.40012541212856,1.6059860706954614,6.99035734888985,9.29012968624447,-0.0017058319979063436
2016-04-05,23.81054094373485,17.400125356120334,1.6159961979915898,6.991330705246616,9.297002514897708,0.006070817437128763
2016-04-06,23.810280042403026,17.40012529850804,1.684661809825513,7.053686765240473,9.30294373885088,0.013795910225744445
2016-04-07,23.81043102457917,17.400125157071678,1.787903131547645,7.141136506523265,9.316596617605883,0.030716087306700425
2016-04-08,24.150213129199507,17.400139093702624,2.6223087674096988,5.159079905870713,11.296243243139896,2.128450572268252
2016-04-11,23.81032072232895,17.400125379502942,1.6805640361864513,7.049548185330667,9.302920573747066,0.013720939575773018
2016-04-12,24.10217997097617,17.400432022662276,2.4517768190536846,5.385696344656947,11.015320366614661,1.8286560131905767
2016-04-13,24.116699912934415,17.400167102372535,2.5133413873762236,5.334228970163963,11.094245187869918,1.9120011129621681
2016-04-14,23.81017143413086,17.400125266082004,1.7253969467470756,7.089883383771374,9.3070852533521,0.01910427863557542
2016-04-15,23.810249462449995,17.40012527351009,1.6731614426082075,7.043648733237133,9.301708582471893,0.012282212543351748
2016-04-18,23.810327503348724,17.400125240563813,1.702655224018244,7.068369669512873,9.305785072693228,0.017298049544692638
2016-04-19,24.135350445570158,17.399963965319074,2.5551327673843476,5.134852749925884,11.276609331388785,2.115953078463617
2016-04-20,23.8101060895288,17.40012539170017,1.6348533856211527,7.012267901263243,9.295824776848526,0.005081600382151615
2016-04-21,23.81008366248931,17.40012530987117,1.6834067391379757,7.0544360620751645,9.301467516771035,0.012170074185987813
2016-04-22,23.810042686170043,17.400125270449728,1.7003235180271488,7.069429988873088,9.30321380089797,0.014403447073074713
2016-04-25,23.810215294667113,17.40012533702287,1.6671275520387243,7.038847668881147,9.300677217602784,0.0110289761230517
2016-04-26,23.81021978321573,17.400125294943233,1.6739271556600523,7.044636704744437,9.301558347159249,0.012127004020768122
2016-04-27,24.120499876413017,17.400330666044724,2.495682764107785,5.31652010518406,11.087541872539285,1.8984143955134116
2016-04-28,23.810198346556213,17.4001252457951,1.7474712701380233,7.106418438550232,9.311964784912913,0.025160878109391736
2016-04-29,23.809900193545293,17.400125442168605,1.543349568473853,6.934022545294482,9.28447562040188,-0.00889259545535671
2016-05-04,23.809916228352087,17.40012542023319,1.587080436919746,6.971324123428975,9.290105213857851,-0.001865656721017247
2016-05-05,23.809947024659042,17.400125445961812,1.5861685398470484,6.9699982175645445,9.290430370009252,-0.001495923396194153
2016-05-06,23.809775149900236,17.400125385178036,1.5994335167469862,6.985189551731742,9.288968832795973,-0.003123159834215333
2016-05-10,23.809465264303213,17.400125431797782,1.56385863049941,6.957668765801248,9.282324344934098,-0.011083095114379382
2016-05-11,23.809486579465073,17.40012548655894,1.467545798729336,6.872893103604663,9.272164488511336,-0.023827929876095753
2016-05-12,23.80926786120901,17.400125482110678,1.508863003235254,6.91170815380753,9.274682411917492,-0.02042930547369529
2016-05-13,23.809154646444888,17.400125461096188,1.466329098684064,6.876912856157873,9.268034563060006,-0.028617113193768227
2016-05-16,23.809281070971327,17.400125495683227,1.4405412532950765,6.8512676008186055,9.267743161290829,-0.029132176002460763
2016-05-17,23.80924844683904,17.40012551838082,1.4315049031809446,6.845377373871923,9.265020245336732,-0.03250067793594362
2016-05-18,23.80912970165025,17.400125502517206,1.501570328034258,6.907289993521074,9.272346128898047,-0.023192726444017094
2016-05-19,23.809123633247314,17.400125366334198,1.6229859850231387,7.007523466071563,9.291021601785104,0.00016722340433439342
2016-05-20,23.809386751375,17.400125457923473,1.5345765220434036,6.931852267331622,9.279421433354006,-0.014639225819034839
2016-05-23,23.80911088529953,17.400125441663917,1.5114176879972159,6.915764593200984,9.273582793555642,-0.021624956242430878
2016-05-24,23.808826724133475,17.400125324198555,1.6470256961630239,7.031882117506631,9.291129279765473,0.0006543470175543252
2016-05-25,23.809079064710488,17.400125498856134,1.4970014727394128,6.90393374850057,9.271351707282653,-0.0243791519827051
2016-05-26,23.80901844940622,17.400125480662698,1.5067722617231527,6.912987219986835,9.272064972797754,-0.023416040672079808
2016-05-27,23.809184328928318,17.400125477095376,1.4853329468422038,6.890694953921628,9.272594662379557,-0.022949484484082256
2016-05-30,23.80916028198859,17.400125470134395,1.489061905257121,6.894209096303894,9.272816243596157,-0.022644028659030778
2016-05-31,23.809195266998863,17.400125468627586,1.4791537831223656,6.885427822076781,9.27177480031673,-0.023986932570756833
2016-06-01,23.809047983837782,17.400125372525025,1.6340540864201416,7.019843847487662,9.289982672764387,-0.0010281196770456854
2016-06-02,23.809090000881152,17.40012539442824,1.5956780238214767,6.9888984010942865,9.283381520283488,-0.009333030832837645
2016-06-03,23.809100154074258,17.40012544937342,1.5226554442882922,6.924287707676711,9.275981766035011,-0.018609557177323086
2016-06-06,23.78903989840285,17.397932842255265,0.9725563348314168,8.00610677886547,7.861259400322511,-1.7497697871203255
2016-06-07,23.808528627328442,17.400125488227562,1.3889220318832947,6.814902486866955,9.255399884623477,-0.04371820044107354
2016-06-08,23.808619101704725,17.400125449634974,1.347193375707886,6.777740251491779,9.251264468833014,-0.04899986286182518
2016-06-09,23.80869221939891,17.400125464068523,1.3559427383831721,6.7845926610084675,9.252825216404197,-0.047129032037544795
2016-06-10,23.75061195937302,17.398198837476993,0.8979019915529189,8.028956827270418,7.835484747493021,-1.738100215021723
2016-06-14,23.80865405961995,17.400125441355378,1.4850638288320634,6.897248544738633,9.267347220237511,-0.028908860096564026
2016-06-15,23.808743901027714,17.400125491416034,1.3847842184323076,6.808641328453697,9.256966699834754,-0.042005885076419815
2016-06-16,23.808520339339328,17.400125489314117,1.3984249587914888,6.823032587174012,9.256618224131413,-0.04218393439062753
2016-06-17,23.80854170405541,17.400125456585428,1.41602122260325,6.837399887892781,9.259437031033137,-0.038685042894076066
2016-06-20,23.80837900714594,17.400125454817566,1.320952438355819,6.757541214005761,9.246300811101548,-0.054939855089913565
2016-06-21,23.808415644119787,17.40012546283838,1.35208128556927,6.783533062130158,9.250770332327242,-0.0493906834357689
2016-06-22,23.808338894754495,17.40012546305318,1.3628924633418202,6.795333602251742,9.250003599222108,-0.050259582475943344
2016-06-23,23.808350259107144,17.40012545945925,1.3398995285646704,6.775520224833085,9.247191184494497,-0.05379167354274523
2016-06-24,23.80866536044978,17.40012544484377,1.3433782158462626,6.773286410021168,9.251773767699586,-0.04842091887578973
2016-06-27,23.80834453319335,17.400125475606924,1.2870687170666222,6.728632061931011,9.24198016411997,-0.06030900224027222
2016-06-28,23.808405670872503,17.400125451933075,1.299561426917022,6.73982167875461,9.243044565444569,-0.059048470990267485
2016-06-29,23.808192747839133,17.40012540758412,1.2664835873181064,6.711829726442215,9.238888779142156,-0.06401133338934377
2016-06-30,23.808097662864135,17.400125332959735,1.2254082064646126,6.6792462733306,9.231549932817027,-0.07308261588303445
2016-07-01,23.808026014463355,17.400125369672594,1.1734436613860297,6.633884342033867,9.225857273037478,-0.08012912767919186
2016-07-04,23.780939856669526,17.39647489747262,0.7686266558179802,7.882338341255026,7.815421758746373,-1.7891850676097907
2016-07-05,23.808261384440648,17.400125417958776,1.234764207328372,6.684411880926029,9.235000115541167,-0.06895236854132883
2016-07-06,23.80864947687347,17.4001255226705,1.3868440452508572,6.810337743784665,9.257456701885811,-0.04129914603416235
2016-07-07,23.80800199819311,17.40012539489298,1.2302035993401093,6.683452269589034,9.232198704457417,-0.07215949362253823
2016-07-08,23.807943927746805,17.400125365752224,1.2331704865759225,6.6865607531269005,9.232157327804511,-0.07214526093224169
2016-07-11,23.80804902501023,17.400125374326944,1.22267727591931,6.677071948161742,9.231110672049091,-0.07356914445641276
2016-07-12,23.777944214057484,17.395840795211136,0.7083076220759856,7.968544689187662,7.69456799526109,-1.934421508716782
2016-07-13,23.80827479030235,17.400125414279234,1.2494528965427951,6.697331524593254,9.236526822826665,-0.06705305253076514
2016-07-14,23.80795465915361,17.400125397639762,1.237366062032085,6.689635142564534,9.23312765398424,-0.07094344823488791
2016-07-15,23.808278399841424,17.40012544049101,1.245666435348063,6.693868255905483,9.236240646528302,-0.06741652094571113
2016-07-18,23.808245735882274,17.40012542664564,1.2544346236962205,6.701742985289434,9.237072814400944,-0.06633799898213512
2016-07-19,23.808187384170363,17.40012544707231,1.2583333355952906,6.705629435742992,9.237169461034396,-0.06615155115093381
2016-07-20,23.80818399549492,17.400125442889756,1.272862038487943,6.717737980078651,9.239311461356191,-0.06347069290981222
2016-07-21,23.808140360945746,17.400125040124095,1.3021231221232,6.745602805016244,9.24058402456027,-0.06181892881837775
2016-07-22,23.808332684967194,17.40012543841005,1.3133017839160364,6.751014928340789,9.2453935724856,-0.05602814942391418
2016-07-25,23.808533564790125,17.400125469569936,1.3015385184742763,6.7386326649992165,9.245652783049572,-0.05593351545202468
2016-07-26,23.808499554084275,17.400125531335796,1.2894151999587862,6.728802054668572,9.243681352618298,-0.05836002196859353
2016-07-27,23.808589665766675,17.400125419553394,1.3028546916636665,6.739470468590886,9.245986148589054,-0.055577497439617395
2016-07-28,23.808558040616727,17.400125378755607,1.2735341844366082,6.714662299709285,9.242065161802655,-0.06044855315473706
2016-07-29,23.808385818532585,17.400125423933233,1.2555578183654583,6.7013065588948955,9.238246790381979,-0.06502959624551044
2016-08-01,23.808281183739343,17.400125449640925,1.276198614600093,6.722190790962295,9.238165990539287,-0.06500452472339333
2016-08-02,23.80835475471908,17.40012543439172,1.2605338236278374,6.706251343773563,9.238309654803851,-0.0649119209046513
2016-08-03,23.808260816735746,17.400125515908265,1.3530677717640023,6.788046822603953,9.247878191528683,-0.05282796179927541
2016-08-04,23.80830666368109,17.400125381764543,1.335087687199822,6.771795594438317,9.246301149479052,-0.05485706119376992
2016-08-05,23.808387321557486,17.4001254607101,1.3561047583873114,6.788672969206778,9.249830189105644,-0.05053465576605079
2016-08-08,23.80809485208691,17.400125409253288,1.2858549203537555,6.731848659694963,9.238433825548142,-0.06445827100793888
2016-08-09,23.80826552574936,17.40012536339153,1.2834413097874404,6.727831561224088,9.239605787807095,-0.06318862650891607
2016-08-10,23.808683963103764,17.400125460601586,1.2864723624659724,6.725510224584186,9.243699201265876,-0.05853790341528457
2016-08-11,23.808721254428836,17.40012542462105,1.3355769718056492,6.76863971227431,9.248895937684505,-0.05207556912340836
2016-08-12,23.80870506199932,17.400125463723494,1.359920015737845,6.78972220829328,9.25178240646026,-0.048443838893780906
2016-08-15,23.80880472132859,17.400125431257653,1.3277135380119607,6.759422784532115,9.249975575673115,-0.05082359453520499
2016-08-16,23.808645117074242,17.400125442837208,1.2796935548980701,6.720437979968877,9.242247378981478,-0.060307396778744284
2016-08-17,23.80875510758091,17.400125475962465,1.340318631152794,6.77082644303006,9.251097219987052,-0.0493612453985602
2016-08-18,23.808691240038087,17.400125440635623,1.3085493618927007,6.7443366381673755,9.246543661485058,-0.05498552616764414
2016-08-19,23.808657981066318,17.40012545100718,1.3173746219288551,6.753916616663663,9.245920851528094,-0.055723747421046334
2016-08-22,23.80861563272192,17.40012544569502,1.3302857458802069,6.765549530925599,9.24710062472945,-0.05419724598519385
2016-08-23,23.808628897010998,17.40012545272367,1.3375490016732554,6.771096678250315,9.248604697156615,-0.05233595058556239
2016-08-24,23.808597734613233,17.400125447369113,1.2988056495981566,6.738676618454389,9.243083674483017,-0.059206908153922794
2016-08-25,23.808546801190875,17.400125441581206,1.2588833311801755,6.703199736722075,9.23925275987539,-0.06394519438204996
2016-08-26,23.808442176143945,17.400125315303708,1.2248518469517595,6.677459326982593,9.232089603365807,-0.07277971157780741
2016-08-29,23.808626094696468,17.400125432093173,1.2536883531521998,6.697956927989054,9.239184617779053,-0.0641219655332861
2016-08-30,23.808472754867886,17.400125351282608,1.2391608388508555,6.688992169098392,9.23449588378976,-0.06980716015330979
2016-08-31,23.808576631318,17.400125374296913,1.2117520931898667,6.662261142665296,9.23377472729695,-0.07083787205615207
2016-09-01,23.80857199367905,17.400125368260706,1.267138422564102,6.711312220543309,9.239341641869942,-0.06386204623792581
2016-09-02,23.808611105340194,17.40012540718466,1.1831746334960325,6.637647710869868,9.230235332719664,-0.07530421747140144
2016-09-05,23.808500587346874,17.40012535670295,1.1985707588427863,6.653221742646677,9.230237326747032,-0.07517556089374537
2016-09-06,23.808563225467985,17.400125316038235,1.152790437879983,6.611540166353582,9.2265536000721,-0.07986082896146132
2016-09-07,23.80837287742755,17.400125268417636,1.1390706342208918,6.6031117924626175,9.222172836367111,-0.0851252931336089
2016-09-08,23.808400865157722,17.400125303504993,1.085160938469502,6.554901655461812,9.21713203831708,-0.09146928126662594
2016-09-09,23.80840761183603,17.400125309241,1.1475014666228003,6.610462889442695,9.223058836307208,-0.08405041434395208
2016-09-12,23.808419383924395,17.400125233716285,1.1211068518579406,6.586075608853875,9.221287712843788,-0.08628453467671682
2016-09-13,23.808568756286352,17.400125369722293,1.1844154809841783,6.63808324636259,9.231024891635691,-0.07427637022846809
2016-09-14,23.808534429877525,17.400125351609574,1.209250769626376,6.661137345989939,9.232633040039941,-0.07222165072740028
2016-09-15,23.808586867899223,17.400125361315098,1.1499929605701087,6.608502335811045,9.226740476798216,-0.07965767681766879
2016-09-16,23.808605107302103,17.400125416175886,1.2157232093903478,6.666552499466126,9.233454093491298,-0.07127194412198237
2016-09-19,23.808454978851536,17.400125384163662,1.2242249798974618,6.675451272285697,9.233309376852239,-0.07127766360567626
2016-09-20,23.80862420321889,17.400125413620177,1.2700742483667726,6.713259642182044,9.240139597484935,-0.06292467081912927
2016-09-21,23.808413334078665,17.4001253315104,1.1798699610463335,6.636554378947239,9.228575928763508,-0.07715604778635636
2016-09-22,23.808546560884757,17.400125383170053,1.1662463835481975,6.623115651079744,9.228233374245379,-0.07774095882393456
2016-09-23,23.808483647558617,17.400125359545953,1.2359091408766947,6.684896183744086,9.23524752396803,-0.06888924711410263
2016-09-26,23.808445040149042,17.400125400378133,1.231513113659811,6.681015588811068,9.23485921676373,-0.06933560528984099
2016-09-27,23.808597813036556,17.400125404796388,1.2397811675306147,6.687545954213046,9.236150895936584,-0.06788569900794592
2016-09-28,23.808556007152095,17.40012544490453,1.2060700859801954,6.657031709698865,9.233408858740553,-0.07127351665701909
2016-09-29,23.808567855865565,17.400125408363607,1.1807218441004128,6.635354613769727,9.23016218372593,-0.07534879291327232
2016-09-30,23.808643882770756,17.400125378584438,1.182502317265724,6.636382453253673,9.230716029756728,-0.07474271147173372
2016-10-03,23.807883551071658,17.40012523208555,1.1304949764171761,6.5996840280893165,9.218370346517952,-0.08933537206994865
2016-10-04,23.80785152115065,17.400125282374468,1.1328593983034565,6.601913136972352,9.218533857251309,-0.08909378585157933
2016-10-05,23.808371846487596,17.40012544194141,1.2571909028856825,6.7034648185219154,9.237815273566287,-0.06555730030412348
2016-10-06,23.808337824865692,17.40012545241558,1.2548209646999142,6.700037007284469,9.238804461987009,-0.06428531289528773
2016-10-07,23.80836375819654,17.40012542513546,1.2685633931484461,6.713260262259282,9.239214591704947,-0.06379745079967473
2016-10-10,23.80784435841899,17.40012538243535,1.250782609197209,6.702355175919972,9.233932834678225,-0.0698233987275762
2016-10-11,23.807920668534855,17.400125390666965,1.2907604059425841,6.7359880308655,9.239402368830534,-0.06306594766429313
2016-10-12,23.8079909185491,17.400125426753366,1.2814017637518293,6.725366488650992,9.240422117801792,-0.06187431258370698
2016-10-13,23.80798859918147,17.400125254326746,1.318340718226225,6.758729639349193,9.243562736634555,-0.057936527742830014
2016-10-14,23.80794951128148,17.400125412254685,1.2463480303679086,6.695639783909627,9.235802654396773,-0.06760977625172013
2016-10-17,23.808130387469717,17.400125480164128,1.3483413206147905,6.782999638821946,9.248399032394552,-0.05204839458335972
2016-10-18,23.808227292342615,17.400125434310905,1.3742055781748121,6.804399427451742,9.252176423626407,-0.04742806516625236
2016-10-19,23.808115093603455,17.400125423558276,1.3277719506834282,6.765706853393495,9.245532537322593,-0.05561499408998182
2016-10-20,23.807828383599116,17.400125424418693,1.2740161690238627,6.722551076324192,9.23662941206811,-0.06643208846559948
2016-10-21,23.8081310152548,17.400125429332668,1.277298185520732,6.722237186955694,9.2393576225258,-0.06336262952330136
2016-10-24,23.807892335993788,17.4001253989149,1.2334962025525378,6.685250315270472,9.233715953282896,-0.07015454325655937
2016-10-25,23.807916648625724,17.400125412000744,1.245017013015468,6.694951340845167,9.23528115080811,-0.06822357367865432
2016-10-26,23.807924223850442,17.400125427695112,1.2954465895257679,6.73972472047056,9.240235290299424,-0.0620293230574423
2016-10-27,23.807973523238186,17.400125469570845,1.3051352709743278,6.7456287442191805,9.243502113621547,-0.05800167854892243
2016-10-28,23.808163206884956,17.40012544931205,1.3321097556728623,6.766877895402714,9.248261892237892,-0.0522605102879524
2016-10-31,23.808224986503987,17.400125472074414,1.3692552864249081,6.800153255883769,9.25156456345187,-0.048192815340278236
2016-11-01,23.8082332423808,17.400125467022832,1.3644665027305296,6.795916961382412,9.251067515168192,-0.04882446877272506
2016-11-02,23.808368689209388,17.400125478807553,1.393717202909298,6.818010280343066,9.25716927793385,-0.041344463334001054
2016-11-03,23.8083025203571,17.40012548477734,1.384580049809169,6.812415994612481,9.254146626492021,-0.04505035066909873
2016-11-07,23.80789129207983,17.40012527089877,1.2355635292385703,6.689825738498751,9.231475471298523,-0.07294046334517344
2016-11-08,23.808211545595253,17.40012548095817,1.2857012599851678,6.726447125995237,9.242939991571985,-0.058976383599977214
2016-11-09,23.80823524629452,17.40012547896553,1.3260878748181535,6.761024516527245,9.248011620101318,-0.05265605414746711
2016-11-10,23.80832007823981,17.400125445105978,1.3347954147990553,6.770824304222243,9.246885041267124,-0.054143859751600604
2016-11-11,23.80878464454406,17.400125462606056,1.48460801234043,6.8917581621551465,9.271644709376123,-0.023703088712818454
2016-11-14,23.808697293750438,17.40012545876033,1.5014593745206988,6.909049984413393,9.271369184083248,-0.023942739883469254
2016-11-15,23.80855582550297,17.400125488902525,1.4058482017511014,6.827054840639231,9.259601438959232,-0.038508579221647576
2016-11-16,23.808635582542927,17.400125467910758,1.4937799934763785,6.903109924093982,9.269926680852736,-0.02567694534743112
2016-11-17,23.808542699389093,17.40012550078462,1.4509132845744173,6.867292591870325,9.263865816207232,-0.033157323298370525
2016-11-18,23.808714901104022,17.400125484546695,1.4328730044705966,6.8484242192783,9.264352685738938,-0.03274670555228097
2016-11-21,23.808584480200125,17.400125465434524,1.4312275115811526,6.8499690100027735,9.261724033161295,-0.03588325046284187
2016-11-22,23.808657008450496,17.400125492274856,1.442160111986707,6.85843848161951,9.263788811253276,-0.0333831590532854
2016-11-23,23.80876739695061,17.400125474579855,1.451160517922742,6.863302798668797,9.267278649707238,-0.02914654832849957
2016-11-24,23.80870624181803,17.400125483645446,1.4451819220597284,6.858841690043207,9.266029741819311,-0.030638961662543644
2016-11-25,23.80872525122876,17.400125448660287,1.5013576352206126,6.908518322715457,9.271708177464658,-0.023550831907209965
2016-11-28,23.80872588397757,17.40012546920979,1.4928374330500236,6.901177428183339,9.270671022639956,-0.0248496658624219
2016-11-29,23.80879043846283,17.40012545485605,1.5092158126723756,6.91452139345735,9.273247832412792,-0.02169905245393002
2016-11-30,23.808708567888367,17.400125452890794,1.495811684532793,6.903882131571472,9.270930238708315,-0.024504656954931772
2016-12-01,23.808691176167954,17.40012549472894,1.4426739802357318,6.856828637548864,9.265616702493897,-0.031138849080441122
2016-12-02,23.808704384238435,17.400125444785264,1.4648953992836633,6.877596874045618,9.266864991304418,-0.02958724864854023
2016-12-05,23.8087210481193,17.400125461846155,1.434247617873615,6.8493816399595895,9.264710670904474,-0.03230580058408478
2016-12-06,23.808634391067653,17.40012549170617,1.3878358006322575,6.810270092657173,9.258424924817612,-0.04007656902235526
2016-12-07,23.808490108379047,17.400125464766404,1.3977022331485334,6.821695929824406,9.257252489727984,-0.041375932943645555
2016-12-08,23.808525280412862,17.400125480242146,1.3547970015307675,6.7829420311000765,9.253562086155535,-0.046038385326938665
2016-12-09,23.808498895257276,17.400125478414115,1.320880419316597,6.753930990402039,9.24929148333716,-0.05135448801682315
2016-12-12,23.80834960115922,17.400125476280294,1.302830556475463,6.741313190122112,9.244728181167904,-0.05689411464853782
2016-12-13,23.808380355182813,17.400125485281848,1.2851544523051117,6.7255331408115975,9.243022634367694,-0.0590655961482827
2016-12-14,23.808351787272994,17.400125476359577,1.2767747692027913,6.718741974166674,9.241664220871078,-0.060732009974698846
2016-12-15,23.80863837811097,17.40012548935115,1.3305455101819912,6.762090095050893,9.250414775543632,-0.05010691270535368
2016-12-16,23.80858874195272,17.40012546340373,1.312444120917671,6.747085692739379,9.24776408364048,-0.05336793943671218
2016-12-19,23.808434793122018,17.400125470913803,1.307280634327904,6.744136460188252,9.246036214534838,-0.05535428176612855
2016-12-20,23.80841891043295,17.400125453512405,1.3032960439619354,6.7407981577295475,9.245492701136913,-0.056017123390917516
2016-12-21,23.808497988572643,17.400125479045133,1.3108613858425027,6.746527794647967,9.246994671016436,-0.054228117732617806
2016-12-22,23.8085335210771,17.400125444609962,1.287805405253566,6.7263933861126475,9.244373781859407,-0.05754767117015217
2016-12-23,23.808348493516014,17.40012542965696,1.2657406105284288,6.709669814455776,9.239929996469476,-0.06289266048056706
2016-12-26,23.808487601916692,17.400125470658896,1.2793531058628267,6.7178865998271995,9.244496601124032,-0.05734580645709418
2016-12-27,23.808485803979277,17.400125469149028,1.2843456412026502,6.7237403657872585,9.24373582910075,-0.05829283380616216
2016-12-28,23.808381199193366,17.400125439722597,1.2674133007987787,6.710528285527807,9.240610520072305,-0.062083042717684396
2016-12-29,23.808392142507287,17.400125418520982,1.2430031251947535,6.689378345052262,9.237734163099391,-0.06569717997441185
2016-12-30,23.808353410690682,17.400125426497425,1.2470494567958095,6.692744451463945,9.238395237896926,-0.0648290104524463
