TRADEDATE,tau1,tau2,beta0,beta1,beta2,beta3
2016-01-04,25.413419661774004,0.9433963430919934,5.7261335135885325,1.082442334396942,-1.2270119608145085,-8.00455102751805
2016-01-05,25.41634817711148,2.819596989314431,6.421569808511652,1.6139118159002765,-1.1371353150137589,-7.876166648299998
2016-01-06,25.817208392925846,4.2163309609586825,10.267929668614217,-1.9367759553404005,4.073961742845387,-12.819577070499845
2016-01-11,25.87339072390445,4.044946962402087,10.439908017359901,-2.7143102942330204,4.780186814460123,-12.473835861926936
2016-01-12,25.401709326928625,3.0130163427443364,6.478064885146156,1.914689694257411,-1.311693055835786,-7.62952859394297
2016-01-13,25.406176436988513,2.9523804840143546,6.505655289385398,1.8692006203699574,-1.2590535624088208,-7.682505662817179
2016-01-14,25.411833473533765,2.81889930846569,6.473910010422118,1.7612538573597016,-1.1999871084972207,-7.782462501872298
2016-01-15,25.419842780245634,2.567954154002514,6.596472121762155,1.7785897635828325,-1.1134209484130158,-7.840225200645746
2016-01-18,25.4258353298061,2.5458605442889337,6.5741118972287325,1.6356565014178506,-1.0332882944287418,-7.934896307530749
2016-01-19,26.087463881444332,6.019667861892358,12.911301585391584,-4.6465415496553,7.621792221961009,-15.807943651532549
2016-01-20,25.428704022751337,2.455789536215717,6.607684719439727,1.6376098187025239,-1.0056120023825479,-7.95381794851921
2016-01-21,25.410903765987722,2.613598329191717,6.512972267043981,1.8235126043490633,-1.211795781215543,-7.73745210829144
2016-01-22,25.420051205446445,2.6001243359379638,6.491841280159153,1.6401136791843758,-1.0996175436967728,-7.878737885098474
2016-01-25,25.409326580522084,1.9278448871420764,6.324220528531433,1.69624544312559,-1.2443396696105968,-7.797602618712806
2016-01-26,25.9859155387759,5.702032569376032,12.08503619819841,-4.204028378204393,6.786730823441978,-14.127920398934686
2016-01-27,25.365728438910082,2.8990892801455126,6.197043624057932,2.1331080628868566,-1.7006225849633794,-7.085969716204202
2016-01-28,25.37342577230244,2.701817394578445,6.1791411517768795,1.9984482630261364,-1.6181240010180278,-7.167621664390088
2016-01-29,25.342125989352123,3.0020351895204356,6.14795157337727,2.4088280063888843,-1.9418484322983194,-6.88441374857491
2016-02-01,25.39646747302805,0.7363871582251419,5.982303246857124,1.5743402850162598,-1.3964573804887268,-7.642659540300101
2016-02-02,25.388653799556508,0.6808882153095728,5.956996295976497,1.665834800750241,-1.4786959951182268,-7.537563778819653
2016-02-03,20.428879004500853,0.4558292409496981,-2.949236679199807e-06,21.079122142052576,-20.53981413384829,-99.99712208929775
2016-02-04,25.81298240341364,0.5917593463073334,7.2940012092146,1.371679950845727,1.3599135413943622,-17.53109801790482
2016-02-05,25.658732776504817,0.736697538227802,7.099795065995484,1.4628026306825503,0.4673661779122573,-13.331254899939271
2016-02-08,25.77473295490859,0.6360679499774564,7.525367305017288,0.7136971656965014,1.5509038599792644,-15.298306482268355
2016-02-09,20.400595916504965,0.5600288347497379,5.135050038771668e-05,23.09281607392879,-24.27169591987079,-94.68574246588997
2016-02-10,26.523740410267177,0.6388500514146759,13.353049302798135,-6.0405871114439345,9.829078365114716,-19.126175066449573
2016-02-11,26.720207273818676,0.5287436397250681,14.347569641896621,-7.652539869283341,11.772009035174712,-21.101724555343964
2016-02-12,26.71800996992378,0.54105657695789,14.517258004289276,-7.709461026449908,11.920423444210801,-21.23212578142442
2016-02-15,26.4039525601213,0.7801486287108234,12.972678564987929,-5.314267543122273,8.92511883428473,-18.089293815838882
2016-02-16,26.43544238364594,0.7298780394967492,13.148984160080357,-5.699776802376789,9.314737350162124,-18.396584874485278
2016-02-17,26.49381596541407,0.8929013362679306,13.162200472445369,-4.883497065296408,9.07169993890742,-19.174365484294242
2016-02-18,26.464969289996855,0.928610053654648,13.282459966361294,-5.4605163020978935,9.500797701433633,-19.2891987152244
2016-02-19,26.48762340430001,0.877567130223909,13.245500144185748,-5.515226868685512,9.55485265796105,-19.499513328923598
2016-02-20,26.450828324873516,0.9351169975373256,12.916931689262894,-4.641254205393494,8.737238308138545,-19.016678771087165
2016-02-22,26.19641732458803,0.9100124985571619,11.217326017336896,-2.690426992386139,5.904399591689031,-15.853150337814096
2016-02-24,26.389579164231392,0.7160164207825356,11.962733794275444,-3.608806192538056,7.5311377596856035,-19.369216232981426
2016-02-25,26.285616361245225,0.7814790499388127,11.544922966924657,-2.9571942948703085,6.659268670613965,-18.253306764263492
2016-02-26,26.258531015538775,0.7854457093165415,11.424471181981312,-2.9188594452191436,6.516453963087289,-18.02545437330347
2016-02-29,26.28247292180498,0.7721431206040833,11.56799871003901,-3.235009452290118,6.8720513351849135,-18.459317889887572
2016-03-01,26.25673730308671,0.7744437821430512,11.496177243744633,-3.4378513491785427,6.9421651004323985,-18.418700075036828
2016-03-02,25.57363186939135,1.102819888623816,7.900072696555689,1.201963052415491,0.3325777293371336,-9.730155123776326
2016-03-03,25.732639376112054,0.8129392767893969,8.596320071718363,-0.009583389421528893,1.8424012830299912,-11.597427034743145
2016-03-04,25.6132430358778,1.0889558139277296,8.081251328115272,0.8816316007654268,0.7266420845893784,-10.191589700852555
2016-03-07,25.751576812252427,0.8339574159488082,8.61669118343965,-0.35828704239043363,2.1546583165799613,-12.123686387603666
2016-03-09,25.64062554075402,1.1110591700464165,8.20559071486034,0.5208814659299564,1.0760043803667902,-10.474003294938846
2016-03-10,25.635157875646875,1.0643589563786335,8.142360623040666,0.4809154474225799,1.046261031776422,-10.500708275297933
2016-03-11,25.607861320644336,1.0550731852079358,7.9681711544344065,0.5605063528656181,0.8231570995713251,-10.178930145908623
2016-03-14,25.757489346559094,0.8030857802523558,8.680075556368847,-0.568704822098835,2.3084416128921883,-12.048619231603988
2016-03-15,25.676636598681892,1.0975224164414177,8.42595003937981,0.23966829808684498,1.4542255245801932,-10.889132351227994
2016-03-16,25.716692906654693,1.0712801627209663,8.639155597985674,-0.20747297208690502,1.9462366956318138,-11.371827238244752
2016-03-17,26.3893926299179,0.006361495308755315,12.28686516166489,-8.62979179729709,10.654820409673881,-20.245860751612557
2016-03-18,25.723348576113896,1.1109617380064225,8.650373021719084,-0.6106717057622404,2.2504186057353137,-11.761150406171458
2016-03-21,25.71352085010969,1.108905520739215,8.614301333350934,-0.5726854013005389,2.168276590053825,-11.554998316395222
2016-03-22,25.704333487729905,1.0515077404507749,8.498431502420999,-0.5456836391191415,2.069867334021656,-11.516443977704524
2016-03-23,25.711923384540935,1.0569858900618072,8.532923157441754,-0.46870823824530394,2.0704746751384007,-11.626950822470123
2016-03-24,25.67111662623204,1.2985820148486171,8.41173023978476,-0.0408579604590863,1.624356906332138,-11.04255543420672
2016-03-25,25.648923701785733,1.2872826336980563,8.23589817589045,0.0834958441337776,1.4012585065317626,-10.87741317885862
2016-03-28,25.72969197111341,1.2477068199360164,8.769420474825493,-0.6784082321621329,2.37970428048731,-11.931299973435568
2016-03-29,25.694173341096455,1.2751599637356703,8.539777767268042,-0.36509522870922845,1.964393863548033,-11.4281666200643
2016-03-30,25.689591174968204,1.2856698901139256,8.504595729922322,-0.4594080132407743,1.9976600763882637,-11.447904756741652
2016-03-31,25.818519221670066,0.7895850875109137,9.05888035989183,-1.8448613702708092,3.5298892320462967,-13.307551790535669
2016-04-01,25.739069448295346,1.2864521634209376,8.839330853874976,-0.9307020408416082,2.623590984201397,-12.21227249463821
2016-04-04,25.762780399869456,1.1746103603442999,8.949711533125324,-1.2667787518064386,2.9673815732897078,-12.610489536870245
2016-04-05,25.868049517736182,0.7559034680814983,9.401449958308477,-2.4295003297904194,4.237791016306795,-14.018891897571885
2016-04-06,26.287238070829382,1.6785464607421339,12.83563157694557,-3.921572117436349,8.012303837902357,-17.63956157247312
2016-04-07,26.288737501526548,1.6096290419573356,12.714668332838976,-3.6800880608630986,7.741797140845032,-17.466587997902046
2016-04-08,26.49337637524503,0.7897317985425077,13.439545621966442,-6.397270207254735,10.396222456192213,-20.282761278997345
2016-04-11,26.2710901462734,1.5318621754083448,12.727769442556427,-4.162419919475641,8.103006180895969,-17.714495619052215
2016-04-12,26.449017754186176,0.7965596127342663,13.265911753579205,-6.376058531578389,10.262556038038584,-20.212594573410573
2016-04-13,26.42954575594901,0.8562198911577864,13.217809208571296,-6.153488602883795,10.054466742456446,-19.955341544403332
2016-04-14,26.316894640480726,1.5218966207397395,12.988649254590703,-4.478386531973727,8.562008612076509,-18.448089803350758
2016-04-15,26.271139648421613,1.514279297849053,12.784696024162214,-4.365417532195001,8.311971524017231,-17.990320528221197
2016-04-18,26.285404766443634,1.4586684392366993,12.874005044018554,-4.591909423551408,8.54965353723974,-18.253829212760877
2016-04-19,26.412140639247767,0.9306930580459482,13.373153232186016,-6.378997469093056,10.341977707495335,-20.282099124383787
2016-04-20,26.028279069595065,1.2061297656387873,10.83319500404444,-2.7648554696465246,5.562848775194753,-14.91703459321429
2016-04-21,25.97935924588166,1.4034624903916988,10.573253700015474,-2.0815507976995464,4.870606126922931,-14.305594276640266
2016-04-22,26.033245996139954,1.2669898052228126,10.844853445495371,-2.6288666437120343,5.484618567702867,-14.984719594797266
2016-04-25,26.060654826310316,1.1508067047646464,11.01263891448944,-3.14561591091062,6.0127787553409195,-15.483319979305415
2016-04-26,26.061738006571073,1.1439132753359558,11.024609776772204,-3.1817018416765537,6.051089273890497,-15.532501962580518
2016-04-27,26.282199440344886,0.6702951302463647,12.109906012678314,-5.600592695403423,8.76221690882376,-18.47897902310521
2016-04-28,25.99853206834039,1.3801210829972816,10.664973016475269,-2.3988656930019445,5.221641493829328,-14.776915658763471
2016-04-29,26.213099289105326,0.6564575809591053,11.703399548656574,-5.358574275660548,8.234672022702085,-17.968628070694578
2016-05-04,26.256952988170074,0.6869229387141053,12.071982939738769,-5.859119405331251,8.91607073505302,-18.760650448759176
2016-05-05,26.205142410182592,0.6654407100275395,11.668321544728279,-5.4913377134550965,8.330005497620675,-18.185339138545196
2016-05-06,25.999529404243855,1.1859890737012617,10.707623003717714,-3.1709682177373653,5.789447861484162,-15.383304318577038
2016-05-10,25.958646224961303,1.102613097928932,10.416503716187494,-3.1735480092932438,5.5538400570589594,-15.152334491045371
2016-05-11,26.151206309488394,0.6641981739987579,11.528042087422037,-5.6556627940391255,8.324785345223557,-18.171275452184098
2016-05-12,25.93683233510333,1.1184107924803623,10.277276038551117,-3.20679347929551,5.474591911940238,-15.096556985187883
2016-05-13,25.926805827532736,1.154183107355879,10.272982143032047,-3.1749663033161895,5.446025027942794,-15.06199048340972
2016-05-16,26.403718115761258,0.30673594994939135,13.997140146929471,-10.921744357227617,13.96612389268988,-23.53913953409679
2016-05-17,25.984419379857314,0.9648116446841932,10.73854324486219,-4.293017931109316,6.636275019564157,-16.24456544524612
2016-05-18,25.892496506645788,2.5964603179286465,10.69888686415126,-2.2374664773542774,4.924042185937705,-14.189011817052606
2016-05-19,25.858667447621375,1.5146124319194691,9.830246626397582,-2.0576059204679535,4.276781330055929,-13.562167647832895
2016-05-20,26.597308801094194,0.005660065572606367,13.720575241832885,-11.002828163230314,13.760114879266657,-24.290235290654106
2016-05-23,25.906256412002467,2.551770924159364,10.850128556422083,-2.5192062426670416,5.26706684576348,-14.573972282410228
2016-05-24,26.418285684603468,0.0032771346624093462,12.952934000834949,-10.607324019363041,12.836764093089196,-22.644961979023126
2016-05-25,26.01428165522044,2.9505742434298075,11.942598735934736,-3.475778221464068,6.801520942352347,-16.1585942855844
2016-05-26,26.010525424521163,2.8995514812488357,11.899127220086623,-3.5190715469123433,6.783808245986199,-16.12775229443645
2016-05-27,26.29311195612859,0.1132201064127093,11.982675480184604,-8.493791573849261,10.642087246496304,-20.591941086276893
2016-05-30,25.820661470343865,1.687061472943644,9.843856233392195,-2.406166081400541,4.487050126358042,-13.658329427344123
2016-05-31,25.832784123252114,1.4886322356890727,9.825791939893342,-2.638351900718235,4.654684524017159,-13.891808275779608
2016-06-01,27.19366547082508,6.314878413581749,21.826905431959464,-13.363396491456594,20.806265332285026,-28.366459101835957
2016-06-02,26.375518191982277,5.424327981048815,15.357587658216989,-6.273707145125833,10.81464558811632,-20.150984228183262
2016-06-03,26.165322815743334,4.408751072301868,12.86341036619098,-4.373188268344695,7.833062593123076,-15.891209126886707
2016-06-06,26.355119080712925,5.671246894760767,15.789585153096407,-7.125520182527702,11.60396095000904,-20.7984487065043
2016-06-07,25.96712269237944,4.164568903185779,11.58360737302419,-3.5059952760521798,6.215700101427754,-14.251371993268421
2016-06-08,26.057390600917877,0.001407627859682601,10.554892232075591,-7.238410799743782,8.262679725649003,-16.68510609557204
2016-06-09,25.969935057897395,5.9992643024260606e-05,9.752082748024554,-6.179245401984518,6.928040071736658,-15.569029720255191
2016-06-10,27.08834279999242,7.079813083261248,24.44622829452977,-16.572206115422084,24.82788663505902,-32.79762799865776
2016-06-14,26.90016855816984,5.9841937470011235,21.715797431523733,-13.335992174593176,20.68959155622077,-29.625741834408135
2016-06-15,29.77645863465855,10.083262927788907,39.33251647983535,-31.5734489615855,45.408338979183064,-53.907322998296074
2016-06-16,25.913992769999734,4.639580736071584,11.496837196301872,-3.1231455785979443,5.54787873984503,-14.757134164367471
2016-06-17,27.982698244994772,7.35934696441159,27.75498848695068,-19.275951860527783,28.47164650798739,-37.9500131802993
2016-06-20,25.8810996831643,4.046592865058957,11.265170873149705,-3.3708525589732616,5.817565510167631,-14.569846114825424
2016-06-21,26.286304588567372,5.880274675746619,15.436012989609274,-7.245793364804338,11.357511852901052,-20.249547753642243
2016-06-22,26.617284995979418,6.576996531913909,19.577374201162318,-10.229634117733191,15.973023719689042,-28.945586376672694
2016-06-23,26.55409465535682,6.4778396442276875,18.956442389669597,-9.866882103109528,15.365609873342006,-27.61835186680708
2016-06-24,26.35490434818777,5.574542112363689,16.050019163880997,-8.2477621276186,12.844451617344635,-20.617127995074522
2016-06-27,26.341101960157715,6.209869169201201,16.430677294358325,-8.690030445390626,13.095613188697758,-21.245873954259743
2016-06-28,26.38738372316825,5.752184380015402,17.272068628766455,-9.187183297765753,14.228229790206877,-23.529545031786583
2016-06-29,26.155768145608043,5.279696156944866,14.445849119485203,-6.6460478878443014,10.457815112824923,-18.99850392404585
2016-06-30,26.34367460790901,5.853193112649263,17.205381963932723,-9.294927999349131,14.21002182118172,-23.538413717762637
2016-07-01,26.769270655284004,8.47431280124548,22.110289706115655,-15.067021933240929,21.679238796114873,-29.45248710493828
2016-07-04,29.885597924319136,6.798490847976235,29.430856444085855,-19.430299903646883,29.676844253398574,-44.52747562560583
2016-07-05,27.10162632727785,9.16808425072465,24.460394224625166,-17.469238846465927,25.222832515015572,-33.22810099637576
2016-07-06,25.716852547544036,2.5850498291805746,9.053020272511663,-1.3757828815344575,3.1256454631724897,-12.349974668815047
2016-07-07,25.670638056097502,2.9268395664022027,8.762097594469603,-1.2064419020874135,2.6683207640068884,-11.68517523196638
2016-07-08,25.69295582534713,2.683996566062445,8.99644971959837,-1.6038177210502358,3.193741730437131,-12.285644997423795
2016-07-11,25.67581821046703,2.465240346435096,8.819382807821249,-1.6332794024040271,3.0724491258334847,-12.168888301058459
2016-07-12,25.73231936696897,3.2514075502056006,9.333062179567694,-1.590078508218447,3.312423267746864,-13.158239390927578
2016-07-13,25.711346133325954,2.828843633432098,9.281055392794821,-1.9026122899050704,3.5976014796453586,-12.581092237932868
2016-07-14,25.559348343746393,0.8872339817024534,6.906841796003144,-0.7717436053237114,1.0084729920577902,-10.248394137275877
2016-07-15,25.96075615490896,9.510224362777476e-05,9.637238806510261,-6.61915308467843,7.347001253015994,-17.025890568574294
2016-07-18,26.042151071461678,0.011114133576112802,10.486836486328189,-7.997090226381286,9.09765699914171,-19.011542340702384
2016-07-19,26.033100919777795,0.014838177112769533,10.413833724646539,-7.8995894968388045,8.981290618155573,-18.917400337315357
2016-07-20,25.74683360390206,0.2245581506073797,8.089704524499718,-3.635735307729031,4.060478745036549,-13.396828745226307
2016-07-21,25.735385177896095,3.062988489549184,9.597209601592354,-2.1011687626248268,3.9564585804630146,-13.543783987358553
2016-07-22,25.764069545789894,0.23042173299662616,8.234813212322704,-3.816474097896367,4.323699061487428,-13.746228098257166
2016-07-25,25.8243670599942,0.269087604353395,9.07122363138122,-5.139275236464529,5.96317807693083,-15.22300492900134
2016-07-26,26.01653939456666,0.15719687793567297,10.936331856977109,-8.443038049867571,9.838767376467151,-19.48432521315693
2016-07-27,25.630900555600206,0.3949188741072119,7.574440024529732,-2.54457495609048,2.850069035091831,-11.786110067607797
2016-07-28,25.618445732715692,0.4431341459626589,7.5022522952018456,-2.4248305102709677,2.6990560730993884,-11.631550549571607
2016-07-29,25.421152519332438,0.911936232185913,5.640394908808235,0.8107257211115002,-1.1031548937144662,-8.118389055555056
2016-08-01,25.541531638381617,2.5107578357269107,7.463913048728584,-0.3134009914940907,1.0066033739522986,-10.171466666079422
2016-08-02,25.673571660539917,0.3016312798274385,7.8746446605938525,-3.418879404124824,3.636571391799174,-12.531243157151856
2016-08-03,25.408782514938537,0.9933743290142257,5.837937905748799,1.2820577094189143,-1.2830592783647994,-7.94499597475919
2016-08-04,25.400967714848637,0.8515156474213634,5.740924860359422,1.320145873779418,-1.3814295575491367,-7.842804548355465
2016-08-05,25.401144069454794,0.8684157344900754,5.716281372040955,1.2921178360342955,-1.3802186375557866,-7.852020503850269
2016-08-08,25.510825664436542,0.824975618030232,6.17687270412673,0.5273934263878526,-0.18577265169964244,-10.599784922786602
2016-08-09,25.40388241402902,0.9221378019265918,5.660009371130878,1.1880199122411703,-1.3487655441011126,-7.904947205513633
2016-08-10,26.046547137755578,0.4515645000258377,11.138573140452465,-6.228317982655893,8.07899323829648,-16.858123726152254
2016-08-11,26.006076388794625,0.4302079905342092,10.694888489919947,-5.587293932467967,7.214658136377524,-16.162024995215063
2016-08-12,26.39086956052959,0.0010113141691349473,13.203206335469016,-10.634164509009127,12.739168837244232,-21.892404106123426
2016-08-15,26.05075794996441,0.43510141245296796,11.155705354505116,-6.340386267018474,8.216750588903734,-17.120331661224842
2016-08-16,26.00610597772351,0.4387514864730116,10.933834140801615,-6.1687749160208,7.873952386235108,-16.64169074979039
2016-08-17,26.18418150163802,0.5855417740482064,11.670079814585899,-6.031539206383237,8.714358402212303,-18.792866636717054
2016-08-18,26.176265750860676,0.5748402068116827,11.664953760899825,-6.160732330691833,8.792726677592626,-18.848361399693133
2016-08-19,25.963905151288685,0.8155647048922906,10.297309085002848,-3.7691326538443666,5.8957416776330716,-15.75253890869308
2016-08-22,25.992368357114245,0.8840554853524052,10.629422756987317,-4.187152752023579,6.461567864133723,-16.299209055527257
2016-08-23,25.977415947781463,0.799652161812179,10.380863329420094,-3.9747913587034067,6.146550103866563,-16.121982326645192
2016-08-24,25.803554317719655,0.687801328650317,8.839579524528316,-1.443958439593621,3.1640881822088796,-13.909252181235958
2016-08-25,25.926838539735108,0.6102079762204862,9.58484451138968,-2.6965290772223764,4.741975992765117,-15.74237250123225
2016-08-26,25.69301786042053,0.6711259834649603,8.22915239440218,-1.2491642061700825,2.3636833671676665,-12.56024428974378
2016-08-29,25.922360996675753,0.6078739186196016,9.573797530393005,-2.765287516928358,4.788040898853189,-15.842203810397864
2016-08-30,25.71291226557103,0.6857319275351368,8.340992578247999,-1.4562037910143024,2.6429071811438885,-12.894684584122794
2016-08-31,25.417154855721485,0.9350846402878312,6.367931215479395,1.6169078200490796,-1.1543628922758105,-7.846137067347886
2016-09-01,25.40686793730331,1.070411690178384,6.31653566555603,1.6281621827065889,-1.2340761014448371,-7.766078634638011
2016-09-02,25.669062614058067,0.6031491942209315,7.995021515890602,-0.9838339743791454,1.9541534447539821,-11.630012823108526
2016-09-05,25.417725136793337,1.1090545504138216,6.371170262878028,1.6008410493886356,-1.144620126270141,-7.888709465050654
2016-09-06,25.600142813066753,0.6645232706731233,7.557622201349584,-0.4468967138826195,1.2055466683388523,-10.701808915797885
2016-09-07,25.418422982592148,1.1110383164743962,6.299352651428488,1.5214791133833754,-1.1391867928136594,-7.921043108899195
2016-09-08,25.60134434120117,0.6627012936968992,7.52667063154604,-0.6122323793715223,1.308458593227348,-10.802835668403711
2016-09-09,25.418753647076674,1.075499096191662,6.187140620781764,1.3525266215411267,-1.1178788767098864,-7.9577742779963385
2016-09-12,25.574714573914758,0.6302362022323107,7.416643485004416,-0.8504143558660867,1.277090024282756,-10.498990879521887
2016-09-13,25.606679014546387,0.6424927314953041,7.591868106033095,-0.944413940044472,1.5572301071485275,-10.993936024620924
2016-09-14,25.504269693153844,0.9041136742340987,6.94693751610745,0.2574200485687713,0.14764797331164115,-9.446313397266035
2016-09-15,25.661862497586938,0.6531976367243477,7.927500198525137,-1.2234053727126195,2.113083913412783,-11.761102752711016
2016-09-16,25.566229719746044,0.9104738663393372,7.382059342167085,-0.07246887674361521,0.8036452819506358,-10.295484808236955
2016-09-19,25.52013456954571,0.8616039062927878,7.051537836998941,-0.05345785782105686,0.4374112534027518,-9.740083198720438
2016-09-20,25.567672773211388,0.9229783207687502,7.3872499291396405,-0.08935886137742438,0.8275150547343525,-10.34459039194155
2016-09-21,25.619668957532323,0.6049962233604425,7.555875506917461,-0.5984933490260391,1.4022787580919942,-11.267181408342388
2016-09-22,25.67051055220327,0.6526170475736859,7.989829317267924,-1.500922735859449,2.3706390716925654,-12.032234021922253
2016-09-23,25.63895859763716,0.9283757096167012,7.806184438593099,-0.48392835540607765,1.5619114601824415,-11.416981230531377
2016-09-26,25.605395321126146,0.8931240828239291,7.603880060141608,-0.5919498151865907,1.401890439115791,-11.104409020210593
2016-09-27,25.60807661312758,0.8736852114508777,7.638147522347402,-0.7284840822353185,1.4985045502509116,-11.079446065199159
2016-09-28,25.739654111380244,0.7106027370677155,8.350255490693472,-1.6253959466892534,2.9246093761947796,-13.350802711463361
2016-09-29,25.745657048236456,0.7045176981593694,8.417177007680928,-1.806391705832556,3.0955516027301178,-13.454598345702404
2016-09-30,25.768520961310728,0.7566386837659012,8.623842587362173,-2.0203933376245184,3.429722652190268,-13.818990045236959
2016-10-03,25.65945922647645,0.8659951917480522,7.781675490154658,-0.954083644886569,1.9913386352577922,-12.549686757121526
2016-10-04,25.625574714317764,0.872765805497164,7.542346674600797,-0.6664078245926913,1.5647723477165365,-11.942706636650925
2016-10-05,26.153050615152043,1.1290238147025333,11.377651341345366,-3.5272152073076564,6.870947637443673,-17.45730160541825
2016-10-06,26.355039910545575,0.8722184459526683,12.417055877565545,-5.338185866018545,9.176594743522594,-20.233773161665184
2016-10-07,26.13547553181211,1.0707760220610316,11.23487804769236,-3.5220749272122047,6.752704043821347,-17.322172692649996
2016-10-10,26.097797914163436,1.0494691115633337,10.892835911549748,-3.2648324276353473,6.367150793778428,-17.203760141992927
2016-10-11,26.196443610678074,1.0735621476789854,11.544284001276875,-3.9244621334619705,7.418499320104692,-18.49633852748533
2016-10-12,26.24731304564252,0.8156463758107838,11.621541840430416,-4.607433320770777,8.05865307393787,-19.243213048272864
2016-10-13,26.118974500210257,1.0239869078900126,11.012933410589007,-3.3992488385265025,6.579389110852997,-17.47052870663946
2016-10-14,26.124627179597184,0.8179803358337485,11.053683150769594,-4.24475066736453,7.219911439408472,-17.984616979149063
2016-10-17,26.084983284944585,1.0029039597678904,10.934488518543972,-3.585321490431614,6.587688470193031,-17.311062309702077
2016-10-18,26.167827392854637,1.0114441581730749,11.372837428807609,-3.877995226323744,7.226439177723644,-18.186830590639712
2016-10-19,25.93850033070095,0.8324414391037439,9.641576597280448,-2.1860877331849102,4.5235120632140395,-14.953369150999482
2016-10-20,25.913565675571313,0.8197485801862905,9.54443141801904,-2.3699198155537036,4.541521617941605,-14.952268331122557
2016-10-21,25.88421241775351,0.8487103475936286,9.429931949649038,-2.223807144586155,4.295020584270994,-14.44656803456063
2016-10-24,26.058867232714572,0.6481824673976627,10.42076996794222,-4.023229354723065,6.553868945401689,-17.26460524398743
2016-10-25,26.07114473011816,0.6404492314862921,10.504956585404956,-4.155282194744498,6.725308456687713,-17.462507830578055
2016-10-26,25.902101656745327,0.7980352402373426,9.48339850191205,-2.4725380571534328,4.567653070620263,-14.966733254643591
2016-10-27,26.08292960652153,0.6547585803774452,10.554360084967813,-4.108206880933571,6.761609148633333,-17.637194015054167
2016-10-28,26.067668755516795,0.6302434022713573,10.449548828767327,-4.0125424468871165,6.587468117870853,-17.367817706597613
2016-10-31,25.95482620138404,0.7778564427398263,9.875558412521796,-3.0310760883353356,5.296797518731994,-15.715897375185083
2016-11-01,25.99076866545871,0.7534314708963615,10.122863247903197,-3.405739165003606,5.784551648618255,-16.299442861082664
2016-11-02,26.220784068633968,0.6461366709416553,11.364491260389613,-5.005775144332916,8.164751320334657,-19.325326080388784
2016-11-03,25.97972040136708,0.7757768989829461,10.072977506326366,-3.3317997930572774,5.687277967640449,-16.174090820894833
2016-11-07,25.97873127870327,0.7655713976925658,10.060820207446174,-3.556921334377447,5.872446554847224,-16.506176596867096
2016-11-08,26.11407599649279,0.6095739022146571,11.070909200355018,-5.345060336543868,8.058830374030356,-18.792724539864682
2016-11-09,26.092676561636015,0.628224454907553,10.859332689975648,-4.943019955663035,7.595301233254204,-18.370653171274768
2016-11-10,26.036845780897902,0.763162681614769,10.507179498127657,-4.033828008467663,6.5697973520248825,-17.16766521981835
2016-11-11,26.197368029829146,0.6316867217270028,11.520542573138307,-5.4912811127291326,8.551551592943857,-19.453334355155263
2016-11-14,26.108811488839862,0.7681587869572256,11.072923195212688,-4.692745373347475,7.527831980090707,-18.280574076761486
2016-11-15,26.22633772396874,0.6332165471112168,11.675670383078838,-5.77020230843095,8.943836209771778,-20.058990284265732
2016-11-16,25.830023227301087,1.3420191370204642,9.434062253406724,-1.7883863399389273,3.8819130311201517,-13.707920105535953
2016-11-17,25.826226686853445,1.3144408003942538,9.379441737582145,-1.8465360107867979,3.8904457024173538,-13.76194112955009
2016-11-18,25.904370264094137,0.9817870813678444,9.786574952431211,-2.9267113307431707,5.0490556019853345,-14.895969612225484
2016-11-21,25.872655123669563,1.3590199145807815,9.732403515840112,-2.1287155021574216,4.431610167649185,-14.438874661764032
2016-11-22,25.890760083439133,1.3398200229193327,9.857345215132423,-2.2991677557716907,4.666530124297606,-14.722310851516744
2016-11-23,25.918060581060846,0.913391543816556,9.876819901698092,-3.244314614662565,5.3763061486377435,-15.329036356567073
2016-11-24,25.923848524152536,0.9547572227678233,9.931044745438438,-3.2651603440845647,5.445210363940427,-15.440873251053143
2016-11-25,25.843105226099624,1.2778350163017487,9.541603388714778,-2.2139619833765636,4.307432482478972,-14.243512819598076
2016-11-28,25.862936560150978,1.2291945800054502,9.694567791573055,-2.5617827537344287,4.693362163296744,-14.688723422725452
2016-11-29,25.86929574821666,1.2070222385684046,9.754247616893087,-2.675729970552543,4.821080309476174,-14.79947758849361
2016-11-30,25.71582028846653,1.9763054326509848,8.789081516450807,-0.4927436112698789,2.3818038728432613,-11.779312632339423
2016-12-01,25.87513429720108,0.3396185255372355,9.00653059023687,-3.4912660338425243,4.773637175462401,-14.108850907710732
2016-12-02,25.672900729657027,2.0588198503126796,8.554855425417982,-0.5369320321292248,2.1408921921325503,-11.320417753505959
2016-12-05,25.952183304508512,0.3602317489253132,9.413951841573207,-3.9149911398195494,5.545268453192548,-15.353506898461688
2016-12-06,25.965106549235003,0.2633301128876407,9.658868414032092,-4.888883329684058,6.326187722498902,-15.840300090705613
2016-12-07,25.720951030630967,1.8543886202404993,8.79508387961753,-0.973763511582431,2.745723275876969,-12.221711678548791
2016-12-08,26.04020893489932,0.25576284010450595,9.978921715889978,-5.298697573211975,7.045667603480633,-17.098081680949498
2016-12-09,25.965371584713424,0.24576488666454407,9.744173525365944,-5.299992643490613,6.702574843794953,-16.287592762025046
2016-12-12,25.766048856384437,0.5362650280397732,8.432247462282241,-2.8984667099952315,3.8428049866371303,-13.524244516868727
2016-12-13,26.21056953150049,0.00027646993182146775,11.532871693866495,-8.970217005719462,10.818171872273505,-21.073718999743413
2016-12-14,25.72324140724956,2.922948506090472,9.13353774232548,-1.1092248505658042,2.8809790006751737,-12.549389748099895
2016-12-15,25.901041443237723,3.3211941571668726,10.599733806191514,-2.291674306307817,4.850180232936875,-14.751928675846134
2016-12-16,25.923408269215805,3.4152611806265205,10.886982132717664,-2.5969416164951022,5.286134097554278,-15.21119780064349
2016-12-19,25.85505542760418,3.3111792700224454,10.33673763281958,-2.1948992546137163,4.583509113131803,-14.298287291331633
2016-12-20,25.850846204780165,3.303942394683952,10.395746112364678,-2.305738573054065,4.7217239288978865,-14.388081161237203
2016-12-21,25.878440544055536,3.2919623738764985,10.786401522185004,-2.7213093284915804,5.335420058457917,-15.027458291110161
2016-12-22,25.9342164875859,3.40636875896776,11.60112678204319,-3.726826109799529,6.71028113705517,-16.02530256399428
2016-12-23,25.86178357295466,2.844999702861892,10.498204150258493,-2.663233964140177,5.223964668549668,-14.658313955292828
2016-12-26,25.778902735547764,2.771619103324336,9.859051751551226,-2.3481538256454653,4.438872485291844,-13.491092665051879
2016-12-27,25.91086774365294,3.2364524337545095,11.469382233543278,-3.8118327882822856,6.708627924638879,-15.977633048560998
2016-12-28,25.856856562309353,3.2344311963109065,10.819501418554525,-3.088660472060843,5.646182005942857,-15.125685999055506
2016-12-29,25.879589329609658,3.2983998030568205,11.126369698933365,-3.417997460705725,6.132142460824781,-15.632207469851513
2016-12-30,25.83830314637005,3.0633774778498633,10.635033176583528,-3.038409301602975,5.5155329553369645,-15.019962508332451
